2025-01-01 00:00:08 [ERROR   ] File not found: /var/data/report_2094.csv
2025-01-01 00:00:13 [WARNING ] Rate limit at 198% for IP 192.168.6624.6945
2025-01-01 00:00:19 [INFO    ] Cache hit ratio at 9587% for the last 60 seconds
2025-01-01 00:00:26 [DEBUG   ] Serializing response object — 729 fields found
2025-01-01 00:00:29 [DEBUG   ] Entering function process_batch() with batch_size=6368
2025-01-01 00:00:30 [ERROR   ] Failed to connect to database after 85 retries — giving up
2025-01-01 00:00:39 [INFO    ] Scheduled job 'cleanup_temp_files' completed in 6882s
2025-01-01 00:00:48 [INFO    ] Scheduled job 'cleanup_temp_files' completed in 6449s
2025-01-01 00:00:53 [INFO    ] Cache hit ratio at 1685% for the last 60 seconds
2025-01-01 00:00:58 [DEBUG   ] Cache miss for key='user_profile_3137' — fetching from DB
2025-01-01 00:01:08 [INFO    ] Database connection pool size: 3239/20
2025-01-01 00:01:13 [INFO    ] New session created — session_id=1359
2025-01-01 00:01:21 [CRITICAL] SSL certificate expires in 1170 hours — immediate action required
2025-01-01 00:01:27 [INFO    ] Cache hit ratio at 8758% for the last 60 seconds
2025-01-01 00:01:30 [INFO    ] Scheduled job 'cleanup_temp_files' completed in 9102s
2025-01-01 00:01:35 [CRITICAL] SYSTEM SHUTDOWN INITIATED — out of memory (used: 9724MB / 512MB)
2025-01-01 00:01:45 [ERROR   ] HTTP 500 returned for request_id=7758 — internal server error
2025-01-01 00:01:48 [ERROR   ] HTTP 500 returned for request_id=1101 — internal server error
2025-01-01 00:01:50 [INFO    ] Config reloaded from disk — version=4178
2025-01-01 00:01:53 [INFO    ] User login successful for user_id=8302
2025-01-01 00:02:00 [INFO    ] Scheduled job 'cleanup_temp_files' completed in 4052s
2025-01-01 00:02:08 [INFO    ] Cache hit ratio at 1176% for the last 60 seconds
2025-01-01 00:02:18 [INFO    ] Database connection pool size: 4483/20
2025-01-01 00:02:26 [INFO    ] Scheduled job 'cleanup_temp_files' completed in 773s
2025-01-01 00:02:28 [INFO    ] Cache hit ratio at 6187% for the last 60 seconds
2025-01-01 00:02:36 [INFO    ] Cache hit ratio at 3487% for the last 60 seconds
2025-01-01 00:02:42 [INFO    ] Config reloaded from disk — version=871
2025-01-01 00:02:52 [WARNING ] Memory usage at 7019MB — approaching soft limit of 512MB
2025-01-01 00:03:02 [INFO    ] Database connection pool size: 92/20
2025-01-01 00:03:04 [ERROR   ] Authentication token expired for user_id=4759
2025-01-01 00:03:10 [WARNING ] Retry attempt 2058 of 3 for downstream service call
2025-01-01 00:03:19 [INFO    ] User login successful for user_id=3356
2025-01-01 00:03:25 [INFO    ] User login successful for user_id=697
2025-01-01 00:03:32 [WARNING ] Deprecated API endpoint /v1/legacy called by client 2391
2025-01-01 00:03:39 [INFO    ] Request processed in 2064ms — endpoint /api/v1/data
2025-01-01 00:03:49 [INFO    ] New session created — session_id=6058
2025-01-01 00:03:58 [WARNING ] Retry attempt 4899 of 3 for downstream service call
2025-01-01 00:04:04 [WARNING ] Memory usage at 3334MB — approaching soft limit of 512MB
2025-01-01 00:04:14 [WARNING ] Response time exceeded threshold: 6413ms (limit: 500ms)
2025-01-01 00:04:17 [ERROR   ] NullPointerException in module payments.processor at line 3256
2025-01-01 00:04:24 [INFO    ] Cache hit ratio at 9668% for the last 60 seconds
2025-01-01 00:04:32 [WARNING ] Retry attempt 3258 of 3 for downstream service call
2025-01-01 00:04:40 [ERROR   ] Failed to connect to database after 9003 retries — giving up
2025-01-01 00:04:42 [INFO    ] Scheduled job 'cleanup_temp_files' completed in 7962s
2025-01-01 00:04:45 [INFO    ] New session created — session_id=2888
2025-01-01 00:04:52 [WARNING ] Deprecated API endpoint /v1/legacy called by client 5064
2025-01-01 00:04:56 [ERROR   ] Unhandled exception in worker thread-4910: IndexError
2025-01-01 00:05:02 [WARNING ] Response time exceeded threshold: 9432ms (limit: 500ms)
2025-01-01 00:05:10 [ERROR   ] HTTP 500 returned for request_id=8202 — internal server error
2025-01-01 00:05:17 [DEBUG   ] SQL query executed: SELECT * FROM orders WHERE id=912 (567ms)
2025-01-01 00:05:20 [INFO    ] Database connection pool size: 2497/20
2025-01-01 00:05:29 [ERROR   ] Authentication token expired for user_id=3440
2025-01-01 00:05:38 [INFO    ] Scheduled job 'cleanup_temp_files' completed in 6721s
2025-01-01 00:05:48 [INFO    ] Cache hit ratio at 1631% for the last 60 seconds
2025-01-01 00:05:55 [ERROR   ] Authentication token expired for user_id=153
2025-01-01 00:06:02 [INFO    ] Scheduled job 'cleanup_temp_files' completed in 3239s
2025-01-01 00:06:04 [INFO    ] User login successful for user_id=7324
2025-01-01 00:06:07 [CRITICAL] SSL certificate expires in 4612 hours — immediate action required
2025-01-01 00:06:09 [INFO    ] Config reloaded from disk — version=3235
2025-01-01 00:06:16 [INFO    ] Database connection pool size: 3997/20
2025-01-01 00:06:17 [DEBUG   ] Serializing response object — 4780 fields found
2025-01-01 00:06:26 [INFO    ] Request processed in 26ms — endpoint /api/v1/data
2025-01-01 00:06:27 [DEBUG   ] Entering function process_batch() with batch_size=1853
2025-01-01 00:06:34 [INFO    ] Database connection pool size: 2803/20
2025-01-01 00:06:40 [INFO    ] Request processed in 5869ms — endpoint /api/v1/data
2025-01-01 00:06:47 [WARNING ] Memory usage at 9368MB — approaching soft limit of 512MB
2025-01-01 00:06:55 [INFO    ] User login successful for user_id=3091
2025-01-01 00:07:05 [INFO    ] Database connection pool size: 6141/20
2025-01-01 00:07:09 [ERROR   ] Unhandled exception in worker thread-1987: IndexError
2025-01-01 00:07:16 [INFO    ] User login successful for user_id=7912
2025-01-01 00:07:24 [WARNING ] Retry attempt 7685 of 3 for downstream service call
2025-01-01 00:07:31 [INFO    ] Database connection pool size: 9305/20
2025-01-01 00:07:35 [INFO    ] Database connection pool size: 2376/20
2025-01-01 00:07:41 [ERROR   ] File not found: /var/data/report_2163.csv
2025-01-01 00:07:51 [ERROR   ] Authentication token expired for user_id=1222
2025-01-01 00:07:54 [ERROR   ] NullPointerException in module payments.processor at line 6323
2025-01-01 00:07:58 [INFO    ] Cache hit ratio at 2947% for the last 60 seconds
2025-01-01 00:08:02 [INFO    ] User login successful for user_id=8073
2025-01-01 00:08:12 [DEBUG   ] Checkpoint reached at loop iteration 8692
2025-01-01 00:08:20 [INFO    ] New session created — session_id=7527
2025-01-01 00:08:30 [INFO    ] Cache hit ratio at 2658% for the last 60 seconds
2025-01-01 00:08:32 [INFO    ] Scheduled job 'cleanup_temp_files' completed in 748s
2025-01-01 00:08:34 [WARNING ] Disk usage at 74% on volume /dev/sda1 — consider cleanup
2025-01-01 00:08:42 [INFO    ] Scheduled job 'cleanup_temp_files' completed in 6621s
2025-01-01 00:08:45 [INFO    ] Cache hit ratio at 6073% for the last 60 seconds
2025-01-01 00:08:50 [ERROR   ] File not found: /var/data/report_3753.csv
2025-01-01 00:08:51 [INFO    ] Config reloaded from disk — version=4737
2025-01-01 00:08:53 [WARNING ] Retry attempt 4118 of 3 for downstream service call
2025-01-01 00:08:55 [WARNING ] Memory usage at 3117MB — approaching soft limit of 512MB
2025-01-01 00:09:04 [INFO    ] Cache hit ratio at 9820% for the last 60 seconds
2025-01-01 00:09:07 [INFO    ] Database connection pool size: 8456/20
2025-01-01 00:09:12 [DEBUG   ] Entering function process_batch() with batch_size=3709
2025-01-01 00:09:21 [WARNING ] Rate limit at 1552% for IP 192.168.7065.6458
2025-01-01 00:09:27 [DEBUG   ] Lock acquired on resource 'invoice_2746' by thread-7972
2025-01-01 00:09:33 [ERROR   ] NullPointerException in module payments.processor at line 6858
2025-01-01 00:09:35 [WARNING ] Disk usage at 8642% on volume /dev/sda1 — consider cleanup
2025-01-01 00:09:45 [DEBUG   ] Cache miss for key='user_profile_5066' — fetching from DB
2025-01-01 00:09:50 [WARNING ] Retry attempt 4319 of 3 for downstream service call
2025-01-01 00:09:56 [INFO    ] Scheduled job 'cleanup_temp_files' completed in 5326s
2025-01-01 00:10:05 [INFO    ] Cache hit ratio at 9885% for the last 60 seconds
2025-01-01 00:10:10 [WARNING ] Deprecated API endpoint /v1/legacy called by client 5018
2025-01-01 00:10:17 [INFO    ] New session created — session_id=1472
2025-01-01 00:10:26 [INFO    ] Request processed in 1042ms — endpoint /api/v1/data
2025-01-01 00:10:29 [WARNING ] Response time exceeded threshold: 9549ms (limit: 500ms)
2025-01-01 00:10:31 [DEBUG   ] Serializing response object — 1380 fields found
2025-01-01 00:10:39 [INFO    ] Config reloaded from disk — version=9741
2025-01-01 00:10:44 [WARNING ] Retry attempt 235 of 3 for downstream service call
2025-01-01 00:10:45 [INFO    ] Scheduled job 'cleanup_temp_files' completed in 1244s
2025-01-01 00:10:55 [ERROR   ] HTTP 500 returned for request_id=218 — internal server error
2025-01-01 00:11:03 [INFO    ] Scheduled job 'cleanup_temp_files' completed in 7648s
2025-01-01 00:11:05 [INFO    ] New session created — session_id=6573
2025-01-01 00:11:15 [INFO    ] Scheduled job 'cleanup_temp_files' completed in 6502s
2025-01-01 00:11:20 [DEBUG   ] Entering function process_batch() with batch_size=8546
2025-01-01 00:11:30 [INFO    ] Request processed in 7518ms — endpoint /api/v1/data
2025-01-01 00:11:31 [WARNING ] Response time exceeded threshold: 1812ms (limit: 500ms)
2025-01-01 00:11:40 [INFO    ] User login successful for user_id=2814
2025-01-01 00:11:43 [ERROR   ] Failed to connect to database after 8420 retries — giving up
2025-01-01 00:11:50 [INFO    ] New session created — session_id=4284
2025-01-01 00:11:57 [WARNING ] Response time exceeded threshold: 8180ms (limit: 500ms)
2025-01-01 00:11:59 [CRITICAL] Primary database unreachable — all writes failing, queue depth: 9498
2025-01-01 00:12:03 [INFO    ] User login successful for user_id=3467
2025-01-01 00:12:06 [ERROR   ] HTTP 500 returned for request_id=4684 — internal server error
2025-01-01 00:12:08 [DEBUG   ] Lock acquired on resource 'invoice_3608' by thread-1824
2025-01-01 00:12:17 [WARNING ] Deprecated API endpoint /v1/legacy called by client 9216
2025-01-01 00:12:21 [CRITICAL] Primary database unreachable — all writes failing, queue depth: 5142
2025-01-01 00:12:28 [INFO    ] New session created — session_id=27
2025-01-01 00:12:33 [DEBUG   ] SQL query executed: SELECT * FROM orders WHERE id=6376 (5466ms)
2025-01-01 00:12:37 [WARNING ] Disk usage at 9592% on volume /dev/sda1 — consider cleanup
2025-01-01 00:12:38 [WARNING ] Memory usage at 2661MB — approaching soft limit of 512MB
2025-01-01 00:12:43 [DEBUG   ] SQL query executed: SELECT * FROM orders WHERE id=5129 (2363ms)
2025-01-01 00:12:50 [INFO    ] Cache hit ratio at 6167% for the last 60 seconds
2025-01-01 00:12:53 [INFO    ] User login successful for user_id=3280
2025-01-01 00:13:01 [WARNING ] Rate limit at 6139% for IP 192.168.1151.5099
2025-01-01 00:13:02 [ERROR   ] Unhandled exception in worker thread-9612: IndexError
2025-01-01 00:13:03 [WARNING ] Retry attempt 2342 of 3 for downstream service call
2025-01-01 00:13:12 [ERROR   ] Failed to connect to database after 2130 retries — giving up
2025-01-01 00:13:14 [INFO    ] Cache hit ratio at 2672% for the last 60 seconds
2025-01-01 00:13:22 [INFO    ] Cache hit ratio at 3829% for the last 60 seconds
2025-01-01 00:13:25 [INFO    ] Cache hit ratio at 458% for the last 60 seconds
2025-01-01 00:13:30 [INFO    ] Database connection pool size: 6179/20
2025-01-01 00:13:37 [INFO    ] New session created — session_id=7680
2025-01-01 00:13:43 [DEBUG   ] Checkpoint reached at loop iteration 8320
2025-01-01 00:13:48 [INFO    ] Scheduled job 'cleanup_temp_files' completed in 5093s
2025-01-01 00:13:51 [ERROR   ] File not found: /var/data/report_5127.csv
2025-01-01 00:14:01 [INFO    ] User login successful for user_id=8792
2025-01-01 00:14:07 [ERROR   ] File not found: /var/data/report_805.csv
2025-01-01 00:14:11 [WARNING ] Rate limit at 5228% for IP 192.168.1794.1825
2025-01-01 00:14:19 [INFO    ] Scheduled job 'cleanup_temp_files' completed in 4223s
2025-01-01 00:14:28 [INFO    ] Request processed in 2495ms — endpoint /api/v1/data
2025-01-01 00:14:33 [WARNING ] Retry attempt 5481 of 3 for downstream service call
2025-01-01 00:14:41 [INFO    ] Database connection pool size: 1073/20
2025-01-01 00:14:46 [INFO    ] Cache hit ratio at 6442% for the last 60 seconds
2025-01-01 00:14:56 [WARNING ] Disk usage at 2217% on volume /dev/sda1 — consider cleanup
2025-01-01 00:15:02 [CRITICAL] SYSTEM SHUTDOWN INITIATED — out of memory (used: 9574MB / 512MB)
2025-01-01 00:15:03 [WARNING ] Rate limit at 1934% for IP 192.168.3203.8416
2025-01-01 00:15:11 [CRITICAL] Data corruption detected in table 'transactions' at row 5020
2025-01-01 00:15:16 [INFO    ] Request processed in 572ms — endpoint /api/v1/data
2025-01-01 00:15:22 [ERROR   ] Unhandled exception in worker thread-7202: IndexError
2025-01-01 00:15:25 [INFO    ] New session created — session_id=3616
2025-01-01 00:15:26 [WARNING ] Disk usage at 1261% on volume /dev/sda1 — consider cleanup
2025-01-01 00:15:29 [INFO    ] Config reloaded from disk — version=6216
2025-01-01 00:15:35 [INFO    ] Scheduled job 'cleanup_temp_files' completed in 7923s
2025-01-01 00:15:40 [INFO    ] Database connection pool size: 2884/20
2025-01-01 00:15:44 [INFO    ] New session created — session_id=8436
2025-01-01 00:15:52 [WARNING ] Response time exceeded threshold: 4790ms (limit: 500ms)
2025-01-01 00:15:53 [ERROR   ] Authentication token expired for user_id=3326
2025-01-01 00:16:03 [INFO    ] Database connection pool size: 1693/20
2025-01-01 00:16:05 [INFO    ] Request processed in 3087ms — endpoint /api/v1/data
2025-01-01 00:16:12 [WARNING ] Rate limit at 958% for IP 192.168.3418.3595
2025-01-01 00:16:22 [WARNING ] Rate limit at 8792% for IP 192.168.4913.4565
2025-01-01 00:16:31 [WARNING ] Disk usage at 1625% on volume /dev/sda1 — consider cleanup
2025-01-01 00:16:35 [ERROR   ] NullPointerException in module payments.processor at line 8542
2025-01-01 00:16:39 [WARNING ] Retry attempt 8126 of 3 for downstream service call
2025-01-01 00:16:43 [INFO    ] Cache hit ratio at 4193% for the last 60 seconds
2025-01-01 00:16:48 [INFO    ] Cache hit ratio at 5067% for the last 60 seconds
2025-01-01 00:16:51 [INFO    ] Request processed in 2255ms — endpoint /api/v1/data
2025-01-01 00:16:55 [WARNING ] Rate limit at 4642% for IP 192.168.4802.9727
2025-01-01 00:17:00 [INFO    ] Request processed in 8093ms — endpoint /api/v1/data
2025-01-01 00:17:09 [WARNING ] Disk usage at 4172% on volume /dev/sda1 — consider cleanup
2025-01-01 00:17:13 [INFO    ] Scheduled job 'cleanup_temp_files' completed in 5738s
2025-01-01 00:17:21 [INFO    ] New session created — session_id=2221
2025-01-01 00:17:26 [INFO    ] Request processed in 9816ms — endpoint /api/v1/data
2025-01-01 00:17:31 [INFO    ] Database connection pool size: 4143/20
2025-01-01 00:17:34 [INFO    ] Database connection pool size: 8975/20
2025-01-01 00:17:35 [INFO    ] Request processed in 6866ms — endpoint /api/v1/data
2025-01-01 00:17:44 [INFO    ] User login successful for user_id=6852
2025-01-01 00:17:45 [WARNING ] Rate limit at 9048% for IP 192.168.6753.246
2025-01-01 00:17:54 [WARNING ] Retry attempt 4015 of 3 for downstream service call
2025-01-01 00:17:55 [DEBUG   ] Cache miss for key='user_profile_2450' — fetching from DB
2025-01-01 00:18:00 [INFO    ] User login successful for user_id=9011
2025-01-01 00:18:09 [INFO    ] New session created — session_id=1883
2025-01-01 00:18:17 [WARNING ] Response time exceeded threshold: 1647ms (limit: 500ms)
2025-01-01 00:18:26 [WARNING ] Disk usage at 5748% on volume /dev/sda1 — consider cleanup
2025-01-01 00:18:29 [INFO    ] User login successful for user_id=8279
2025-01-01 00:18:34 [CRITICAL] SSL certificate expires in 1013 hours — immediate action required
2025-01-01 00:18:36 [ERROR   ] File not found: /var/data/report_8841.csv
2025-01-01 00:18:40 [DEBUG   ] Serializing response object — 7910 fields found
2025-01-01 00:18:46 [WARNING ] Rate limit at 1167% for IP 192.168.1797.1300
2025-01-01 00:18:54 [INFO    ] User login successful for user_id=2404
2025-01-01 00:18:57 [INFO    ] Config reloaded from disk — version=1852
2025-01-01 00:19:03 [INFO    ] User login successful for user_id=3924
2025-01-01 00:19:11 [INFO    ] New session created — session_id=1744
2025-01-01 00:19:15 [INFO    ] New session created — session_id=631
2025-01-01 00:19:19 [CRITICAL] SSL certificate expires in 5000 hours — immediate action required
2025-01-01 00:19:23 [CRITICAL] Data corruption detected in table 'transactions' at row 2366
2025-01-01 00:19:30 [WARNING ] Deprecated API endpoint /v1/legacy called by client 5793
2025-01-01 00:19:34 [INFO    ] Cache hit ratio at 7655% for the last 60 seconds
2025-01-01 00:19:40 [CRITICAL] SYSTEM SHUTDOWN INITIATED — out of memory (used: 3599MB / 512MB)
2025-01-01 00:19:48 [INFO    ] Database connection pool size: 4949/20
2025-01-01 00:19:49 [WARNING ] Rate limit at 4704% for IP 192.168.5356.2075
2025-01-01 00:19:57 [INFO    ] Request processed in 8914ms — endpoint /api/v1/data
2025-01-01 00:20:04 [ERROR   ] Authentication token expired for user_id=1120
2025-01-01 00:20:07 [WARNING ] Retry attempt 6102 of 3 for downstream service call
2025-01-01 00:20:16 [INFO    ] Scheduled job 'cleanup_temp_files' completed in 5884s
2025-01-01 00:20:22 [ERROR   ] Unhandled exception in worker thread-2733: IndexError
2025-01-01 00:20:24 [WARNING ] Deprecated API endpoint /v1/legacy called by client 5410
2025-01-01 00:20:33 [INFO    ] Database connection pool size: 7840/20
2025-01-01 00:20:41 [INFO    ] New session created — session_id=8715
2025-01-01 00:20:42 [WARNING ] Response time exceeded threshold: 9780ms (limit: 500ms)
2025-01-01 00:20:46 [DEBUG   ] Lock acquired on resource 'invoice_67' by thread-2123
2025-01-01 00:20:56 [DEBUG   ] Lock acquired on resource 'invoice_3468' by thread-5749
2025-01-01 00:21:02 [WARNING ] Retry attempt 9561 of 3 for downstream service call
2025-01-01 00:21:03 [INFO    ] Scheduled job 'cleanup_temp_files' completed in 8423s
2025-01-01 00:21:10 [ERROR   ] Unhandled exception in worker thread-3095: IndexError
2025-01-01 00:21:13 [ERROR   ] Authentication token expired for user_id=9803
2025-01-01 00:21:18 [ERROR   ] Unhandled exception in worker thread-239: IndexError
2025-01-01 00:21:23 [WARNING ] Disk usage at 4337% on volume /dev/sda1 — consider cleanup
2025-01-01 00:21:24 [WARNING ] Response time exceeded threshold: 379ms (limit: 500ms)
2025-01-01 00:21:25 [INFO    ] Database connection pool size: 4185/20
2025-01-01 00:21:31 [INFO    ] Request processed in 7931ms — endpoint /api/v1/data
2025-01-01 00:21:37 [INFO    ] Config reloaded from disk — version=5989
2025-01-01 00:21:43 [INFO    ] New session created — session_id=147
2025-01-01 00:21:46 [INFO    ] Config reloaded from disk — version=7345
2025-01-01 00:21:56 [INFO    ] New session created — session_id=6515
2025-01-01 00:22:04 [DEBUG   ] Cache miss for key='user_profile_7522' — fetching from DB
2025-01-01 00:22:13 [INFO    ] Scheduled job 'cleanup_temp_files' completed in 4424s
2025-01-01 00:22:20 [ERROR   ] HTTP 500 returned for request_id=8669 — internal server error
2025-01-01 00:22:30 [DEBUG   ] SQL query executed: SELECT * FROM orders WHERE id=6268 (2917ms)
2025-01-01 00:22:35 [ERROR   ] File not found: /var/data/report_4183.csv
2025-01-01 00:22:43 [ERROR   ] HTTP 500 returned for request_id=6614 — internal server error
2025-01-01 00:22:48 [ERROR   ] File not found: /var/data/report_4179.csv
2025-01-01 00:22:51 [WARNING ] Disk usage at 6670% on volume /dev/sda1 — consider cleanup
2025-01-01 00:23:01 [ERROR   ] Authentication token expired for user_id=4496
2025-01-01 00:23:07 [INFO    ] New session created — session_id=9513
2025-01-01 00:23:08 [WARNING ] Retry attempt 7133 of 3 for downstream service call
2025-01-01 00:23:12 [INFO    ] Database connection pool size: 8994/20
2025-01-01 00:23:21 [WARNING ] Rate limit at 5415% for IP 192.168.384.335
2025-01-01 00:23:28 [INFO    ] Cache hit ratio at 8666% for the last 60 seconds
2025-01-01 00:23:36 [CRITICAL] SYSTEM SHUTDOWN INITIATED — out of memory (used: 6833MB / 512MB)
2025-01-01 00:23:45 [INFO    ] Scheduled job 'cleanup_temp_files' completed in 4464s
2025-01-01 00:23:53 [ERROR   ] Failed to connect to database after 457 retries — giving up
2025-01-01 00:23:59 [WARNING ] Response time exceeded threshold: 5111ms (limit: 500ms)
2025-01-01 00:24:07 [INFO    ] User login successful for user_id=9953
2025-01-01 00:24:09 [INFO    ] Config reloaded from disk — version=4494
2025-01-01 00:24:15 [CRITICAL] SYSTEM SHUTDOWN INITIATED — out of memory (used: 6721MB / 512MB)
2025-01-01 00:24:17 [INFO    ] Cache hit ratio at 8267% for the last 60 seconds
2025-01-01 00:24:22 [WARNING ] Disk usage at 2991% on volume /dev/sda1 — consider cleanup
2025-01-01 00:24:27 [INFO    ] Scheduled job 'cleanup_temp_files' completed in 2567s
2025-01-01 00:24:36 [DEBUG   ] Cache miss for key='user_profile_4770' — fetching from DB
2025-01-01 00:24:42 [DEBUG   ] Entering function process_batch() with batch_size=8947
2025-01-01 00:24:49 [WARNING ] Memory usage at 8932MB — approaching soft limit of 512MB
2025-01-01 00:24:57 [ERROR   ] NullPointerException in module payments.processor at line 1891
2025-01-01 00:25:01 [WARNING ] Rate limit at 6054% for IP 192.168.8949.8861
2025-01-01 00:25:10 [DEBUG   ] Checkpoint reached at loop iteration 1705
2025-01-01 00:25:17 [DEBUG   ] Entering function process_batch() with batch_size=7856
2025-01-01 00:25:25 [INFO    ] New session created — session_id=4891
2025-01-01 00:25:27 [INFO    ] Cache hit ratio at 2955% for the last 60 seconds
2025-01-01 00:25:29 [INFO    ] User login successful for user_id=3765
2025-01-01 00:25:37 [INFO    ] Request processed in 1810ms — endpoint /api/v1/data
2025-01-01 00:25:43 [ERROR   ] File not found: /var/data/report_3927.csv
2025-01-01 00:25:47 [INFO    ] Scheduled job 'cleanup_temp_files' completed in 3435s
2025-01-01 00:25:48 [INFO    ] Scheduled job 'cleanup_temp_files' completed in 4155s
2025-01-01 00:25:51 [ERROR   ] NullPointerException in module payments.processor at line 1367
2025-01-01 00:25:56 [INFO    ] Request processed in 7762ms — endpoint /api/v1/data
2025-01-01 00:25:57 [INFO    ] New session created — session_id=9788
2025-01-01 00:26:05 [INFO    ] Config reloaded from disk — version=5550
2025-01-01 00:26:07 [INFO    ] Scheduled job 'cleanup_temp_files' completed in 8050s
2025-01-01 00:26:11 [CRITICAL] Security breach detected: 2635 failed login attempts from IP 10.0.2342.479
2025-01-01 00:26:17 [WARNING ] Disk usage at 3558% on volume /dev/sda1 — consider cleanup
2025-01-01 00:26:22 [INFO    ] Scheduled job 'cleanup_temp_files' completed in 8005s
2025-01-01 00:26:25 [INFO    ] User login successful for user_id=1437
2025-01-01 00:26:26 [ERROR   ] Authentication token expired for user_id=1198
2025-01-01 00:26:30 [ERROR   ] NullPointerException in module payments.processor at line 3522
2025-01-01 00:26:40 [WARNING ] Memory usage at 5640MB — approaching soft limit of 512MB
2025-01-01 00:26:42 [INFO    ] User login successful for user_id=3054
2025-01-01 00:26:44 [INFO    ] New session created — session_id=4653
2025-01-01 00:26:47 [INFO    ] Database connection pool size: 928/20
2025-01-01 00:26:48 [DEBUG   ] Cache miss for key='user_profile_3785' — fetching from DB
2025-01-01 00:26:54 [WARNING ] Disk usage at 8984% on volume /dev/sda1 — consider cleanup
2025-01-01 00:27:04 [INFO    ] Scheduled job 'cleanup_temp_files' completed in 9559s
2025-01-01 00:27:11 [INFO    ] Request processed in 8540ms — endpoint /api/v1/data
2025-01-01 00:27:13 [INFO    ] New session created — session_id=5160
2025-01-01 00:27:17 [INFO    ] New session created — session_id=2916
2025-01-01 00:27:21 [WARNING ] Memory usage at 9239MB — approaching soft limit of 512MB
2025-01-01 00:27:28 [INFO    ] Scheduled job 'cleanup_temp_files' completed in 7480s
2025-01-01 00:27:30 [ERROR   ] HTTP 500 returned for request_id=7945 — internal server error
2025-01-01 00:27:33 [INFO    ] New session created — session_id=830
2025-01-01 00:27:40 [CRITICAL] SYSTEM SHUTDOWN INITIATED — out of memory (used: 840MB / 512MB)
2025-01-01 00:27:42 [ERROR   ] Authentication token expired for user_id=7409
2025-01-01 00:27:46 [INFO    ] Database connection pool size: 9667/20
2025-01-01 00:27:55 [DEBUG   ] Cache miss for key='user_profile_6246' — fetching from DB
2025-01-01 00:28:02 [CRITICAL] Primary database unreachable — all writes failing, queue depth: 3919
2025-01-01 00:28:06 [WARNING ] Deprecated API endpoint /v1/legacy called by client 4386
2025-01-01 00:28:09 [INFO    ] Config reloaded from disk — version=366
2025-01-01 00:28:15 [CRITICAL] SYSTEM SHUTDOWN INITIATED — out of memory (used: 6921MB / 512MB)
2025-01-01 00:28:22 [INFO    ] Scheduled job 'cleanup_temp_files' completed in 3605s
2025-01-01 00:28:24 [WARNING ] Memory usage at 5353MB — approaching soft limit of 512MB
2025-01-01 00:28:26 [ERROR   ] File not found: /var/data/report_4277.csv
2025-01-01 00:28:34 [DEBUG   ] Serializing response object — 9163 fields found
2025-01-01 00:28:38 [DEBUG   ] Serializing response object — 6671 fields found
2025-01-01 00:28:40 [INFO    ] Request processed in 1101ms — endpoint /api/v1/data
2025-01-01 00:28:46 [INFO    ] Cache hit ratio at 5859% for the last 60 seconds
2025-01-01 00:28:51 [WARNING ] Disk usage at 8238% on volume /dev/sda1 — consider cleanup
2025-01-01 00:28:54 [INFO    ] Database connection pool size: 49/20
2025-01-01 00:28:59 [INFO    ] Config reloaded from disk — version=155
2025-01-01 00:29:09 [DEBUG   ] Cache miss for key='user_profile_814' — fetching from DB
2025-01-01 00:29:11 [INFO    ] Database connection pool size: 2115/20
2025-01-01 00:29:19 [WARNING ] Retry attempt 8524 of 3 for downstream service call
2025-01-01 00:29:28 [WARNING ] Response time exceeded threshold: 7711ms (limit: 500ms)
2025-01-01 00:29:35 [WARNING ] Retry attempt 6453 of 3 for downstream service call
2025-01-01 00:29:40 [DEBUG   ] Serializing response object — 7015 fields found
2025-01-01 00:29:48 [INFO    ] Request processed in 5827ms — endpoint /api/v1/data
2025-01-01 00:29:50 [INFO    ] Scheduled job 'cleanup_temp_files' completed in 7935s
2025-01-01 00:29:57 [INFO    ] Scheduled job 'cleanup_temp_files' completed in 190s
2025-01-01 00:29:58 [INFO    ] New session created — session_id=4381
2025-01-01 00:30:03 [INFO    ] Database connection pool size: 8352/20
2025-01-01 00:30:09 [WARNING ] Disk usage at 1200% on volume /dev/sda1 — consider cleanup
2025-01-01 00:30:11 [WARNING ] Retry attempt 884 of 3 for downstream service call
2025-01-01 00:30:15 [INFO    ] Cache hit ratio at 4383% for the last 60 seconds
2025-01-01 00:30:21 [INFO    ] Scheduled job 'cleanup_temp_files' completed in 3647s
2025-01-01 00:30:26 [INFO    ] Scheduled job 'cleanup_temp_files' completed in 1849s
2025-01-01 00:30:35 [INFO    ] Request processed in 4223ms — endpoint /api/v1/data
2025-01-01 00:30:45 [ERROR   ] Failed to connect to database after 4925 retries — giving up
2025-01-01 00:30:55 [INFO    ] User login successful for user_id=5815
2025-01-01 00:31:04 [WARNING ] Retry attempt 8934 of 3 for downstream service call
2025-01-01 00:31:10 [DEBUG   ] Cache miss for key='user_profile_6363' — fetching from DB
2025-01-01 00:31:12 [INFO    ] Database connection pool size: 1619/20
2025-01-01 00:31:18 [ERROR   ] HTTP 500 returned for request_id=1106 — internal server error
2025-01-01 00:31:23 [DEBUG   ] SQL query executed: SELECT * FROM orders WHERE id=5803 (1327ms)
2025-01-01 00:31:29 [INFO    ] Config reloaded from disk — version=2986
2025-01-01 00:31:32 [WARNING ] Memory usage at 3096MB — approaching soft limit of 512MB
2025-01-01 00:31:39 [ERROR   ] HTTP 500 returned for request_id=1498 — internal server error
2025-01-01 00:31:46 [INFO    ] Database connection pool size: 962/20
2025-01-01 00:31:49 [ERROR   ] HTTP 500 returned for request_id=1393 — internal server error
2025-01-01 00:31:55 [INFO    ] Database connection pool size: 6885/20
2025-01-01 00:31:59 [DEBUG   ] SQL query executed: SELECT * FROM orders WHERE id=8450 (3719ms)
2025-01-01 00:32:01 [INFO    ] Request processed in 3804ms — endpoint /api/v1/data
2025-01-01 00:32:06 [WARNING ] Memory usage at 2929MB — approaching soft limit of 512MB
2025-01-01 00:32:08 [ERROR   ] Failed to connect to database after 6845 retries — giving up
2025-01-01 00:32:17 [ERROR   ] Failed to connect to database after 8773 retries — giving up
2025-01-01 00:32:21 [ERROR   ] Authentication token expired for user_id=5969
2025-01-01 00:32:24 [INFO    ] Config reloaded from disk — version=2317
2025-01-01 00:32:26 [DEBUG   ] Entering function process_batch() with batch_size=1342
2025-01-01 00:32:31 [INFO    ] New session created — session_id=2701
2025-01-01 00:32:36 [INFO    ] User login successful for user_id=5478
2025-01-01 00:32:43 [WARNING ] Memory usage at 4339MB — approaching soft limit of 512MB
2025-01-01 00:32:44 [INFO    ] Config reloaded from disk — version=9563
2025-01-01 00:32:46 [INFO    ] Cache hit ratio at 6559% for the last 60 seconds
2025-01-01 00:32:48 [WARNING ] Deprecated API endpoint /v1/legacy called by client 9946
2025-01-01 00:32:55 [CRITICAL] Data corruption detected in table 'transactions' at row 9829
2025-01-01 00:32:59 [INFO    ] Database connection pool size: 5795/20
2025-01-01 00:33:00 [INFO    ] Request processed in 6331ms — endpoint /api/v1/data
2025-01-01 00:33:04 [ERROR   ] Failed to connect to database after 8425 retries — giving up
2025-01-01 00:33:13 [DEBUG   ] Serializing response object — 9591 fields found
2025-01-01 00:33:14 [WARNING ] Retry attempt 5027 of 3 for downstream service call
2025-01-01 00:33:15 [DEBUG   ] Lock acquired on resource 'invoice_8967' by thread-6020
2025-01-01 00:33:17 [ERROR   ] NullPointerException in module payments.processor at line 545
2025-01-01 00:33:25 [DEBUG   ] Checkpoint reached at loop iteration 8602
2025-01-01 00:33:30 [INFO    ] Config reloaded from disk — version=8907
2025-01-01 00:33:32 [DEBUG   ] Serializing response object — 2162 fields found
2025-01-01 00:33:36 [CRITICAL] SYSTEM SHUTDOWN INITIATED — out of memory (used: 4865MB / 512MB)
2025-01-01 00:33:42 [ERROR   ] File not found: /var/data/report_1358.csv
2025-01-01 00:33:50 [INFO    ] Scheduled job 'cleanup_temp_files' completed in 291s
2025-01-01 00:33:57 [INFO    ] User login successful for user_id=2312
2025-01-01 00:33:58 [INFO    ] Config reloaded from disk — version=5353
2025-01-01 00:34:06 [ERROR   ] File not found: /var/data/report_4682.csv
2025-01-01 00:34:15 [CRITICAL] SSL certificate expires in 6375 hours — immediate action required
2025-01-01 00:34:16 [CRITICAL] Data corruption detected in table 'transactions' at row 6187
2025-01-01 00:34:19 [INFO    ] User login successful for user_id=1400
2025-01-01 00:34:27 [INFO    ] Database connection pool size: 9360/20
2025-01-01 00:34:32 [INFO    ] Scheduled job 'cleanup_temp_files' completed in 9690s
2025-01-01 00:34:39 [CRITICAL] Data corruption detected in table 'transactions' at row 3990
2025-01-01 00:34:48 [WARNING ] Disk usage at 6993% on volume /dev/sda1 — consider cleanup
2025-01-01 00:34:49 [INFO    ] User login successful for user_id=7093
2025-01-01 00:34:58 [INFO    ] User login successful for user_id=548
2025-01-01 00:35:06 [WARNING ] Memory usage at 3085MB — approaching soft limit of 512MB
2025-01-01 00:35:12 [INFO    ] Database connection pool size: 8861/20
2025-01-01 00:35:13 [WARNING ] Response time exceeded threshold: 1271ms (limit: 500ms)
2025-01-01 00:35:17 [ERROR   ] NullPointerException in module payments.processor at line 551
2025-01-01 00:35:24 [ERROR   ] Unhandled exception in worker thread-5517: IndexError
2025-01-01 00:35:29 [ERROR   ] Unhandled exception in worker thread-5782: IndexError
2025-01-01 00:35:35 [ERROR   ] Authentication token expired for user_id=966
2025-01-01 00:35:36 [DEBUG   ] Entering function process_batch() with batch_size=3709
2025-01-01 00:35:38 [WARNING ] Memory usage at 8841MB — approaching soft limit of 512MB
2025-01-01 00:35:41 [WARNING ] Disk usage at 222% on volume /dev/sda1 — consider cleanup
2025-01-01 00:35:48 [WARNING ] Retry attempt 7088 of 3 for downstream service call
2025-01-01 00:35:58 [INFO    ] Config reloaded from disk — version=1864
2025-01-01 00:36:04 [DEBUG   ] Lock acquired on resource 'invoice_7466' by thread-2605
2025-01-01 00:36:12 [INFO    ] New session created — session_id=7846
2025-01-01 00:36:14 [WARNING ] Disk usage at 6735% on volume /dev/sda1 — consider cleanup
2025-01-01 00:36:18 [WARNING ] Rate limit at 1432% for IP 192.168.9001.8071
2025-01-01 00:36:25 [INFO    ] New session created — session_id=4953
2025-01-01 00:36:33 [WARNING ] Response time exceeded threshold: 7415ms (limit: 500ms)
2025-01-01 00:36:37 [INFO    ] Request processed in 9766ms — endpoint /api/v1/data
2025-01-01 00:36:41 [INFO    ] Cache hit ratio at 8563% for the last 60 seconds
2025-01-01 00:36:42 [INFO    ] Scheduled job 'cleanup_temp_files' completed in 8886s
2025-01-01 00:36:52 [INFO    ] Scheduled job 'cleanup_temp_files' completed in 6662s
2025-01-01 00:36:59 [DEBUG   ] SQL query executed: SELECT * FROM orders WHERE id=8453 (3036ms)
2025-01-01 00:37:07 [INFO    ] New session created — session_id=2385
2025-01-01 00:37:08 [INFO    ] Request processed in 1750ms — endpoint /api/v1/data
2025-01-01 00:37:13 [INFO    ] New session created — session_id=6323
2025-01-01 00:37:21 [INFO    ] User login successful for user_id=1629
2025-01-01 00:37:23 [INFO    ] Cache hit ratio at 2372% for the last 60 seconds
2025-01-01 00:37:24 [INFO    ] Request processed in 5574ms — endpoint /api/v1/data
2025-01-01 00:37:25 [INFO    ] Scheduled job 'cleanup_temp_files' completed in 3542s
2025-01-01 00:37:29 [INFO    ] Request processed in 3104ms — endpoint /api/v1/data
2025-01-01 00:37:31 [DEBUG   ] Checkpoint reached at loop iteration 4061
2025-01-01 00:37:34 [INFO    ] New session created — session_id=980
2025-01-01 00:37:38 [INFO    ] Database connection pool size: 6881/20
2025-01-01 00:37:48 [WARNING ] Rate limit at 7342% for IP 192.168.9112.8344
2025-01-01 00:37:55 [INFO    ] Scheduled job 'cleanup_temp_files' completed in 8541s
2025-01-01 00:38:01 [INFO    ] New session created — session_id=1788
2025-01-01 00:38:07 [INFO    ] Scheduled job 'cleanup_temp_files' completed in 9645s
2025-01-01 00:38:10 [WARNING ] Response time exceeded threshold: 2041ms (limit: 500ms)
2025-01-01 00:38:11 [WARNING ] Response time exceeded threshold: 9807ms (limit: 500ms)
2025-01-01 00:38:17 [DEBUG   ] Entering function process_batch() with batch_size=2621
2025-01-01 00:38:22 [ERROR   ] File not found: /var/data/report_6851.csv
2025-01-01 00:38:30 [INFO    ] Request processed in 8474ms — endpoint /api/v1/data
2025-01-01 00:38:32 [DEBUG   ] Lock acquired on resource 'invoice_1033' by thread-2388
2025-01-01 00:38:37 [INFO    ] Cache hit ratio at 3230% for the last 60 seconds
2025-01-01 00:38:41 [INFO    ] Cache hit ratio at 1505% for the last 60 seconds
2025-01-01 00:38:46 [WARNING ] Response time exceeded threshold: 5577ms (limit: 500ms)
2025-01-01 00:38:50 [INFO    ] Database connection pool size: 8150/20
2025-01-01 00:38:57 [ERROR   ] Unhandled exception in worker thread-4800: IndexError
2025-01-01 00:39:06 [INFO    ] Config reloaded from disk — version=7606
2025-01-01 00:39:07 [ERROR   ] Failed to connect to database after 6623 retries — giving up
2025-01-01 00:39:12 [INFO    ] Request processed in 7468ms — endpoint /api/v1/data
2025-01-01 00:39:21 [INFO    ] Request processed in 8010ms — endpoint /api/v1/data
2025-01-01 00:39:30 [INFO    ] New session created — session_id=1334
2025-01-01 00:39:35 [INFO    ] New session created — session_id=485
2025-01-01 00:39:39 [INFO    ] Database connection pool size: 3411/20
2025-01-01 00:39:40 [CRITICAL] Primary database unreachable — all writes failing, queue depth: 1635
2025-01-01 00:39:42 [INFO    ] User login successful for user_id=7237
2025-01-01 00:39:47 [WARNING ] Disk usage at 948% on volume /dev/sda1 — consider cleanup
2025-01-01 00:39:56 [DEBUG   ] Serializing response object — 4074 fields found
2025-01-01 00:40:00 [INFO    ] User login successful for user_id=8090
2025-01-01 00:40:08 [INFO    ] Scheduled job 'cleanup_temp_files' completed in 8218s
2025-01-01 00:40:18 [ERROR   ] Unhandled exception in worker thread-5439: IndexError
2025-01-01 00:40:26 [WARNING ] Disk usage at 1559% on volume /dev/sda1 — consider cleanup
2025-01-01 00:40:27 [WARNING ] Response time exceeded threshold: 9452ms (limit: 500ms)
2025-01-01 00:40:37 [INFO    ] Request processed in 8329ms — endpoint /api/v1/data
2025-01-01 00:40:41 [ERROR   ] Unhandled exception in worker thread-8035: IndexError
2025-01-01 00:40:49 [WARNING ] Response time exceeded threshold: 7751ms (limit: 500ms)
2025-01-01 00:40:51 [WARNING ] Deprecated API endpoint /v1/legacy called by client 1661
2025-01-01 00:40:53 [INFO    ] Request processed in 5013ms — endpoint /api/v1/data
2025-01-01 00:40:56 [INFO    ] Config reloaded from disk — version=5620
2025-01-01 00:41:03 [INFO    ] User login successful for user_id=6987
2025-01-01 00:41:10 [DEBUG   ] Checkpoint reached at loop iteration 3558
2025-01-01 00:41:16 [INFO    ] Cache hit ratio at 919% for the last 60 seconds
2025-01-01 00:41:23 [WARNING ] Memory usage at 6256MB — approaching soft limit of 512MB
2025-01-01 00:41:27 [INFO    ] Config reloaded from disk — version=4199
2025-01-01 00:41:33 [ERROR   ] Unhandled exception in worker thread-5698: IndexError
2025-01-01 00:41:37 [WARNING ] Response time exceeded threshold: 85ms (limit: 500ms)
2025-01-01 00:41:44 [INFO    ] Scheduled job 'cleanup_temp_files' completed in 611s
2025-01-01 00:41:46 [WARNING ] Rate limit at 686% for IP 192.168.3657.7381
2025-01-01 00:41:49 [WARNING ] Disk usage at 262% on volume /dev/sda1 — consider cleanup
2025-01-01 00:41:56 [INFO    ] Cache hit ratio at 8781% for the last 60 seconds
2025-01-01 00:42:00 [DEBUG   ] Checkpoint reached at loop iteration 4130
2025-01-01 00:42:03 [INFO    ] User login successful for user_id=2986
2025-01-01 00:42:04 [CRITICAL] Primary database unreachable — all writes failing, queue depth: 2471
2025-01-01 00:42:13 [INFO    ] Request processed in 427ms — endpoint /api/v1/data
2025-01-01 00:42:17 [INFO    ] Config reloaded from disk — version=766
2025-01-01 00:42:26 [INFO    ] Database connection pool size: 9875/20
2025-01-01 00:42:34 [ERROR   ] Authentication token expired for user_id=3379
2025-01-01 00:42:41 [INFO    ] User login successful for user_id=1429
2025-01-01 00:42:43 [WARNING ] Disk usage at 8018% on volume /dev/sda1 — consider cleanup
2025-01-01 00:42:50 [INFO    ] Cache hit ratio at 9600% for the last 60 seconds
2025-01-01 00:43:00 [INFO    ] New session created — session_id=9388
2025-01-01 00:43:10 [ERROR   ] Failed to connect to database after 4995 retries — giving up
2025-01-01 00:43:19 [INFO    ] Database connection pool size: 1254/20
2025-01-01 00:43:28 [INFO    ] Config reloaded from disk — version=8114
2025-01-01 00:43:34 [WARNING ] Response time exceeded threshold: 5434ms (limit: 500ms)
2025-01-01 00:43:43 [INFO    ] Request processed in 7039ms — endpoint /api/v1/data
2025-01-01 00:43:52 [ERROR   ] Unhandled exception in worker thread-1963: IndexError
2025-01-01 00:44:00 [INFO    ] User login successful for user_id=5087
2025-01-01 00:44:09 [WARNING ] Memory usage at 6522MB — approaching soft limit of 512MB
2025-01-01 00:44:13 [INFO    ] New session created — session_id=9091
2025-01-01 00:44:16 [WARNING ] Disk usage at 7429% on volume /dev/sda1 — consider cleanup
2025-01-01 00:44:23 [INFO    ] Config reloaded from disk — version=3036
2025-01-01 00:44:24 [INFO    ] Cache hit ratio at 6411% for the last 60 seconds
2025-01-01 00:44:26 [INFO    ] User login successful for user_id=5907
2025-01-01 00:44:29 [WARNING ] Retry attempt 4229 of 3 for downstream service call
2025-01-01 00:44:32 [INFO    ] Config reloaded from disk — version=289
2025-01-01 00:44:38 [INFO    ] Config reloaded from disk — version=3562
2025-01-01 00:44:47 [ERROR   ] NullPointerException in module payments.processor at line 6142
2025-01-01 00:44:48 [ERROR   ] Failed to connect to database after 1801 retries — giving up
2025-01-01 00:44:49 [CRITICAL] Data corruption detected in table 'transactions' at row 6023
2025-01-01 00:44:51 [INFO    ] New session created — session_id=5986
2025-01-01 00:44:56 [INFO    ] Scheduled job 'cleanup_temp_files' completed in 3351s
2025-01-01 00:45:06 [ERROR   ] File not found: /var/data/report_2119.csv
2025-01-01 00:45:09 [WARNING ] Deprecated API endpoint /v1/legacy called by client 6709
2025-01-01 00:45:12 [INFO    ] Cache hit ratio at 7304% for the last 60 seconds
2025-01-01 00:45:16 [WARNING ] Rate limit at 5161% for IP 192.168.9917.6481
2025-01-01 00:45:24 [WARNING ] Memory usage at 964MB — approaching soft limit of 512MB
2025-01-01 00:45:33 [INFO    ] Config reloaded from disk — version=3732
2025-01-01 00:45:35 [INFO    ] Scheduled job 'cleanup_temp_files' completed in 3242s
2025-01-01 00:45:45 [WARNING ] Deprecated API endpoint /v1/legacy called by client 6668
2025-01-01 00:45:54 [CRITICAL] Primary database unreachable — all writes failing, queue depth: 8394
2025-01-01 00:46:04 [ERROR   ] NullPointerException in module payments.processor at line 5842
2025-01-01 00:46:08 [DEBUG   ] Entering function process_batch() with batch_size=9466
2025-01-01 00:46:10 [ERROR   ] Failed to connect to database after 7310 retries — giving up
2025-01-01 00:46:11 [INFO    ] Config reloaded from disk — version=6887
2025-01-01 00:46:13 [ERROR   ] File not found: /var/data/report_6810.csv
2025-01-01 00:46:14 [ERROR   ] Authentication token expired for user_id=8836
2025-01-01 00:46:16 [INFO    ] Config reloaded from disk — version=2175
2025-01-01 00:46:20 [WARNING ] Rate limit at 4393% for IP 192.168.5875.4347
2025-01-01 00:46:30 [INFO    ] Request processed in 8400ms — endpoint /api/v1/data
2025-01-01 00:46:32 [ERROR   ] File not found: /var/data/report_5620.csv
2025-01-01 00:46:37 [CRITICAL] Data corruption detected in table 'transactions' at row 1731
2025-01-01 00:46:39 [WARNING ] Deprecated API endpoint /v1/legacy called by client 731
2025-01-01 00:46:40 [INFO    ] Database connection pool size: 6836/20
2025-01-01 00:46:43 [ERROR   ] File not found: /var/data/report_7735.csv
2025-01-01 00:46:50 [INFO    ] Scheduled job 'cleanup_temp_files' completed in 9406s
2025-01-01 00:46:55 [ERROR   ] HTTP 500 returned for request_id=512 — internal server error
2025-01-01 00:46:59 [WARNING ] Deprecated API endpoint /v1/legacy called by client 8589
2025-01-01 00:47:01 [ERROR   ] Failed to connect to database after 1421 retries — giving up
2025-01-01 00:47:11 [DEBUG   ] SQL query executed: SELECT * FROM orders WHERE id=4957 (1938ms)
2025-01-01 00:47:21 [INFO    ] Scheduled job 'cleanup_temp_files' completed in 1102s
2025-01-01 00:47:27 [INFO    ] Request processed in 7285ms — endpoint /api/v1/data
2025-01-01 00:47:32 [INFO    ] Database connection pool size: 698/20
2025-01-01 00:47:33 [INFO    ] Scheduled job 'cleanup_temp_files' completed in 3952s
2025-01-01 00:47:42 [WARNING ] Rate limit at 8607% for IP 192.168.4827.3359
2025-01-01 00:47:52 [INFO    ] Scheduled job 'cleanup_temp_files' completed in 5847s
2025-01-01 00:48:02 [DEBUG   ] SQL query executed: SELECT * FROM orders WHERE id=2675 (7821ms)
2025-01-01 00:48:04 [WARNING ] Disk usage at 1905% on volume /dev/sda1 — consider cleanup
2025-01-01 00:48:08 [INFO    ] Scheduled job 'cleanup_temp_files' completed in 899s
2025-01-01 00:48:11 [ERROR   ] Unhandled exception in worker thread-4180: IndexError
2025-01-01 00:48:17 [CRITICAL] Data corruption detected in table 'transactions' at row 5916
2025-01-01 00:48:19 [ERROR   ] File not found: /var/data/report_8625.csv
2025-01-01 00:48:22 [INFO    ] Database connection pool size: 456/20
2025-01-01 00:48:25 [DEBUG   ] Lock acquired on resource 'invoice_9476' by thread-6647
2025-01-01 00:48:27 [ERROR   ] Failed to connect to database after 7973 retries — giving up
2025-01-01 00:48:29 [INFO    ] Database connection pool size: 588/20
2025-01-01 00:48:35 [INFO    ] User login successful for user_id=8118
2025-01-01 00:48:38 [DEBUG   ] Checkpoint reached at loop iteration 9306
2025-01-01 00:48:41 [INFO    ] Cache hit ratio at 9212% for the last 60 seconds
2025-01-01 00:48:48 [INFO    ] User login successful for user_id=8577
2025-01-01 00:48:53 [CRITICAL] Primary database unreachable — all writes failing, queue depth: 6627
2025-01-01 00:49:03 [INFO    ] New session created — session_id=7270
2025-01-01 00:49:04 [WARNING ] Retry attempt 8685 of 3 for downstream service call
2025-01-01 00:49:14 [WARNING ] Rate limit at 1833% for IP 192.168.5377.4870
2025-01-01 00:49:16 [INFO    ] User login successful for user_id=7623
2025-01-01 00:49:18 [INFO    ] User login successful for user_id=8572
2025-01-01 00:49:28 [WARNING ] Retry attempt 845 of 3 for downstream service call
2025-01-01 00:49:34 [INFO    ] Cache hit ratio at 4411% for the last 60 seconds
2025-01-01 00:49:39 [INFO    ] Config reloaded from disk — version=3752
2025-01-01 00:49:41 [INFO    ] Scheduled job 'cleanup_temp_files' completed in 1939s
2025-01-01 00:49:42 [INFO    ] Scheduled job 'cleanup_temp_files' completed in 658s
2025-01-01 00:49:50 [INFO    ] Scheduled job 'cleanup_temp_files' completed in 2792s
2025-01-01 00:49:52 [WARNING ] Retry attempt 1420 of 3 for downstream service call
2025-01-01 00:50:02 [INFO    ] Config reloaded from disk — version=3262
2025-01-01 00:50:05 [INFO    ] Scheduled job 'cleanup_temp_files' completed in 5196s
2025-01-01 00:50:14 [WARNING ] Deprecated API endpoint /v1/legacy called by client 1602
2025-01-01 00:50:15 [INFO    ] Config reloaded from disk — version=4184
2025-01-01 00:50:17 [INFO    ] Cache hit ratio at 3239% for the last 60 seconds
2025-01-01 00:50:26 [CRITICAL] Primary database unreachable — all writes failing, queue depth: 372
2025-01-01 00:50:27 [DEBUG   ] Cache miss for key='user_profile_5256' — fetching from DB
2025-01-01 00:50:33 [ERROR   ] HTTP 500 returned for request_id=5098 — internal server error
2025-01-01 00:50:37 [INFO    ] New session created — session_id=9009
2025-01-01 00:50:42 [WARNING ] Memory usage at 9872MB — approaching soft limit of 512MB
2025-01-01 00:50:52 [DEBUG   ] Serializing response object — 226 fields found
2025-01-01 00:51:00 [INFO    ] User login successful for user_id=3238
2025-01-01 00:51:10 [WARNING ] Retry attempt 8557 of 3 for downstream service call
2025-01-01 00:51:18 [INFO    ] Database connection pool size: 3079/20
2025-01-01 00:51:26 [INFO    ] User login successful for user_id=9578
2025-01-01 00:51:31 [INFO    ] New session created — session_id=549
2025-01-01 00:51:39 [INFO    ] Scheduled job 'cleanup_temp_files' completed in 2048s
2025-01-01 00:51:42 [INFO    ] New session created — session_id=8232
2025-01-01 00:51:50 [ERROR   ] Failed to connect to database after 6188 retries — giving up
2025-01-01 00:51:57 [INFO    ] Request processed in 5552ms — endpoint /api/v1/data
2025-01-01 00:52:04 [CRITICAL] Data corruption detected in table 'transactions' at row 7586
2025-01-01 00:52:10 [ERROR   ] Unhandled exception in worker thread-7470: IndexError
2025-01-01 00:52:20 [WARNING ] Response time exceeded threshold: 3320ms (limit: 500ms)
2025-01-01 00:52:21 [INFO    ] Request processed in 9861ms — endpoint /api/v1/data
2025-01-01 00:52:22 [ERROR   ] Authentication token expired for user_id=4627
2025-01-01 00:52:26 [WARNING ] Deprecated API endpoint /v1/legacy called by client 6313
2025-01-01 00:52:34 [DEBUG   ] Entering function process_batch() with batch_size=1705
2025-01-01 00:52:40 [ERROR   ] Authentication token expired for user_id=6667
2025-01-01 00:52:44 [INFO    ] Config reloaded from disk — version=7168
2025-01-01 00:52:52 [WARNING ] Disk usage at 5722% on volume /dev/sda1 — consider cleanup
2025-01-01 00:53:00 [INFO    ] Cache hit ratio at 1131% for the last 60 seconds
2025-01-01 00:53:09 [DEBUG   ] Lock acquired on resource 'invoice_118' by thread-4042
2025-01-01 00:53:18 [DEBUG   ] Serializing response object — 7412 fields found
2025-01-01 00:53:26 [ERROR   ] File not found: /var/data/report_8712.csv
2025-01-01 00:53:32 [WARNING ] Disk usage at 5361% on volume /dev/sda1 — consider cleanup
2025-01-01 00:53:33 [ERROR   ] HTTP 500 returned for request_id=5260 — internal server error
2025-01-01 00:53:38 [INFO    ] Database connection pool size: 9596/20
2025-01-01 00:53:39 [DEBUG   ] Entering function process_batch() with batch_size=5810
2025-01-01 00:53:48 [DEBUG   ] Entering function process_batch() with batch_size=6053
2025-01-01 00:53:53 [INFO    ] New session created — session_id=2431
2025-01-01 00:53:58 [ERROR   ] NullPointerException in module payments.processor at line 3581
2025-01-01 00:54:05 [ERROR   ] Authentication token expired for user_id=720
2025-01-01 00:54:13 [INFO    ] Database connection pool size: 7276/20
2025-01-01 00:54:15 [ERROR   ] Failed to connect to database after 2381 retries — giving up
2025-01-01 00:54:24 [CRITICAL] Security breach detected: 5037 failed login attempts from IP 10.0.1693.2603
2025-01-01 00:54:30 [WARNING ] Response time exceeded threshold: 363ms (limit: 500ms)
2025-01-01 00:54:39 [WARNING ] Retry attempt 7244 of 3 for downstream service call
2025-01-01 00:54:48 [ERROR   ] Authentication token expired for user_id=4051
2025-01-01 00:54:54 [INFO    ] Scheduled job 'cleanup_temp_files' completed in 9276s
2025-01-01 00:55:03 [INFO    ] Request processed in 8784ms — endpoint /api/v1/data
2025-01-01 00:55:13 [WARNING ] Memory usage at 5950MB — approaching soft limit of 512MB
2025-01-01 00:55:22 [INFO    ] User login successful for user_id=7679
2025-01-01 00:55:29 [INFO    ] Cache hit ratio at 5720% for the last 60 seconds
2025-01-01 00:55:34 [INFO    ] User login successful for user_id=9426
2025-01-01 00:55:37 [INFO    ] Request processed in 4447ms — endpoint /api/v1/data
2025-01-01 00:55:43 [INFO    ] User login successful for user_id=7614
2025-01-01 00:55:53 [WARNING ] Memory usage at 4257MB — approaching soft limit of 512MB
2025-01-01 00:55:59 [INFO    ] User login successful for user_id=6020
2025-01-01 00:56:03 [INFO    ] Request processed in 3470ms — endpoint /api/v1/data
2025-01-01 00:56:11 [INFO    ] Scheduled job 'cleanup_temp_files' completed in 4986s
2025-01-01 00:56:16 [WARNING ] Disk usage at 8183% on volume /dev/sda1 — consider cleanup
2025-01-01 00:56:22 [ERROR   ] Authentication token expired for user_id=1744
2025-01-01 00:56:28 [INFO    ] Database connection pool size: 3969/20
2025-01-01 00:56:29 [WARNING ] Rate limit at 343% for IP 192.168.130.3588
2025-01-01 00:56:34 [DEBUG   ] Entering function process_batch() with batch_size=3861
2025-01-01 00:56:36 [ERROR   ] Failed to connect to database after 3505 retries — giving up
2025-01-01 00:56:45 [INFO    ] Database connection pool size: 4440/20
2025-01-01 00:56:55 [INFO    ] Request processed in 3410ms — endpoint /api/v1/data
2025-01-01 00:57:02 [ERROR   ] NullPointerException in module payments.processor at line 9518
2025-01-01 00:57:03 [INFO    ] Database connection pool size: 5832/20
2025-01-01 00:57:08 [INFO    ] Request processed in 4531ms — endpoint /api/v1/data
2025-01-01 00:57:18 [WARNING ] Retry attempt 4334 of 3 for downstream service call
2025-01-01 00:57:20 [INFO    ] Request processed in 4419ms — endpoint /api/v1/data
2025-01-01 00:57:22 [INFO    ] Database connection pool size: 7157/20
2025-01-01 00:57:26 [DEBUG   ] Lock acquired on resource 'invoice_7462' by thread-7792
2025-01-01 00:57:30 [INFO    ] Config reloaded from disk — version=1409
2025-01-01 00:57:36 [INFO    ] User login successful for user_id=3917
2025-01-01 00:57:40 [INFO    ] Request processed in 2136ms — endpoint /api/v1/data
2025-01-01 00:57:41 [INFO    ] New session created — session_id=1529
2025-01-01 00:57:48 [DEBUG   ] SQL query executed: SELECT * FROM orders WHERE id=2415 (8500ms)
2025-01-01 00:57:50 [INFO    ] User login successful for user_id=4475
2025-01-01 00:57:59 [WARNING ] Response time exceeded threshold: 1334ms (limit: 500ms)
2025-01-01 00:58:09 [INFO    ] New session created — session_id=6115
2025-01-01 00:58:12 [WARNING ] Rate limit at 7252% for IP 192.168.7952.8589
2025-01-01 00:58:15 [ERROR   ] Authentication token expired for user_id=2963
2025-01-01 00:58:17 [DEBUG   ] Entering function process_batch() with batch_size=106
2025-01-01 00:58:26 [INFO    ] New session created — session_id=9046
2025-01-01 00:58:29 [INFO    ] Config reloaded from disk — version=2969
2025-01-01 00:58:32 [WARNING ] Disk usage at 5137% on volume /dev/sda1 — consider cleanup
2025-01-01 00:58:42 [ERROR   ] Authentication token expired for user_id=7195
2025-01-01 00:58:50 [INFO    ] Scheduled job 'cleanup_temp_files' completed in 2096s
2025-01-01 00:58:56 [WARNING ] Deprecated API endpoint /v1/legacy called by client 6998
2025-01-01 00:58:57 [INFO    ] Scheduled job 'cleanup_temp_files' completed in 1131s
2025-01-01 00:58:58 [WARNING ] Retry attempt 909 of 3 for downstream service call
2025-01-01 00:58:59 [ERROR   ] File not found: /var/data/report_4405.csv
2025-01-01 00:59:07 [WARNING ] Disk usage at 9933% on volume /dev/sda1 — consider cleanup
2025-01-01 00:59:16 [INFO    ] New session created — session_id=6482
2025-01-01 00:59:18 [WARNING ] Rate limit at 5044% for IP 192.168.7637.4215
2025-01-01 00:59:21 [INFO    ] New session created — session_id=5179
2025-01-01 00:59:22 [WARNING ] Memory usage at 7614MB — approaching soft limit of 512MB
2025-01-01 00:59:30 [INFO    ] User login successful for user_id=1549
2025-01-01 00:59:40 [ERROR   ] Failed to connect to database after 6541 retries — giving up
2025-01-01 00:59:48 [ERROR   ] HTTP 500 returned for request_id=2071 — internal server error
2025-01-01 00:59:56 [INFO    ] User login successful for user_id=7229
2025-01-01 00:59:59 [INFO    ] Database connection pool size: 7850/20
2025-01-01 01:00:07 [ERROR   ] HTTP 500 returned for request_id=8419 — internal server error
2025-01-01 01:00:15 [INFO    ] Database connection pool size: 6384/20
2025-01-01 01:00:19 [INFO    ] Database connection pool size: 3252/20
2025-01-01 01:00:29 [WARNING ] Rate limit at 7773% for IP 192.168.9190.2544
2025-01-01 01:00:31 [CRITICAL] Data corruption detected in table 'transactions' at row 596
2025-01-01 01:00:34 [CRITICAL] Data corruption detected in table 'transactions' at row 6901
2025-01-01 01:00:35 [INFO    ] Database connection pool size: 7397/20
2025-01-01 01:00:42 [ERROR   ] Authentication token expired for user_id=9121
2025-01-01 01:00:48 [INFO    ] Request processed in 566ms — endpoint /api/v1/data
2025-01-01 01:00:49 [INFO    ] Config reloaded from disk — version=403
2025-01-01 01:00:58 [CRITICAL] Data corruption detected in table 'transactions' at row 2749
2025-01-01 01:01:06 [INFO    ] Request processed in 2500ms — endpoint /api/v1/data
2025-01-01 01:01:13 [ERROR   ] Authentication token expired for user_id=8893
2025-01-01 01:01:14 [INFO    ] Scheduled job 'cleanup_temp_files' completed in 6563s
2025-01-01 01:01:16 [ERROR   ] HTTP 500 returned for request_id=3888 — internal server error
2025-01-01 01:01:19 [WARNING ] Disk usage at 7060% on volume /dev/sda1 — consider cleanup
2025-01-01 01:01:24 [INFO    ] Scheduled job 'cleanup_temp_files' completed in 5744s
2025-01-01 01:01:34 [INFO    ] User login successful for user_id=2794
2025-01-01 01:01:42 [INFO    ] Config reloaded from disk — version=6198
2025-01-01 01:01:44 [WARNING ] Response time exceeded threshold: 6505ms (limit: 500ms)
2025-01-01 01:01:48 [WARNING ] Disk usage at 8449% on volume /dev/sda1 — consider cleanup
2025-01-01 01:01:57 [ERROR   ] HTTP 500 returned for request_id=8649 — internal server error
2025-01-01 01:02:06 [INFO    ] Cache hit ratio at 6390% for the last 60 seconds
2025-01-01 01:02:08 [INFO    ] Scheduled job 'cleanup_temp_files' completed in 7579s
2025-01-01 01:02:17 [WARNING ] Retry attempt 7011 of 3 for downstream service call
2025-01-01 01:02:18 [INFO    ] Cache hit ratio at 8485% for the last 60 seconds
2025-01-01 01:02:20 [INFO    ] Config reloaded from disk — version=3110
2025-01-01 01:02:25 [WARNING ] Retry attempt 3439 of 3 for downstream service call
2025-01-01 01:02:33 [INFO    ] Database connection pool size: 7975/20
2025-01-01 01:02:40 [INFO    ] User login successful for user_id=8445
2025-01-01 01:02:41 [ERROR   ] Failed to connect to database after 7165 retries — giving up
2025-01-01 01:02:43 [WARNING ] Response time exceeded threshold: 1451ms (limit: 500ms)
2025-01-01 01:02:47 [INFO    ] Request processed in 9013ms — endpoint /api/v1/data
2025-01-01 01:02:57 [WARNING ] Retry attempt 4908 of 3 for downstream service call
2025-01-01 01:02:58 [WARNING ] Rate limit at 2187% for IP 192.168.6821.7506
2025-01-01 01:03:00 [WARNING ] Rate limit at 6939% for IP 192.168.6275.3673
2025-01-01 01:03:01 [DEBUG   ] SQL query executed: SELECT * FROM orders WHERE id=5527 (1269ms)
2025-01-01 01:03:09 [INFO    ] Database connection pool size: 4991/20
2025-01-01 01:03:12 [INFO    ] Database connection pool size: 5478/20
2025-01-01 01:03:22 [WARNING ] Memory usage at 265MB — approaching soft limit of 512MB
2025-01-01 01:03:23 [INFO    ] Request processed in 1307ms — endpoint /api/v1/data
2025-01-01 01:03:26 [INFO    ] Cache hit ratio at 3048% for the last 60 seconds
2025-01-01 01:03:28 [ERROR   ] Unhandled exception in worker thread-2195: IndexError
2025-01-01 01:03:36 [ERROR   ] Failed to connect to database after 567 retries — giving up
2025-01-01 01:03:39 [INFO    ] Cache hit ratio at 6543% for the last 60 seconds
2025-01-01 01:03:46 [INFO    ] User login successful for user_id=2958
2025-01-01 01:03:47 [ERROR   ] NullPointerException in module payments.processor at line 5262
2025-01-01 01:03:57 [INFO    ] Cache hit ratio at 2437% for the last 60 seconds
2025-01-01 01:04:07 [WARNING ] Deprecated API endpoint /v1/legacy called by client 1296
2025-01-01 01:04:08 [WARNING ] Response time exceeded threshold: 7573ms (limit: 500ms)
2025-01-01 01:04:11 [WARNING ] Disk usage at 3689% on volume /dev/sda1 — consider cleanup
2025-01-01 01:04:16 [INFO    ] Config reloaded from disk — version=674
2025-01-01 01:04:17 [INFO    ] Cache hit ratio at 5992% for the last 60 seconds
2025-01-01 01:04:26 [INFO    ] User login successful for user_id=8554
2025-01-01 01:04:35 [INFO    ] New session created — session_id=3698
2025-01-01 01:04:36 [WARNING ] Disk usage at 5282% on volume /dev/sda1 — consider cleanup
2025-01-01 01:04:43 [DEBUG   ] Serializing response object — 7537 fields found
2025-01-01 01:04:49 [CRITICAL] SYSTEM SHUTDOWN INITIATED — out of memory (used: 8134MB / 512MB)
2025-01-01 01:04:57 [ERROR   ] File not found: /var/data/report_167.csv
2025-01-01 01:05:04 [WARNING ] Memory usage at 769MB — approaching soft limit of 512MB
2025-01-01 01:05:12 [INFO    ] Request processed in 6899ms — endpoint /api/v1/data
2025-01-01 01:05:14 [INFO    ] New session created — session_id=651
2025-01-01 01:05:20 [WARNING ] Retry attempt 1523 of 3 for downstream service call
2025-01-01 01:05:22 [INFO    ] Request processed in 8576ms — endpoint /api/v1/data
2025-01-01 01:05:28 [CRITICAL] SYSTEM SHUTDOWN INITIATED — out of memory (used: 5806MB / 512MB)
2025-01-01 01:05:34 [INFO    ] Request processed in 7396ms — endpoint /api/v1/data
2025-01-01 01:05:44 [WARNING ] Disk usage at 1710% on volume /dev/sda1 — consider cleanup
2025-01-01 01:05:51 [WARNING ] Rate limit at 2566% for IP 192.168.3375.1587
2025-01-01 01:05:52 [INFO    ] Database connection pool size: 617/20
2025-01-01 01:06:02 [ERROR   ] Failed to connect to database after 5887 retries — giving up
2025-01-01 01:06:06 [WARNING ] Retry attempt 510 of 3 for downstream service call
2025-01-01 01:06:16 [ERROR   ] Unhandled exception in worker thread-6671: IndexError
2025-01-01 01:06:22 [CRITICAL] Primary database unreachable — all writes failing, queue depth: 2028
2025-01-01 01:06:25 [WARNING ] Response time exceeded threshold: 5165ms (limit: 500ms)
2025-01-01 01:06:29 [INFO    ] New session created — session_id=6435
2025-01-01 01:06:37 [INFO    ] Database connection pool size: 5613/20
2025-01-01 01:06:38 [CRITICAL] SYSTEM SHUTDOWN INITIATED — out of memory (used: 2447MB / 512MB)
2025-01-01 01:06:46 [WARNING ] Disk usage at 3809% on volume /dev/sda1 — consider cleanup
2025-01-01 01:06:47 [DEBUG   ] Checkpoint reached at loop iteration 5030
2025-01-01 01:06:51 [INFO    ] Config reloaded from disk — version=3366
2025-01-01 01:06:57 [INFO    ] Cache hit ratio at 3483% for the last 60 seconds
2025-01-01 01:07:06 [INFO    ] User login successful for user_id=2066
2025-01-01 01:07:10 [ERROR   ] File not found: /var/data/report_4427.csv
2025-01-01 01:07:13 [INFO    ] Scheduled job 'cleanup_temp_files' completed in 4144s
2025-01-01 01:07:23 [INFO    ] Cache hit ratio at 208% for the last 60 seconds
2025-01-01 01:07:33 [DEBUG   ] SQL query executed: SELECT * FROM orders WHERE id=7161 (2197ms)
2025-01-01 01:07:35 [ERROR   ] Failed to connect to database after 2507 retries — giving up
2025-01-01 01:07:42 [INFO    ] User login successful for user_id=3070
2025-01-01 01:07:49 [INFO    ] Database connection pool size: 3416/20
2025-01-01 01:07:57 [INFO    ] Request processed in 9408ms — endpoint /api/v1/data
2025-01-01 01:07:58 [WARNING ] Retry attempt 6824 of 3 for downstream service call
2025-01-01 01:08:00 [DEBUG   ] SQL query executed: SELECT * FROM orders WHERE id=2620 (1396ms)
2025-01-01 01:08:01 [ERROR   ] File not found: /var/data/report_331.csv
2025-01-01 01:08:02 [INFO    ] New session created — session_id=6794
2025-01-01 01:08:12 [ERROR   ] Unhandled exception in worker thread-8778: IndexError
2025-01-01 01:08:21 [INFO    ] User login successful for user_id=6046
2025-01-01 01:08:24 [WARNING ] Disk usage at 7538% on volume /dev/sda1 — consider cleanup
2025-01-01 01:08:32 [ERROR   ] File not found: /var/data/report_5883.csv
2025-01-01 01:08:36 [INFO    ] Config reloaded from disk — version=8520
2025-01-01 01:08:44 [WARNING ] Rate limit at 1764% for IP 192.168.7564.4140
2025-01-01 01:08:52 [INFO    ] Scheduled job 'cleanup_temp_files' completed in 179s
2025-01-01 01:09:01 [ERROR   ] Failed to connect to database after 694 retries — giving up
2025-01-01 01:09:11 [DEBUG   ] Entering function process_batch() with batch_size=8700
2025-01-01 01:09:17 [CRITICAL] SSL certificate expires in 8907 hours — immediate action required
2025-01-01 01:09:23 [INFO    ] New session created — session_id=8744
2025-01-01 01:09:26 [INFO    ] Config reloaded from disk — version=6663
2025-01-01 01:09:36 [INFO    ] Request processed in 9957ms — endpoint /api/v1/data
2025-01-01 01:09:39 [ERROR   ] NullPointerException in module payments.processor at line 7381
2025-01-01 01:09:43 [INFO    ] User login successful for user_id=8846
2025-01-01 01:09:46 [INFO    ] Cache hit ratio at 9434% for the last 60 seconds
2025-01-01 01:09:56 [ERROR   ] HTTP 500 returned for request_id=4349 — internal server error
2025-01-01 01:09:57 [INFO    ] Request processed in 8239ms — endpoint /api/v1/data
2025-01-01 01:10:07 [CRITICAL] Security breach detected: 3288 failed login attempts from IP 10.0.9798.3962
2025-01-01 01:10:13 [ERROR   ] File not found: /var/data/report_2867.csv
2025-01-01 01:10:23 [WARNING ] Disk usage at 3266% on volume /dev/sda1 — consider cleanup
2025-01-01 01:10:29 [CRITICAL] Security breach detected: 2765 failed login attempts from IP 10.0.8426.9767
2025-01-01 01:10:30 [ERROR   ] Unhandled exception in worker thread-2134: IndexError
2025-01-01 01:10:39 [INFO    ] Cache hit ratio at 7589% for the last 60 seconds
2025-01-01 01:10:45 [INFO    ] New session created — session_id=1127
2025-01-01 01:10:47 [INFO    ] Config reloaded from disk — version=3783
2025-01-01 01:10:55 [INFO    ] User login successful for user_id=2844
2025-01-01 01:11:03 [INFO    ] Request processed in 7364ms — endpoint /api/v1/data
2025-01-01 01:11:08 [INFO    ] New session created — session_id=4964
2025-01-01 01:11:14 [INFO    ] Scheduled job 'cleanup_temp_files' completed in 3403s
2025-01-01 01:11:15 [INFO    ] Database connection pool size: 7008/20
2025-01-01 01:11:23 [WARNING ] Rate limit at 6672% for IP 192.168.4554.9760
2025-01-01 01:11:31 [INFO    ] Scheduled job 'cleanup_temp_files' completed in 2883s
2025-01-01 01:11:36 [INFO    ] New session created — session_id=6611
2025-01-01 01:11:45 [INFO    ] Database connection pool size: 1995/20
2025-01-01 01:11:46 [WARNING ] Disk usage at 2376% on volume /dev/sda1 — consider cleanup
2025-01-01 01:11:55 [INFO    ] Scheduled job 'cleanup_temp_files' completed in 6074s
2025-01-01 01:11:58 [WARNING ] Retry attempt 901 of 3 for downstream service call
2025-01-01 01:12:07 [DEBUG   ] SQL query executed: SELECT * FROM orders WHERE id=1186 (4949ms)
2025-01-01 01:12:12 [WARNING ] Retry attempt 4777 of 3 for downstream service call
2025-01-01 01:12:22 [ERROR   ] HTTP 500 returned for request_id=5719 — internal server error
2025-01-01 01:12:23 [INFO    ] Cache hit ratio at 1840% for the last 60 seconds
2025-01-01 01:12:26 [INFO    ] Config reloaded from disk — version=5468
2025-01-01 01:12:31 [INFO    ] New session created — session_id=1019
2025-01-01 01:12:33 [INFO    ] Cache hit ratio at 9832% for the last 60 seconds
2025-01-01 01:12:36 [INFO    ] New session created — session_id=5777
2025-01-01 01:12:38 [INFO    ] Scheduled job 'cleanup_temp_files' completed in 8185s
2025-01-01 01:12:48 [INFO    ] Config reloaded from disk — version=5810
2025-01-01 01:12:57 [INFO    ] Config reloaded from disk — version=4103
2025-01-01 01:13:04 [INFO    ] User login successful for user_id=316
2025-01-01 01:13:09 [INFO    ] Scheduled job 'cleanup_temp_files' completed in 235s
2025-01-01 01:13:12 [DEBUG   ] Checkpoint reached at loop iteration 2231
2025-01-01 01:13:15 [DEBUG   ] Lock acquired on resource 'invoice_755' by thread-7464
2025-01-01 01:13:21 [INFO    ] Scheduled job 'cleanup_temp_files' completed in 6228s
2025-01-01 01:13:24 [INFO    ] Scheduled job 'cleanup_temp_files' completed in 98s
2025-01-01 01:13:29 [WARNING ] Disk usage at 5902% on volume /dev/sda1 — consider cleanup
2025-01-01 01:13:35 [ERROR   ] Unhandled exception in worker thread-7806: IndexError
2025-01-01 01:13:39 [INFO    ] Config reloaded from disk — version=4321
2025-01-01 01:13:45 [INFO    ] User login successful for user_id=8604
2025-01-01 01:13:48 [WARNING ] Deprecated API endpoint /v1/legacy called by client 7
2025-01-01 01:13:55 [WARNING ] Deprecated API endpoint /v1/legacy called by client 1535
2025-01-01 01:13:56 [ERROR   ] NullPointerException in module payments.processor at line 3653
2025-01-01 01:14:03 [ERROR   ] Unhandled exception in worker thread-957: IndexError
2025-01-01 01:14:12 [ERROR   ] Authentication token expired for user_id=3235
2025-01-01 01:14:13 [INFO    ] User login successful for user_id=2066
2025-01-01 01:14:23 [INFO    ] Config reloaded from disk — version=2468
2025-01-01 01:14:33 [WARNING ] Rate limit at 5925% for IP 192.168.8758.937
2025-01-01 01:14:38 [CRITICAL] Data corruption detected in table 'transactions' at row 7612
2025-01-01 01:14:47 [INFO    ] Scheduled job 'cleanup_temp_files' completed in 8357s
2025-01-01 01:14:56 [INFO    ] Request processed in 6106ms — endpoint /api/v1/data
2025-01-01 01:15:03 [ERROR   ] Failed to connect to database after 6775 retries — giving up
2025-01-01 01:15:12 [INFO    ] Cache hit ratio at 5895% for the last 60 seconds
2025-01-01 01:15:13 [DEBUG   ] Lock acquired on resource 'invoice_8044' by thread-5818
2025-01-01 01:15:19 [ERROR   ] File not found: /var/data/report_3842.csv
2025-01-01 01:15:25 [WARNING ] Deprecated API endpoint /v1/legacy called by client 3050
2025-01-01 01:15:26 [INFO    ] Config reloaded from disk — version=3827
2025-01-01 01:15:28 [WARNING ] Rate limit at 4762% for IP 192.168.9567.2390
2025-01-01 01:15:34 [WARNING ] Retry attempt 3849 of 3 for downstream service call
2025-01-01 01:15:38 [ERROR   ] HTTP 500 returned for request_id=7879 — internal server error
2025-01-01 01:15:42 [DEBUG   ] SQL query executed: SELECT * FROM orders WHERE id=7991 (4047ms)
2025-01-01 01:15:49 [INFO    ] Request processed in 4042ms — endpoint /api/v1/data
2025-01-01 01:15:51 [ERROR   ] Unhandled exception in worker thread-8272: IndexError
2025-01-01 01:16:01 [WARNING ] Response time exceeded threshold: 7349ms (limit: 500ms)
2025-01-01 01:16:05 [DEBUG   ] SQL query executed: SELECT * FROM orders WHERE id=5759 (5565ms)
2025-01-01 01:16:10 [WARNING ] Retry attempt 6837 of 3 for downstream service call
2025-01-01 01:16:15 [INFO    ] Cache hit ratio at 6092% for the last 60 seconds
2025-01-01 01:16:25 [INFO    ] Scheduled job 'cleanup_temp_files' completed in 8174s
2025-01-01 01:16:30 [INFO    ] Cache hit ratio at 2861% for the last 60 seconds
2025-01-01 01:16:39 [INFO    ] Config reloaded from disk — version=63
2025-01-01 01:16:42 [INFO    ] Cache hit ratio at 1067% for the last 60 seconds
2025-01-01 01:16:51 [INFO    ] Cache hit ratio at 1316% for the last 60 seconds
2025-01-01 01:16:52 [WARNING ] Deprecated API endpoint /v1/legacy called by client 5721
2025-01-01 01:16:57 [WARNING ] Rate limit at 8447% for IP 192.168.7482.4370
2025-01-01 01:17:02 [WARNING ] Disk usage at 5422% on volume /dev/sda1 — consider cleanup
2025-01-01 01:17:11 [INFO    ] Config reloaded from disk — version=3104
2025-01-01 01:17:12 [DEBUG   ] Serializing response object — 9820 fields found
2025-01-01 01:17:17 [INFO    ] Config reloaded from disk — version=9745
2025-01-01 01:17:26 [ERROR   ] Authentication token expired for user_id=9426
2025-01-01 01:17:33 [ERROR   ] Unhandled exception in worker thread-6119: IndexError
2025-01-01 01:17:38 [ERROR   ] Failed to connect to database after 121 retries — giving up
2025-01-01 01:17:42 [WARNING ] Memory usage at 1724MB — approaching soft limit of 512MB
2025-01-01 01:17:49 [INFO    ] New session created — session_id=7775
2025-01-01 01:17:50 [WARNING ] Retry attempt 1963 of 3 for downstream service call
2025-01-01 01:17:51 [WARNING ] Memory usage at 5574MB — approaching soft limit of 512MB
2025-01-01 01:17:56 [DEBUG   ] Serializing response object — 9549 fields found
2025-01-01 01:18:06 [INFO    ] User login successful for user_id=3825
2025-01-01 01:18:08 [INFO    ] User login successful for user_id=7238
2025-01-01 01:18:12 [WARNING ] Response time exceeded threshold: 775ms (limit: 500ms)
2025-01-01 01:18:20 [ERROR   ] Authentication token expired for user_id=2876
2025-01-01 01:18:25 [INFO    ] Database connection pool size: 2916/20
2025-01-01 01:18:29 [INFO    ] Config reloaded from disk — version=1092
2025-01-01 01:18:36 [ERROR   ] Failed to connect to database after 825 retries — giving up
2025-01-01 01:18:45 [INFO    ] Cache hit ratio at 2983% for the last 60 seconds
2025-01-01 01:18:55 [INFO    ] Scheduled job 'cleanup_temp_files' completed in 9889s
2025-01-01 01:19:05 [INFO    ] User login successful for user_id=7838
2025-01-01 01:19:08 [INFO    ] Scheduled job 'cleanup_temp_files' completed in 4169s
2025-01-01 01:19:10 [ERROR   ] Authentication token expired for user_id=1012
2025-01-01 01:19:18 [ERROR   ] File not found: /var/data/report_2622.csv
2025-01-01 01:19:24 [INFO    ] Cache hit ratio at 5104% for the last 60 seconds
2025-01-01 01:19:33 [ERROR   ] Unhandled exception in worker thread-3449: IndexError
2025-01-01 01:19:43 [ERROR   ] NullPointerException in module payments.processor at line 7431
2025-01-01 01:19:48 [DEBUG   ] SQL query executed: SELECT * FROM orders WHERE id=6294 (4263ms)
2025-01-01 01:19:58 [CRITICAL] Data corruption detected in table 'transactions' at row 268
2025-01-01 01:20:01 [WARNING ] Memory usage at 9631MB — approaching soft limit of 512MB
2025-01-01 01:20:02 [INFO    ] Cache hit ratio at 7335% for the last 60 seconds
2025-01-01 01:20:07 [WARNING ] Deprecated API endpoint /v1/legacy called by client 3938
2025-01-01 01:20:09 [INFO    ] Config reloaded from disk — version=7005
2025-01-01 01:20:12 [DEBUG   ] SQL query executed: SELECT * FROM orders WHERE id=4868 (8640ms)
2025-01-01 01:20:21 [WARNING ] Retry attempt 6642 of 3 for downstream service call
2025-01-01 01:20:22 [ERROR   ] File not found: /var/data/report_1674.csv
2025-01-01 01:20:23 [INFO    ] Scheduled job 'cleanup_temp_files' completed in 3632s
2025-01-01 01:20:33 [ERROR   ] HTTP 500 returned for request_id=1713 — internal server error
2025-01-01 01:20:35 [INFO    ] Scheduled job 'cleanup_temp_files' completed in 8673s
2025-01-01 01:20:44 [INFO    ] Config reloaded from disk — version=6808
2025-01-01 01:20:50 [CRITICAL] SYSTEM SHUTDOWN INITIATED — out of memory (used: 5616MB / 512MB)
2025-01-01 01:20:52 [INFO    ] Scheduled job 'cleanup_temp_files' completed in 8087s
2025-01-01 01:20:59 [ERROR   ] HTTP 500 returned for request_id=9960 — internal server error
2025-01-01 01:21:00 [INFO    ] Scheduled job 'cleanup_temp_files' completed in 5611s
2025-01-01 01:21:07 [DEBUG   ] Cache miss for key='user_profile_6733' — fetching from DB
2025-01-01 01:21:10 [INFO    ] Database connection pool size: 2542/20
2025-01-01 01:21:14 [INFO    ] New session created — session_id=4009
2025-01-01 01:21:19 [DEBUG   ] Checkpoint reached at loop iteration 9808
2025-01-01 01:21:22 [WARNING ] Response time exceeded threshold: 7000ms (limit: 500ms)
2025-01-01 01:21:28 [ERROR   ] Authentication token expired for user_id=4143
2025-01-01 01:21:35 [INFO    ] Config reloaded from disk — version=5954
2025-01-01 01:21:41 [WARNING ] Response time exceeded threshold: 7500ms (limit: 500ms)
2025-01-01 01:21:49 [WARNING ] Rate limit at 5942% for IP 192.168.9713.5027
2025-01-01 01:21:54 [WARNING ] Retry attempt 985 of 3 for downstream service call
2025-01-01 01:21:58 [ERROR   ] NullPointerException in module payments.processor at line 1701
2025-01-01 01:22:06 [INFO    ] New session created — session_id=885
2025-01-01 01:22:13 [INFO    ] Cache hit ratio at 8146% for the last 60 seconds
2025-01-01 01:22:21 [INFO    ] New session created — session_id=5202
2025-01-01 01:22:25 [INFO    ] Cache hit ratio at 9968% for the last 60 seconds
2025-01-01 01:22:32 [WARNING ] Response time exceeded threshold: 5538ms (limit: 500ms)
2025-01-01 01:22:34 [INFO    ] Scheduled job 'cleanup_temp_files' completed in 1419s
2025-01-01 01:22:36 [ERROR   ] File not found: /var/data/report_3460.csv
2025-01-01 01:22:43 [ERROR   ] Authentication token expired for user_id=7237
2025-01-01 01:22:53 [INFO    ] Request processed in 3740ms — endpoint /api/v1/data
2025-01-01 01:23:02 [INFO    ] Config reloaded from disk — version=8582
2025-01-01 01:23:07 [ERROR   ] Unhandled exception in worker thread-9508: IndexError
2025-01-01 01:23:15 [INFO    ] Cache hit ratio at 5357% for the last 60 seconds
2025-01-01 01:23:22 [INFO    ] Request processed in 3192ms — endpoint /api/v1/data
2025-01-01 01:23:25 [DEBUG   ] Cache miss for key='user_profile_8443' — fetching from DB
2025-01-01 01:23:32 [WARNING ] Deprecated API endpoint /v1/legacy called by client 6599
2025-01-01 01:23:33 [WARNING ] Disk usage at 8874% on volume /dev/sda1 — consider cleanup
2025-01-01 01:23:36 [INFO    ] Config reloaded from disk — version=2002
2025-01-01 01:23:37 [WARNING ] Rate limit at 3316% for IP 192.168.7669.2474
2025-01-01 01:23:39 [WARNING ] Response time exceeded threshold: 4376ms (limit: 500ms)
2025-01-01 01:23:48 [WARNING ] Deprecated API endpoint /v1/legacy called by client 2803
2025-01-01 01:23:50 [INFO    ] New session created — session_id=3348
2025-01-01 01:23:57 [WARNING ] Retry attempt 3564 of 3 for downstream service call
2025-01-01 01:23:59 [INFO    ] New session created — session_id=6948
2025-01-01 01:24:01 [INFO    ] Cache hit ratio at 5242% for the last 60 seconds
2025-01-01 01:24:09 [INFO    ] User login successful for user_id=4129
2025-01-01 01:24:11 [DEBUG   ] Lock acquired on resource 'invoice_8043' by thread-4450
2025-01-01 01:24:20 [INFO    ] Request processed in 4621ms — endpoint /api/v1/data
2025-01-01 01:24:30 [ERROR   ] Failed to connect to database after 462 retries — giving up
2025-01-01 01:24:40 [INFO    ] Config reloaded from disk — version=4070
2025-01-01 01:24:46 [WARNING ] Response time exceeded threshold: 5886ms (limit: 500ms)
2025-01-01 01:24:52 [INFO    ] Request processed in 1145ms — endpoint /api/v1/data
2025-01-01 01:25:00 [DEBUG   ] Cache miss for key='user_profile_4470' — fetching from DB
2025-01-01 01:25:01 [INFO    ] Cache hit ratio at 2563% for the last 60 seconds
2025-01-01 01:25:03 [INFO    ] Cache hit ratio at 1278% for the last 60 seconds
2025-01-01 01:25:08 [INFO    ] User login successful for user_id=6767
2025-01-01 01:25:14 [INFO    ] Scheduled job 'cleanup_temp_files' completed in 725s
2025-01-01 01:25:18 [DEBUG   ] SQL query executed: SELECT * FROM orders WHERE id=7529 (7535ms)
2025-01-01 01:25:25 [DEBUG   ] SQL query executed: SELECT * FROM orders WHERE id=4106 (5033ms)
2025-01-01 01:25:35 [INFO    ] Scheduled job 'cleanup_temp_files' completed in 293s
2025-01-01 01:25:40 [INFO    ] Database connection pool size: 191/20
2025-01-01 01:25:44 [WARNING ] Retry attempt 6456 of 3 for downstream service call
2025-01-01 01:25:53 [ERROR   ] Unhandled exception in worker thread-5711: IndexError
2025-01-01 01:26:00 [ERROR   ] NullPointerException in module payments.processor at line 754
2025-01-01 01:26:01 [INFO    ] New session created — session_id=5186
2025-01-01 01:26:05 [DEBUG   ] SQL query executed: SELECT * FROM orders WHERE id=1813 (4858ms)
2025-01-01 01:26:11 [WARNING ] Response time exceeded threshold: 9895ms (limit: 500ms)
2025-01-01 01:26:15 [INFO    ] Cache hit ratio at 6923% for the last 60 seconds
2025-01-01 01:26:21 [INFO    ] User login successful for user_id=861
2025-01-01 01:26:22 [INFO    ] Config reloaded from disk — version=6804
2025-01-01 01:26:27 [DEBUG   ] Lock acquired on resource 'invoice_2587' by thread-9252
2025-01-01 01:26:28 [INFO    ] Database connection pool size: 3193/20
2025-01-01 01:26:38 [INFO    ] Cache hit ratio at 8063% for the last 60 seconds
2025-01-01 01:26:40 [CRITICAL] SYSTEM SHUTDOWN INITIATED — out of memory (used: 4198MB / 512MB)
2025-01-01 01:26:45 [ERROR   ] Authentication token expired for user_id=756
2025-01-01 01:26:47 [ERROR   ] Authentication token expired for user_id=8938
2025-01-01 01:26:49 [INFO    ] Cache hit ratio at 2424% for the last 60 seconds
2025-01-01 01:26:53 [INFO    ] Cache hit ratio at 3165% for the last 60 seconds
2025-01-01 01:27:03 [WARNING ] Rate limit at 2643% for IP 192.168.2765.2071
2025-01-01 01:27:10 [INFO    ] Cache hit ratio at 3315% for the last 60 seconds
2025-01-01 01:27:20 [WARNING ] Disk usage at 7560% on volume /dev/sda1 — consider cleanup
2025-01-01 01:27:24 [WARNING ] Rate limit at 8561% for IP 192.168.4032.3146
2025-01-01 01:27:32 [INFO    ] User login successful for user_id=7253
2025-01-01 01:27:42 [INFO    ] Request processed in 6914ms — endpoint /api/v1/data
2025-01-01 01:27:47 [WARNING ] Deprecated API endpoint /v1/legacy called by client 2840
2025-01-01 01:27:51 [WARNING ] Response time exceeded threshold: 8849ms (limit: 500ms)
2025-01-01 01:28:00 [INFO    ] Request processed in 6784ms — endpoint /api/v1/data
2025-01-01 01:28:10 [WARNING ] Disk usage at 9808% on volume /dev/sda1 — consider cleanup
2025-01-01 01:28:20 [INFO    ] User login successful for user_id=3817
2025-01-01 01:28:26 [INFO    ] Config reloaded from disk — version=1984
2025-01-01 01:28:35 [CRITICAL] Data corruption detected in table 'transactions' at row 8928
2025-01-01 01:28:42 [INFO    ] User login successful for user_id=7979
2025-01-01 01:28:47 [WARNING ] Deprecated API endpoint /v1/legacy called by client 9345
2025-01-01 01:28:54 [DEBUG   ] Lock acquired on resource 'invoice_2846' by thread-3418
2025-01-01 01:28:55 [INFO    ] Database connection pool size: 7002/20
2025-01-01 01:29:04 [ERROR   ] HTTP 500 returned for request_id=2959 — internal server error
2025-01-01 01:29:12 [INFO    ] User login successful for user_id=5293
2025-01-01 01:29:20 [WARNING ] Response time exceeded threshold: 5566ms (limit: 500ms)
2025-01-01 01:29:22 [INFO    ] New session created — session_id=9471
2025-01-01 01:29:29 [WARNING ] Rate limit at 9340% for IP 192.168.34.3083
2025-01-01 01:29:37 [INFO    ] New session created — session_id=6045
2025-01-01 01:29:39 [INFO    ] Scheduled job 'cleanup_temp_files' completed in 3491s
2025-01-01 01:29:49 [INFO    ] User login successful for user_id=5561
2025-01-01 01:29:51 [ERROR   ] Failed to connect to database after 1956 retries — giving up
2025-01-01 01:29:59 [DEBUG   ] Cache miss for key='user_profile_8953' — fetching from DB
2025-01-01 01:30:02 [WARNING ] Deprecated API endpoint /v1/legacy called by client 4968
2025-01-01 01:30:10 [DEBUG   ] SQL query executed: SELECT * FROM orders WHERE id=8426 (6170ms)
2025-01-01 01:30:17 [INFO    ] Cache hit ratio at 5525% for the last 60 seconds
2025-01-01 01:30:27 [INFO    ] Database connection pool size: 412/20
2025-01-01 01:30:36 [DEBUG   ] Cache miss for key='user_profile_5163' — fetching from DB
2025-01-01 01:30:41 [ERROR   ] Authentication token expired for user_id=3324
2025-01-01 01:30:45 [WARNING ] Memory usage at 1871MB — approaching soft limit of 512MB
2025-01-01 01:30:50 [INFO    ] Config reloaded from disk — version=4759
2025-01-01 01:30:58 [INFO    ] Scheduled job 'cleanup_temp_files' completed in 6610s
2025-01-01 01:31:05 [CRITICAL] Data corruption detected in table 'transactions' at row 191
2025-01-01 01:31:15 [DEBUG   ] Serializing response object — 1960 fields found
2025-01-01 01:31:23 [INFO    ] Config reloaded from disk — version=1801
2025-01-01 01:31:29 [DEBUG   ] Entering function process_batch() with batch_size=4037
2025-01-01 01:31:39 [INFO    ] New session created — session_id=7109
2025-01-01 01:31:42 [INFO    ] Database connection pool size: 5952/20
2025-01-01 01:31:49 [INFO    ] Database connection pool size: 1223/20
2025-01-01 01:31:56 [INFO    ] Database connection pool size: 6474/20
2025-01-01 01:31:58 [ERROR   ] HTTP 500 returned for request_id=6652 — internal server error
2025-01-01 01:32:06 [INFO    ] User login successful for user_id=7164
2025-01-01 01:32:14 [INFO    ] Config reloaded from disk — version=2617
2025-01-01 01:32:21 [INFO    ] Database connection pool size: 8794/20
2025-01-01 01:32:23 [WARNING ] Deprecated API endpoint /v1/legacy called by client 6120
2025-01-01 01:32:26 [INFO    ] New session created — session_id=5357
2025-01-01 01:32:29 [ERROR   ] Authentication token expired for user_id=7629
2025-01-01 01:32:39 [INFO    ] Cache hit ratio at 7318% for the last 60 seconds
2025-01-01 01:32:40 [ERROR   ] HTTP 500 returned for request_id=3999 — internal server error
2025-01-01 01:32:48 [INFO    ] Cache hit ratio at 8951% for the last 60 seconds
2025-01-01 01:32:53 [WARNING ] Deprecated API endpoint /v1/legacy called by client 839
2025-01-01 01:33:02 [INFO    ] Cache hit ratio at 9480% for the last 60 seconds
2025-01-01 01:33:08 [INFO    ] Database connection pool size: 9316/20
2025-01-01 01:33:12 [WARNING ] Memory usage at 6787MB — approaching soft limit of 512MB
2025-01-01 01:33:19 [WARNING ] Memory usage at 703MB — approaching soft limit of 512MB
2025-01-01 01:33:20 [ERROR   ] NullPointerException in module payments.processor at line 3428
2025-01-01 01:33:28 [ERROR   ] HTTP 500 returned for request_id=495 — internal server error
2025-01-01 01:33:33 [INFO    ] Database connection pool size: 9689/20
2025-01-01 01:33:36 [DEBUG   ] Entering function process_batch() with batch_size=407
2025-01-01 01:33:44 [ERROR   ] Failed to connect to database after 4007 retries — giving up
2025-01-01 01:33:46 [INFO    ] New session created — session_id=6691
2025-01-01 01:33:53 [ERROR   ] Failed to connect to database after 5926 retries — giving up
2025-01-01 01:34:03 [DEBUG   ] Serializing response object — 9568 fields found
2025-01-01 01:34:09 [INFO    ] Request processed in 9727ms — endpoint /api/v1/data
2025-01-01 01:34:18 [CRITICAL] Data corruption detected in table 'transactions' at row 4639
2025-01-01 01:34:25 [WARNING ] Disk usage at 6924% on volume /dev/sda1 — consider cleanup
2025-01-01 01:34:34 [WARNING ] Retry attempt 488 of 3 for downstream service call
2025-01-01 01:34:40 [WARNING ] Rate limit at 1025% for IP 192.168.761.2833
2025-01-01 01:34:42 [INFO    ] Cache hit ratio at 7774% for the last 60 seconds
2025-01-01 01:34:49 [DEBUG   ] SQL query executed: SELECT * FROM orders WHERE id=3566 (1446ms)
2025-01-01 01:34:52 [WARNING ] Rate limit at 6969% for IP 192.168.9403.1093
2025-01-01 01:34:59 [WARNING ] Memory usage at 5546MB — approaching soft limit of 512MB
2025-01-01 01:35:06 [DEBUG   ] Entering function process_batch() with batch_size=10
2025-01-01 01:35:16 [WARNING ] Deprecated API endpoint /v1/legacy called by client 6602
2025-01-01 01:35:24 [INFO    ] Scheduled job 'cleanup_temp_files' completed in 8631s
2025-01-01 01:35:31 [INFO    ] Database connection pool size: 7797/20
2025-01-01 01:35:37 [INFO    ] New session created — session_id=5234
2025-01-01 01:35:39 [INFO    ] User login successful for user_id=6965
2025-01-01 01:35:49 [INFO    ] Config reloaded from disk — version=862
2025-01-01 01:35:51 [INFO    ] Cache hit ratio at 1044% for the last 60 seconds
2025-01-01 01:35:56 [WARNING ] Memory usage at 8861MB — approaching soft limit of 512MB
2025-01-01 01:36:03 [INFO    ] Request processed in 489ms — endpoint /api/v1/data
2025-01-01 01:36:05 [WARNING ] Memory usage at 404MB — approaching soft limit of 512MB
2025-01-01 01:36:08 [INFO    ] Cache hit ratio at 9301% for the last 60 seconds
2025-01-01 01:36:09 [INFO    ] New session created — session_id=4983
2025-01-01 01:36:10 [DEBUG   ] Lock acquired on resource 'invoice_3102' by thread-6257
2025-01-01 01:36:11 [WARNING ] Response time exceeded threshold: 2029ms (limit: 500ms)
2025-01-01 01:36:16 [DEBUG   ] Cache miss for key='user_profile_9936' — fetching from DB
2025-01-01 01:36:25 [INFO    ] User login successful for user_id=9730
2025-01-01 01:36:27 [INFO    ] Config reloaded from disk — version=4059
2025-01-01 01:36:28 [CRITICAL] SYSTEM SHUTDOWN INITIATED — out of memory (used: 8271MB / 512MB)
2025-01-01 01:36:29 [INFO    ] New session created — session_id=5284
2025-01-01 01:36:35 [WARNING ] Deprecated API endpoint /v1/legacy called by client 1049
2025-01-01 01:36:38 [INFO    ] Config reloaded from disk — version=9234
2025-01-01 01:36:42 [ERROR   ] Unhandled exception in worker thread-1271: IndexError
2025-01-01 01:36:49 [INFO    ] Cache hit ratio at 5219% for the last 60 seconds
2025-01-01 01:36:50 [INFO    ] Database connection pool size: 4292/20
2025-01-01 01:36:56 [ERROR   ] File not found: /var/data/report_7881.csv
2025-01-01 01:37:06 [INFO    ] Database connection pool size: 4491/20
2025-01-01 01:37:10 [WARNING ] Response time exceeded threshold: 3045ms (limit: 500ms)
2025-01-01 01:37:17 [INFO    ] Config reloaded from disk — version=1637
2025-01-01 01:37:20 [DEBUG   ] Checkpoint reached at loop iteration 309
2025-01-01 01:37:28 [INFO    ] User login successful for user_id=8870
2025-01-01 01:37:31 [INFO    ] Scheduled job 'cleanup_temp_files' completed in 935s
2025-01-01 01:37:35 [INFO    ] Cache hit ratio at 854% for the last 60 seconds
2025-01-01 01:37:39 [CRITICAL] Data corruption detected in table 'transactions' at row 7456
2025-01-01 01:37:42 [DEBUG   ] SQL query executed: SELECT * FROM orders WHERE id=2364 (9412ms)
2025-01-01 01:37:43 [CRITICAL] Security breach detected: 4343 failed login attempts from IP 10.0.7786.2884
2025-01-01 01:37:44 [ERROR   ] NullPointerException in module payments.processor at line 5628
2025-01-01 01:37:49 [WARNING ] Disk usage at 9504% on volume /dev/sda1 — consider cleanup
2025-01-01 01:37:53 [INFO    ] Database connection pool size: 6726/20
2025-01-01 01:38:00 [WARNING ] Response time exceeded threshold: 99ms (limit: 500ms)
2025-01-01 01:38:05 [WARNING ] Deprecated API endpoint /v1/legacy called by client 9137
2025-01-01 01:38:07 [WARNING ] Retry attempt 6338 of 3 for downstream service call
2025-01-01 01:38:10 [INFO    ] Cache hit ratio at 9447% for the last 60 seconds
2025-01-01 01:38:13 [CRITICAL] SSL certificate expires in 3099 hours — immediate action required
2025-01-01 01:38:15 [INFO    ] Database connection pool size: 8030/20
2025-01-01 01:38:22 [INFO    ] Cache hit ratio at 3512% for the last 60 seconds
2025-01-01 01:38:23 [WARNING ] Memory usage at 590MB — approaching soft limit of 512MB
2025-01-01 01:38:32 [INFO    ] New session created — session_id=727
2025-01-01 01:38:39 [WARNING ] Response time exceeded threshold: 3428ms (limit: 500ms)
2025-01-01 01:38:45 [DEBUG   ] SQL query executed: SELECT * FROM orders WHERE id=8902 (2694ms)
2025-01-01 01:38:49 [INFO    ] New session created — session_id=8933
2025-01-01 01:38:57 [ERROR   ] HTTP 500 returned for request_id=7564 — internal server error
2025-01-01 01:39:02 [INFO    ] User login successful for user_id=7971
2025-01-01 01:39:08 [INFO    ] New session created — session_id=7097
2025-01-01 01:39:18 [INFO    ] Config reloaded from disk — version=2217
2025-01-01 01:39:22 [INFO    ] Scheduled job 'cleanup_temp_files' completed in 4243s
2025-01-01 01:39:31 [INFO    ] Cache hit ratio at 1250% for the last 60 seconds
2025-01-01 01:39:40 [INFO    ] User login successful for user_id=7945
2025-01-01 01:39:50 [INFO    ] Database connection pool size: 2906/20
2025-01-01 01:39:56 [DEBUG   ] Checkpoint reached at loop iteration 2242
2025-01-01 01:39:59 [INFO    ] Config reloaded from disk — version=2894
2025-01-01 01:40:03 [INFO    ] Request processed in 7383ms — endpoint /api/v1/data
2025-01-01 01:40:08 [INFO    ] Scheduled job 'cleanup_temp_files' completed in 2776s
2025-01-01 01:40:11 [WARNING ] Retry attempt 3312 of 3 for downstream service call
2025-01-01 01:40:15 [INFO    ] Cache hit ratio at 2038% for the last 60 seconds
2025-01-01 01:40:16 [WARNING ] Response time exceeded threshold: 5660ms (limit: 500ms)
2025-01-01 01:40:26 [INFO    ] Database connection pool size: 9813/20
2025-01-01 01:40:34 [ERROR   ] HTTP 500 returned for request_id=698 — internal server error
2025-01-01 01:40:37 [WARNING ] Response time exceeded threshold: 2134ms (limit: 500ms)
2025-01-01 01:40:41 [INFO    ] Request processed in 8387ms — endpoint /api/v1/data
2025-01-01 01:40:44 [WARNING ] Response time exceeded threshold: 6317ms (limit: 500ms)
2025-01-01 01:40:49 [WARNING ] Memory usage at 454MB — approaching soft limit of 512MB
2025-01-01 01:40:54 [INFO    ] Database connection pool size: 2385/20
2025-01-01 01:41:00 [INFO    ] Config reloaded from disk — version=8388
2025-01-01 01:41:05 [INFO    ] Request processed in 843ms — endpoint /api/v1/data
2025-01-01 01:41:14 [INFO    ] Request processed in 8937ms — endpoint /api/v1/data
2025-01-01 01:41:16 [INFO    ] Database connection pool size: 7745/20
2025-01-01 01:41:21 [ERROR   ] HTTP 500 returned for request_id=5701 — internal server error
2025-01-01 01:41:28 [INFO    ] User login successful for user_id=6322
2025-01-01 01:41:32 [WARNING ] Disk usage at 4589% on volume /dev/sda1 — consider cleanup
2025-01-01 01:41:42 [ERROR   ] File not found: /var/data/report_3941.csv
2025-01-01 01:41:45 [INFO    ] Request processed in 834ms — endpoint /api/v1/data
2025-01-01 01:41:51 [INFO    ] Request processed in 8650ms — endpoint /api/v1/data
2025-01-01 01:42:00 [ERROR   ] Failed to connect to database after 9752 retries — giving up
2025-01-01 01:42:06 [DEBUG   ] Checkpoint reached at loop iteration 306
2025-01-01 01:42:15 [DEBUG   ] SQL query executed: SELECT * FROM orders WHERE id=2095 (9430ms)
2025-01-01 01:42:22 [WARNING ] Rate limit at 713% for IP 192.168.2713.7782
2025-01-01 01:42:31 [INFO    ] New session created — session_id=8320
2025-01-01 01:42:36 [INFO    ] User login successful for user_id=5132
2025-01-01 01:42:38 [DEBUG   ] Checkpoint reached at loop iteration 4634
2025-01-01 01:42:41 [CRITICAL] Security breach detected: 9092 failed login attempts from IP 10.0.3511.6017
2025-01-01 01:42:44 [ERROR   ] Unhandled exception in worker thread-9050: IndexError
2025-01-01 01:42:52 [ERROR   ] Unhandled exception in worker thread-5313: IndexError
2025-01-01 01:42:57 [CRITICAL] SSL certificate expires in 758 hours — immediate action required
2025-01-01 01:43:02 [WARNING ] Deprecated API endpoint /v1/legacy called by client 5049
2025-01-01 01:43:10 [ERROR   ] NullPointerException in module payments.processor at line 7862
2025-01-01 01:43:19 [WARNING ] Response time exceeded threshold: 9831ms (limit: 500ms)
2025-01-01 01:43:27 [INFO    ] Scheduled job 'cleanup_temp_files' completed in 6111s
2025-01-01 01:43:34 [INFO    ] Database connection pool size: 8136/20
2025-01-01 01:43:36 [INFO    ] Database connection pool size: 4247/20
2025-01-01 01:43:38 [INFO    ] Database connection pool size: 5531/20
2025-01-01 01:43:46 [INFO    ] Config reloaded from disk — version=4262
2025-01-01 01:43:49 [INFO    ] Request processed in 6808ms — endpoint /api/v1/data
2025-01-01 01:43:53 [INFO    ] Request processed in 2939ms — endpoint /api/v1/data
2025-01-01 01:43:54 [ERROR   ] File not found: /var/data/report_8106.csv
2025-01-01 01:43:55 [ERROR   ] NullPointerException in module payments.processor at line 1135
2025-01-01 01:43:59 [INFO    ] User login successful for user_id=7398
2025-01-01 01:44:02 [INFO    ] New session created — session_id=1664
2025-01-01 01:44:04 [INFO    ] Scheduled job 'cleanup_temp_files' completed in 8798s
2025-01-01 01:44:14 [DEBUG   ] Entering function process_batch() with batch_size=6073
2025-01-01 01:44:23 [INFO    ] Scheduled job 'cleanup_temp_files' completed in 6578s
2025-01-01 01:44:24 [ERROR   ] Failed to connect to database after 76 retries — giving up
2025-01-01 01:44:26 [DEBUG   ] Entering function process_batch() with batch_size=6459
2025-01-01 01:44:32 [INFO    ] Config reloaded from disk — version=2096
2025-01-01 01:44:38 [INFO    ] User login successful for user_id=1193
2025-01-01 01:44:40 [DEBUG   ] SQL query executed: SELECT * FROM orders WHERE id=1798 (7934ms)
2025-01-01 01:44:48 [ERROR   ] Unhandled exception in worker thread-9967: IndexError
2025-01-01 01:44:58 [INFO    ] New session created — session_id=9397
2025-01-01 01:45:06 [INFO    ] New session created — session_id=1809
2025-01-01 01:45:14 [ERROR   ] HTTP 500 returned for request_id=1683 — internal server error
2025-01-01 01:45:20 [INFO    ] New session created — session_id=9722
2025-01-01 01:45:26 [INFO    ] User login successful for user_id=7202
2025-01-01 01:45:28 [INFO    ] Scheduled job 'cleanup_temp_files' completed in 5130s
2025-01-01 01:45:37 [INFO    ] Cache hit ratio at 255% for the last 60 seconds
2025-01-01 01:45:38 [INFO    ] Config reloaded from disk — version=481
2025-01-01 01:45:42 [WARNING ] Retry attempt 8538 of 3 for downstream service call
2025-01-01 01:45:48 [WARNING ] Rate limit at 2710% for IP 192.168.2176.9868
2025-01-01 01:45:57 [INFO    ] Config reloaded from disk — version=3433
2025-01-01 01:46:06 [INFO    ] User login successful for user_id=2829
2025-01-01 01:46:16 [CRITICAL] Primary database unreachable — all writes failing, queue depth: 1981
2025-01-01 01:46:19 [INFO    ] User login successful for user_id=9372
2025-01-01 01:46:28 [INFO    ] Cache hit ratio at 9836% for the last 60 seconds
2025-01-01 01:46:34 [WARNING ] Memory usage at 3811MB — approaching soft limit of 512MB
2025-01-01 01:46:37 [CRITICAL] Security breach detected: 4207 failed login attempts from IP 10.0.4326.7538
2025-01-01 01:46:43 [WARNING ] Memory usage at 3742MB — approaching soft limit of 512MB
2025-01-01 01:46:51 [CRITICAL] SSL certificate expires in 6896 hours — immediate action required
2025-01-01 01:46:52 [WARNING ] Response time exceeded threshold: 5344ms (limit: 500ms)
2025-01-01 01:46:57 [ERROR   ] Failed to connect to database after 2789 retries — giving up
2025-01-01 01:47:02 [ERROR   ] Authentication token expired for user_id=6841
2025-01-01 01:47:04 [DEBUG   ] Cache miss for key='user_profile_6380' — fetching from DB
2025-01-01 01:47:11 [WARNING ] Rate limit at 870% for IP 192.168.6341.548
2025-01-01 01:47:17 [WARNING ] Response time exceeded threshold: 8597ms (limit: 500ms)
2025-01-01 01:47:27 [INFO    ] Scheduled job 'cleanup_temp_files' completed in 1869s
2025-01-01 01:47:33 [INFO    ] User login successful for user_id=8007
2025-01-01 01:47:39 [DEBUG   ] Checkpoint reached at loop iteration 4857
2025-01-01 01:47:40 [INFO    ] Request processed in 5767ms — endpoint /api/v1/data
2025-01-01 01:47:46 [WARNING ] Disk usage at 4387% on volume /dev/sda1 — consider cleanup
2025-01-01 01:47:53 [INFO    ] Database connection pool size: 3128/20
2025-01-01 01:47:54 [WARNING ] Retry attempt 9837 of 3 for downstream service call
2025-01-01 01:48:02 [WARNING ] Rate limit at 3142% for IP 192.168.1715.9119
2025-01-01 01:48:08 [INFO    ] User login successful for user_id=8909
2025-01-01 01:48:18 [WARNING ] Memory usage at 7578MB — approaching soft limit of 512MB
2025-01-01 01:48:27 [INFO    ] Cache hit ratio at 1143% for the last 60 seconds
2025-01-01 01:48:29 [ERROR   ] Failed to connect to database after 8275 retries — giving up
2025-01-01 01:48:38 [ERROR   ] File not found: /var/data/report_7993.csv
2025-01-01 01:48:43 [INFO    ] Cache hit ratio at 430% for the last 60 seconds
2025-01-01 01:48:49 [DEBUG   ] Serializing response object — 6393 fields found
2025-01-01 01:48:53 [INFO    ] Request processed in 338ms — endpoint /api/v1/data
2025-01-01 01:48:54 [INFO    ] Database connection pool size: 755/20
2025-01-01 01:49:04 [INFO    ] Config reloaded from disk — version=7317
2025-01-01 01:49:11 [DEBUG   ] Cache miss for key='user_profile_6081' — fetching from DB
2025-01-01 01:49:18 [INFO    ] New session created — session_id=7990
2025-01-01 01:49:27 [ERROR   ] File not found: /var/data/report_2443.csv
2025-01-01 01:49:34 [INFO    ] User login successful for user_id=141
2025-01-01 01:49:42 [ERROR   ] Authentication token expired for user_id=2285
2025-01-01 01:49:50 [INFO    ] Cache hit ratio at 5027% for the last 60 seconds
2025-01-01 01:49:55 [INFO    ] Config reloaded from disk — version=3197
2025-01-01 01:50:05 [ERROR   ] Authentication token expired for user_id=3874
2025-01-01 01:50:15 [DEBUG   ] Lock acquired on resource 'invoice_9714' by thread-4345
2025-01-01 01:50:24 [INFO    ] New session created — session_id=7643
2025-01-01 01:50:31 [WARNING ] Deprecated API endpoint /v1/legacy called by client 3280
2025-01-01 01:50:34 [DEBUG   ] Checkpoint reached at loop iteration 3415
2025-01-01 01:50:36 [INFO    ] Config reloaded from disk — version=1071
2025-01-01 01:50:37 [INFO    ] User login successful for user_id=5102
2025-01-01 01:50:43 [DEBUG   ] Serializing response object — 6128 fields found
2025-01-01 01:50:44 [ERROR   ] HTTP 500 returned for request_id=4160 — internal server error
2025-01-01 01:50:47 [INFO    ] Config reloaded from disk — version=741
2025-01-01 01:50:50 [ERROR   ] HTTP 500 returned for request_id=7849 — internal server error
2025-01-01 01:50:56 [INFO    ] Cache hit ratio at 6960% for the last 60 seconds
2025-01-01 01:51:05 [INFO    ] Scheduled job 'cleanup_temp_files' completed in 8430s
2025-01-01 01:51:12 [ERROR   ] NullPointerException in module payments.processor at line 2420
2025-01-01 01:51:21 [INFO    ] Cache hit ratio at 6615% for the last 60 seconds
2025-01-01 01:51:27 [CRITICAL] SSL certificate expires in 8229 hours — immediate action required
2025-01-01 01:51:36 [INFO    ] New session created — session_id=931
2025-01-01 01:51:44 [CRITICAL] Primary database unreachable — all writes failing, queue depth: 3659
2025-01-01 01:51:48 [ERROR   ] NullPointerException in module payments.processor at line 8084
2025-01-01 01:51:55 [CRITICAL] Data corruption detected in table 'transactions' at row 3876
2025-01-01 01:52:04 [DEBUG   ] Cache miss for key='user_profile_8679' — fetching from DB
2025-01-01 01:52:09 [INFO    ] Request processed in 6933ms — endpoint /api/v1/data
2025-01-01 01:52:10 [INFO    ] User login successful for user_id=1437
2025-01-01 01:52:12 [INFO    ] Request processed in 9216ms — endpoint /api/v1/data
2025-01-01 01:52:13 [WARNING ] Rate limit at 3961% for IP 192.168.1763.4860
2025-01-01 01:52:17 [INFO    ] Cache hit ratio at 5165% for the last 60 seconds
2025-01-01 01:52:18 [WARNING ] Disk usage at 5194% on volume /dev/sda1 — consider cleanup
2025-01-01 01:52:24 [INFO    ] Scheduled job 'cleanup_temp_files' completed in 1873s
2025-01-01 01:52:25 [INFO    ] Scheduled job 'cleanup_temp_files' completed in 2856s
2025-01-01 01:52:32 [INFO    ] Config reloaded from disk — version=6970
2025-01-01 01:52:42 [WARNING ] Memory usage at 3531MB — approaching soft limit of 512MB
2025-01-01 01:52:52 [INFO    ] Cache hit ratio at 3278% for the last 60 seconds
2025-01-01 01:52:54 [INFO    ] Config reloaded from disk — version=473
2025-01-01 01:52:55 [CRITICAL] SSL certificate expires in 7818 hours — immediate action required
2025-01-01 01:52:58 [ERROR   ] Authentication token expired for user_id=3336
2025-01-01 01:53:00 [DEBUG   ] Lock acquired on resource 'invoice_4140' by thread-2050
2025-01-01 01:53:10 [WARNING ] Disk usage at 6978% on volume /dev/sda1 — consider cleanup
2025-01-01 01:53:12 [ERROR   ] Unhandled exception in worker thread-6747: IndexError
2025-01-01 01:53:16 [WARNING ] Disk usage at 2024% on volume /dev/sda1 — consider cleanup
2025-01-01 01:53:24 [INFO    ] Config reloaded from disk — version=1556
2025-01-01 01:53:31 [CRITICAL] Security breach detected: 8972 failed login attempts from IP 10.0.8081.404
2025-01-01 01:53:35 [WARNING ] Disk usage at 6635% on volume /dev/sda1 — consider cleanup
2025-01-01 01:53:41 [INFO    ] Request processed in 9045ms — endpoint /api/v1/data
2025-01-01 01:53:49 [CRITICAL] SYSTEM SHUTDOWN INITIATED — out of memory (used: 8050MB / 512MB)
2025-01-01 01:53:58 [WARNING ] Deprecated API endpoint /v1/legacy called by client 1536
2025-01-01 01:54:04 [INFO    ] User login successful for user_id=7889
2025-01-01 01:54:09 [DEBUG   ] Cache miss for key='user_profile_7999' — fetching from DB
2025-01-01 01:54:17 [INFO    ] Database connection pool size: 7625/20
2025-01-01 01:54:21 [WARNING ] Retry attempt 13 of 3 for downstream service call
2025-01-01 01:54:24 [DEBUG   ] SQL query executed: SELECT * FROM orders WHERE id=4003 (1903ms)
2025-01-01 01:54:31 [CRITICAL] Security breach detected: 8639 failed login attempts from IP 10.0.9610.7000
2025-01-01 01:54:38 [INFO    ] User login successful for user_id=1125
2025-01-01 01:54:44 [INFO    ] Config reloaded from disk — version=6664
2025-01-01 01:54:50 [INFO    ] Request processed in 3544ms — endpoint /api/v1/data
2025-01-01 01:54:52 [WARNING ] Deprecated API endpoint /v1/legacy called by client 4008
2025-01-01 01:55:00 [INFO    ] Database connection pool size: 1429/20
2025-01-01 01:55:06 [DEBUG   ] SQL query executed: SELECT * FROM orders WHERE id=8781 (9209ms)
2025-01-01 01:55:14 [ERROR   ] Unhandled exception in worker thread-1746: IndexError
2025-01-01 01:55:16 [WARNING ] Response time exceeded threshold: 1001ms (limit: 500ms)
2025-01-01 01:55:23 [INFO    ] Scheduled job 'cleanup_temp_files' completed in 2255s
2025-01-01 01:55:31 [ERROR   ] Unhandled exception in worker thread-1047: IndexError
2025-01-01 01:55:36 [ERROR   ] HTTP 500 returned for request_id=4907 — internal server error
2025-01-01 01:55:37 [INFO    ] Database connection pool size: 8254/20
2025-01-01 01:55:39 [WARNING ] Rate limit at 4395% for IP 192.168.6719.4340
2025-01-01 01:55:44 [DEBUG   ] Serializing response object — 1694 fields found
2025-01-01 01:55:45 [INFO    ] Database connection pool size: 5656/20
2025-01-01 01:55:46 [WARNING ] Deprecated API endpoint /v1/legacy called by client 7816
2025-01-01 01:55:47 [INFO    ] User login successful for user_id=6373
2025-01-01 01:55:52 [WARNING ] Response time exceeded threshold: 9808ms (limit: 500ms)
2025-01-01 01:55:54 [INFO    ] Database connection pool size: 2939/20
2025-01-01 01:55:57 [INFO    ] New session created — session_id=7346
2025-01-01 01:55:58 [INFO    ] Request processed in 8153ms — endpoint /api/v1/data
2025-01-01 01:56:08 [INFO    ] Config reloaded from disk — version=1776
2025-01-01 01:56:14 [INFO    ] User login successful for user_id=4775
2025-01-01 01:56:22 [INFO    ] User login successful for user_id=8591
2025-01-01 01:56:24 [ERROR   ] Unhandled exception in worker thread-6796: IndexError
2025-01-01 01:56:30 [INFO    ] Database connection pool size: 8728/20
2025-01-01 01:56:36 [DEBUG   ] Cache miss for key='user_profile_5791' — fetching from DB
2025-01-01 01:56:38 [INFO    ] Cache hit ratio at 2101% for the last 60 seconds
2025-01-01 01:56:40 [ERROR   ] Authentication token expired for user_id=8658
2025-01-01 01:56:41 [INFO    ] Request processed in 9406ms — endpoint /api/v1/data
2025-01-01 01:56:45 [INFO    ] Request processed in 7581ms — endpoint /api/v1/data
2025-01-01 01:56:53 [INFO    ] Scheduled job 'cleanup_temp_files' completed in 6625s
2025-01-01 01:56:58 [WARNING ] Disk usage at 2370% on volume /dev/sda1 — consider cleanup
2025-01-01 01:57:00 [INFO    ] Scheduled job 'cleanup_temp_files' completed in 2445s
2025-01-01 01:57:02 [INFO    ] New session created — session_id=4312
2025-01-01 01:57:09 [INFO    ] Database connection pool size: 7164/20
2025-01-01 01:57:13 [INFO    ] Config reloaded from disk — version=4089
2025-01-01 01:57:17 [INFO    ] Request processed in 4050ms — endpoint /api/v1/data
2025-01-01 01:57:23 [INFO    ] Cache hit ratio at 877% for the last 60 seconds
2025-01-01 01:57:30 [INFO    ] User login successful for user_id=3813
2025-01-01 01:57:38 [ERROR   ] Failed to connect to database after 3829 retries — giving up
2025-01-01 01:57:40 [ERROR   ] File not found: /var/data/report_1950.csv
2025-01-01 01:57:44 [INFO    ] Scheduled job 'cleanup_temp_files' completed in 8425s
2025-01-01 01:57:45 [ERROR   ] Unhandled exception in worker thread-4841: IndexError
2025-01-01 01:57:51 [INFO    ] User login successful for user_id=633
2025-01-01 01:57:56 [DEBUG   ] Serializing response object — 1072 fields found
2025-01-01 01:57:59 [INFO    ] New session created — session_id=8204
2025-01-01 01:58:00 [INFO    ] Config reloaded from disk — version=5549
2025-01-01 01:58:09 [DEBUG   ] Lock acquired on resource 'invoice_1598' by thread-7614
2025-01-01 01:58:19 [WARNING ] Rate limit at 7197% for IP 192.168.2669.3577
2025-01-01 01:58:20 [DEBUG   ] Entering function process_batch() with batch_size=3973
2025-01-01 01:58:30 [WARNING ] Memory usage at 493MB — approaching soft limit of 512MB
2025-01-01 01:58:40 [ERROR   ] Authentication token expired for user_id=7645
2025-01-01 01:58:46 [ERROR   ] Unhandled exception in worker thread-2043: IndexError
2025-01-01 01:58:53 [ERROR   ] Failed to connect to database after 9310 retries — giving up
2025-01-01 01:59:00 [CRITICAL] SSL certificate expires in 5464 hours — immediate action required
2025-01-01 01:59:04 [CRITICAL] Primary database unreachable — all writes failing, queue depth: 9800
2025-01-01 01:59:12 [CRITICAL] Primary database unreachable — all writes failing, queue depth: 3461
2025-01-01 01:59:13 [INFO    ] Config reloaded from disk — version=2308
2025-01-01 01:59:15 [ERROR   ] Authentication token expired for user_id=686
2025-01-01 01:59:16 [INFO    ] Cache hit ratio at 4743% for the last 60 seconds
2025-01-01 01:59:24 [ERROR   ] NullPointerException in module payments.processor at line 9924
2025-01-01 01:59:31 [WARNING ] Retry attempt 2066 of 3 for downstream service call
2025-01-01 01:59:32 [WARNING ] Rate limit at 7706% for IP 192.168.3608.568
2025-01-01 01:59:34 [DEBUG   ] Serializing response object — 6023 fields found
2025-01-01 01:59:44 [INFO    ] Request processed in 5060ms — endpoint /api/v1/data
2025-01-01 01:59:45 [WARNING ] Rate limit at 3652% for IP 192.168.4893.3381
2025-01-01 01:59:48 [ERROR   ] Failed to connect to database after 4119 retries — giving up
2025-01-01 01:59:49 [INFO    ] Request processed in 3522ms — endpoint /api/v1/data
2025-01-01 01:59:56 [ERROR   ] Authentication token expired for user_id=9101
2025-01-01 01:59:57 [INFO    ] Config reloaded from disk — version=3263
2025-01-01 01:59:59 [DEBUG   ] Checkpoint reached at loop iteration 7337
2025-01-01 02:00:06 [INFO    ] Scheduled job 'cleanup_temp_files' completed in 9534s
2025-01-01 02:00:08 [INFO    ] New session created — session_id=6162
2025-01-01 02:00:10 [INFO    ] New session created — session_id=9389
2025-01-01 02:00:18 [CRITICAL] SYSTEM SHUTDOWN INITIATED — out of memory (used: 670MB / 512MB)
2025-01-01 02:00:27 [WARNING ] Disk usage at 7806% on volume /dev/sda1 — consider cleanup
2025-01-01 02:00:29 [INFO    ] Request processed in 2349ms — endpoint /api/v1/data
2025-01-01 02:00:31 [ERROR   ] HTTP 500 returned for request_id=2186 — internal server error
2025-01-01 02:00:39 [INFO    ] New session created — session_id=192
2025-01-01 02:00:45 [CRITICAL] SSL certificate expires in 7163 hours — immediate action required
2025-01-01 02:00:49 [CRITICAL] Primary database unreachable — all writes failing, queue depth: 722
2025-01-01 02:00:58 [ERROR   ] Authentication token expired for user_id=8952
2025-01-01 02:00:59 [DEBUG   ] Lock acquired on resource 'invoice_6569' by thread-8731
2025-01-01 02:01:04 [INFO    ] Database connection pool size: 4991/20
2025-01-01 02:01:07 [INFO    ] Config reloaded from disk — version=6470
2025-01-01 02:01:12 [INFO    ] User login successful for user_id=2615
2025-01-01 02:01:19 [ERROR   ] NullPointerException in module payments.processor at line 3607
2025-01-01 02:01:24 [INFO    ] Scheduled job 'cleanup_temp_files' completed in 208s
2025-01-01 02:01:27 [INFO    ] Scheduled job 'cleanup_temp_files' completed in 8047s
2025-01-01 02:01:29 [ERROR   ] NullPointerException in module payments.processor at line 2849
2025-01-01 02:01:37 [INFO    ] Cache hit ratio at 3713% for the last 60 seconds
2025-01-01 02:01:46 [INFO    ] Cache hit ratio at 2868% for the last 60 seconds
2025-01-01 02:01:54 [INFO    ] Cache hit ratio at 1750% for the last 60 seconds
2025-01-01 02:02:02 [INFO    ] Cache hit ratio at 248% for the last 60 seconds
2025-01-01 02:02:07 [INFO    ] Config reloaded from disk — version=1381
2025-01-01 02:02:17 [INFO    ] Scheduled job 'cleanup_temp_files' completed in 5833s
2025-01-01 02:02:19 [INFO    ] Database connection pool size: 4710/20
2025-01-01 02:02:20 [INFO    ] Config reloaded from disk — version=1485
2025-01-01 02:02:30 [INFO    ] Config reloaded from disk — version=9318
2025-01-01 02:02:33 [INFO    ] Cache hit ratio at 9817% for the last 60 seconds
2025-01-01 02:02:39 [INFO    ] Config reloaded from disk — version=6660
2025-01-01 02:02:46 [WARNING ] Deprecated API endpoint /v1/legacy called by client 1309
2025-01-01 02:02:51 [ERROR   ] Failed to connect to database after 5016 retries — giving up
2025-01-01 02:02:59 [DEBUG   ] Cache miss for key='user_profile_2798' — fetching from DB
2025-01-01 02:03:01 [ERROR   ] Unhandled exception in worker thread-22: IndexError
2025-01-01 02:03:07 [INFO    ] Config reloaded from disk — version=9997
2025-01-01 02:03:17 [CRITICAL] Data corruption detected in table 'transactions' at row 2213
2025-01-01 02:03:24 [ERROR   ] NullPointerException in module payments.processor at line 7599
2025-01-01 02:03:34 [INFO    ] Request processed in 8943ms — endpoint /api/v1/data
2025-01-01 02:03:44 [INFO    ] New session created — session_id=6276
2025-01-01 02:03:51 [INFO    ] Config reloaded from disk — version=1833
2025-01-01 02:03:57 [INFO    ] Request processed in 8710ms — endpoint /api/v1/data
2025-01-01 02:03:58 [INFO    ] Cache hit ratio at 8865% for the last 60 seconds
2025-01-01 02:03:59 [INFO    ] Request processed in 4002ms — endpoint /api/v1/data
2025-01-01 02:04:00 [WARNING ] Response time exceeded threshold: 1835ms (limit: 500ms)
2025-01-01 02:04:01 [CRITICAL] SYSTEM SHUTDOWN INITIATED — out of memory (used: 1518MB / 512MB)
2025-01-01 02:04:05 [INFO    ] Request processed in 7981ms — endpoint /api/v1/data
2025-01-01 02:04:09 [INFO    ] User login successful for user_id=9584
2025-01-01 02:04:10 [INFO    ] User login successful for user_id=1147
2025-01-01 02:04:17 [WARNING ] Retry attempt 8489 of 3 for downstream service call
2025-01-01 02:04:25 [WARNING ] Disk usage at 92% on volume /dev/sda1 — consider cleanup
2025-01-01 02:04:32 [INFO    ] Database connection pool size: 220/20
2025-01-01 02:04:36 [INFO    ] Request processed in 4426ms — endpoint /api/v1/data
2025-01-01 02:04:41 [DEBUG   ] SQL query executed: SELECT * FROM orders WHERE id=7691 (6143ms)
2025-01-01 02:04:51 [INFO    ] Cache hit ratio at 581% for the last 60 seconds
2025-01-01 02:04:57 [WARNING ] Disk usage at 2563% on volume /dev/sda1 — consider cleanup
2025-01-01 02:04:59 [WARNING ] Response time exceeded threshold: 6453ms (limit: 500ms)
2025-01-01 02:05:05 [WARNING ] Memory usage at 719MB — approaching soft limit of 512MB
2025-01-01 02:05:14 [INFO    ] Request processed in 7806ms — endpoint /api/v1/data
2025-01-01 02:05:24 [INFO    ] New session created — session_id=6651
2025-01-01 02:05:33 [INFO    ] Cache hit ratio at 3495% for the last 60 seconds
2025-01-01 02:05:37 [INFO    ] Config reloaded from disk — version=4812
2025-01-01 02:05:38 [ERROR   ] Failed to connect to database after 7720 retries — giving up
2025-01-01 02:05:42 [INFO    ] Config reloaded from disk — version=8091
2025-01-01 02:05:46 [INFO    ] Cache hit ratio at 877% for the last 60 seconds
2025-01-01 02:05:48 [INFO    ] Config reloaded from disk — version=1722
2025-01-01 02:05:52 [DEBUG   ] Checkpoint reached at loop iteration 2287
2025-01-01 02:05:59 [INFO    ] Config reloaded from disk — version=5594
2025-01-01 02:06:07 [INFO    ] User login successful for user_id=1872
2025-01-01 02:06:17 [INFO    ] Cache hit ratio at 5838% for the last 60 seconds
2025-01-01 02:06:22 [WARNING ] Disk usage at 1413% on volume /dev/sda1 — consider cleanup
2025-01-01 02:06:26 [DEBUG   ] Serializing response object — 1266 fields found
2025-01-01 02:06:35 [ERROR   ] NullPointerException in module payments.processor at line 2652
2025-01-01 02:06:36 [ERROR   ] Authentication token expired for user_id=4141
2025-01-01 02:06:38 [INFO    ] New session created — session_id=4620
2025-01-01 02:06:46 [INFO    ] New session created — session_id=6074
2025-01-01 02:06:54 [INFO    ] Scheduled job 'cleanup_temp_files' completed in 6505s
2025-01-01 02:07:04 [INFO    ] Config reloaded from disk — version=961
2025-01-01 02:07:08 [INFO    ] User login successful for user_id=6795
2025-01-01 02:07:17 [WARNING ] Memory usage at 4368MB — approaching soft limit of 512MB
2025-01-01 02:07:26 [INFO    ] User login successful for user_id=3607
2025-01-01 02:07:28 [DEBUG   ] Serializing response object — 6230 fields found
2025-01-01 02:07:32 [WARNING ] Disk usage at 8160% on volume /dev/sda1 — consider cleanup
2025-01-01 02:07:41 [INFO    ] Config reloaded from disk — version=9553
2025-01-01 02:07:48 [WARNING ] Retry attempt 2233 of 3 for downstream service call
2025-01-01 02:07:49 [WARNING ] Response time exceeded threshold: 8110ms (limit: 500ms)
2025-01-01 02:07:50 [ERROR   ] Failed to connect to database after 6990 retries — giving up
2025-01-01 02:08:00 [DEBUG   ] SQL query executed: SELECT * FROM orders WHERE id=7516 (8773ms)
2025-01-01 02:08:04 [INFO    ] Scheduled job 'cleanup_temp_files' completed in 2047s
2025-01-01 02:08:13 [ERROR   ] Failed to connect to database after 1784 retries — giving up
2025-01-01 02:08:23 [INFO    ] User login successful for user_id=876
2025-01-01 02:08:29 [DEBUG   ] Lock acquired on resource 'invoice_2859' by thread-3159
2025-01-01 02:08:32 [INFO    ] Request processed in 839ms — endpoint /api/v1/data
2025-01-01 02:08:42 [WARNING ] Retry attempt 4337 of 3 for downstream service call
2025-01-01 02:08:44 [DEBUG   ] Serializing response object — 5903 fields found
2025-01-01 02:08:49 [ERROR   ] Unhandled exception in worker thread-2953: IndexError
2025-01-01 02:08:50 [ERROR   ] HTTP 500 returned for request_id=4940 — internal server error
2025-01-01 02:08:51 [ERROR   ] Authentication token expired for user_id=7847
2025-01-01 02:08:58 [DEBUG   ] SQL query executed: SELECT * FROM orders WHERE id=554 (7907ms)
2025-01-01 02:09:07 [INFO    ] Database connection pool size: 7993/20
2025-01-01 02:09:16 [INFO    ] Database connection pool size: 1313/20
2025-01-01 02:09:23 [INFO    ] New session created — session_id=90
2025-01-01 02:09:31 [INFO    ] New session created — session_id=166
2025-01-01 02:09:37 [INFO    ] Database connection pool size: 2768/20
2025-01-01 02:09:47 [DEBUG   ] Cache miss for key='user_profile_1852' — fetching from DB
2025-01-01 02:09:49 [INFO    ] User login successful for user_id=3040
2025-01-01 02:09:57 [DEBUG   ] Entering function process_batch() with batch_size=498
2025-01-01 02:10:06 [ERROR   ] Unhandled exception in worker thread-6114: IndexError
2025-01-01 02:10:11 [WARNING ] Retry attempt 3919 of 3 for downstream service call
2025-01-01 02:10:17 [WARNING ] Deprecated API endpoint /v1/legacy called by client 2905
2025-01-01 02:10:20 [INFO    ] Database connection pool size: 9925/20
2025-01-01 02:10:22 [WARNING ] Rate limit at 6543% for IP 192.168.9252.4729
2025-01-01 02:10:31 [WARNING ] Rate limit at 566% for IP 192.168.3251.958
2025-01-01 02:10:39 [ERROR   ] NullPointerException in module payments.processor at line 2911
2025-01-01 02:10:45 [WARNING ] Response time exceeded threshold: 4862ms (limit: 500ms)
2025-01-01 02:10:48 [INFO    ] Database connection pool size: 6837/20
2025-01-01 02:10:51 [INFO    ] Scheduled job 'cleanup_temp_files' completed in 3186s
2025-01-01 02:10:52 [INFO    ] Cache hit ratio at 2194% for the last 60 seconds
2025-01-01 02:10:58 [INFO    ] Scheduled job 'cleanup_temp_files' completed in 5579s
2025-01-01 02:11:03 [INFO    ] User login successful for user_id=7037
2025-01-01 02:11:06 [ERROR   ] Failed to connect to database after 5349 retries — giving up
2025-01-01 02:11:16 [INFO    ] Cache hit ratio at 8051% for the last 60 seconds
2025-01-01 02:11:20 [CRITICAL] SYSTEM SHUTDOWN INITIATED — out of memory (used: 1400MB / 512MB)
2025-01-01 02:11:26 [INFO    ] Database connection pool size: 261/20
2025-01-01 02:11:33 [WARNING ] Rate limit at 9533% for IP 192.168.5667.7900
2025-01-01 02:11:37 [WARNING ] Deprecated API endpoint /v1/legacy called by client 8127
2025-01-01 02:11:46 [WARNING ] Rate limit at 9588% for IP 192.168.4492.9412
2025-01-01 02:11:55 [INFO    ] Cache hit ratio at 9720% for the last 60 seconds
2025-01-01 02:11:56 [INFO    ] Request processed in 205ms — endpoint /api/v1/data
2025-01-01 02:11:59 [INFO    ] New session created — session_id=2953
2025-01-01 02:12:00 [WARNING ] Deprecated API endpoint /v1/legacy called by client 7030
2025-01-01 02:12:01 [INFO    ] Cache hit ratio at 7238% for the last 60 seconds
2025-01-01 02:12:09 [INFO    ] Request processed in 1413ms — endpoint /api/v1/data
2025-01-01 02:12:10 [ERROR   ] Authentication token expired for user_id=3853
2025-01-01 02:12:14 [DEBUG   ] Entering function process_batch() with batch_size=5709
2025-01-01 02:12:20 [ERROR   ] HTTP 500 returned for request_id=9670 — internal server error
2025-01-01 02:12:30 [INFO    ] User login successful for user_id=3468
2025-01-01 02:12:34 [DEBUG   ] Cache miss for key='user_profile_8011' — fetching from DB
2025-01-01 02:12:36 [DEBUG   ] Entering function process_batch() with batch_size=4349
2025-01-01 02:12:38 [ERROR   ] Unhandled exception in worker thread-9791: IndexError
2025-01-01 02:12:42 [INFO    ] Scheduled job 'cleanup_temp_files' completed in 9787s
2025-01-01 02:12:51 [DEBUG   ] SQL query executed: SELECT * FROM orders WHERE id=2524 (3644ms)
2025-01-01 02:12:55 [INFO    ] Database connection pool size: 4784/20
2025-01-01 02:13:01 [INFO    ] User login successful for user_id=4303
2025-01-01 02:13:11 [INFO    ] New session created — session_id=5687
2025-01-01 02:13:20 [ERROR   ] Unhandled exception in worker thread-7813: IndexError
2025-01-01 02:13:21 [INFO    ] New session created — session_id=6062
2025-01-01 02:13:26 [INFO    ] User login successful for user_id=431
2025-01-01 02:13:32 [WARNING ] Rate limit at 4091% for IP 192.168.5847.4415
2025-01-01 02:13:35 [ERROR   ] Unhandled exception in worker thread-4103: IndexError
2025-01-01 02:13:38 [INFO    ] Cache hit ratio at 8865% for the last 60 seconds
2025-01-01 02:13:47 [INFO    ] Scheduled job 'cleanup_temp_files' completed in 7941s
2025-01-01 02:13:51 [WARNING ] Memory usage at 7738MB — approaching soft limit of 512MB
2025-01-01 02:13:52 [DEBUG   ] Entering function process_batch() with batch_size=9363
2025-01-01 02:13:58 [INFO    ] Database connection pool size: 9668/20
2025-01-01 02:14:01 [INFO    ] Database connection pool size: 9317/20
2025-01-01 02:14:07 [WARNING ] Retry attempt 1688 of 3 for downstream service call
2025-01-01 02:14:08 [CRITICAL] Data corruption detected in table 'transactions' at row 8011
2025-01-01 02:14:15 [WARNING ] Deprecated API endpoint /v1/legacy called by client 7779
2025-01-01 02:14:21 [INFO    ] Scheduled job 'cleanup_temp_files' completed in 1777s
2025-01-01 02:14:28 [ERROR   ] HTTP 500 returned for request_id=832 — internal server error
2025-01-01 02:14:34 [INFO    ] User login successful for user_id=3156
2025-01-01 02:14:35 [DEBUG   ] Checkpoint reached at loop iteration 3245
2025-01-01 02:14:37 [ERROR   ] Failed to connect to database after 8483 retries — giving up
2025-01-01 02:14:47 [INFO    ] New session created — session_id=7423
2025-01-01 02:14:55 [INFO    ] Request processed in 6681ms — endpoint /api/v1/data
2025-01-01 02:15:03 [WARNING ] Retry attempt 9862 of 3 for downstream service call
2025-01-01 02:15:06 [INFO    ] Database connection pool size: 9557/20
2025-01-01 02:15:08 [INFO    ] Config reloaded from disk — version=6307
2025-01-01 02:15:11 [ERROR   ] Unhandled exception in worker thread-1593: IndexError
2025-01-01 02:15:18 [WARNING ] Response time exceeded threshold: 3319ms (limit: 500ms)
2025-01-01 02:15:22 [DEBUG   ] SQL query executed: SELECT * FROM orders WHERE id=9781 (9418ms)
2025-01-01 02:15:23 [CRITICAL] Data corruption detected in table 'transactions' at row 9035
2025-01-01 02:15:27 [WARNING ] Disk usage at 8837% on volume /dev/sda1 — consider cleanup
2025-01-01 02:15:33 [WARNING ] Response time exceeded threshold: 4969ms (limit: 500ms)
2025-01-01 02:15:38 [CRITICAL] SSL certificate expires in 1633 hours — immediate action required
2025-01-01 02:15:42 [WARNING ] Memory usage at 4959MB — approaching soft limit of 512MB
2025-01-01 02:15:46 [INFO    ] Cache hit ratio at 7542% for the last 60 seconds
2025-01-01 02:15:53 [ERROR   ] HTTP 500 returned for request_id=2411 — internal server error
2025-01-01 02:15:54 [INFO    ] New session created — session_id=452
2025-01-01 02:15:57 [ERROR   ] Unhandled exception in worker thread-2912: IndexError
2025-01-01 02:16:00 [INFO    ] Config reloaded from disk — version=7805
2025-01-01 02:16:05 [WARNING ] Response time exceeded threshold: 6690ms (limit: 500ms)
2025-01-01 02:16:13 [ERROR   ] Authentication token expired for user_id=3844
2025-01-01 02:16:23 [INFO    ] New session created — session_id=8091
2025-01-01 02:16:31 [INFO    ] Config reloaded from disk — version=3866
2025-01-01 02:16:40 [WARNING ] Retry attempt 5337 of 3 for downstream service call
2025-01-01 02:16:50 [DEBUG   ] Checkpoint reached at loop iteration 1261
2025-01-01 02:16:52 [WARNING ] Rate limit at 532% for IP 192.168.3709.3757
2025-01-01 02:17:00 [ERROR   ] HTTP 500 returned for request_id=1728 — internal server error
2025-01-01 02:17:02 [ERROR   ] HTTP 500 returned for request_id=3488 — internal server error
2025-01-01 02:17:12 [INFO    ] Database connection pool size: 8868/20
2025-01-01 02:17:19 [INFO    ] Database connection pool size: 1879/20
2025-01-01 02:17:20 [INFO    ] New session created — session_id=5861
2025-01-01 02:17:26 [INFO    ] Config reloaded from disk — version=9538
2025-01-01 02:17:32 [ERROR   ] HTTP 500 returned for request_id=7805 — internal server error
2025-01-01 02:17:40 [INFO    ] User login successful for user_id=9863
2025-01-01 02:17:49 [DEBUG   ] Lock acquired on resource 'invoice_2647' by thread-6382
2025-01-01 02:17:57 [CRITICAL] Primary database unreachable — all writes failing, queue depth: 8763
2025-01-01 02:17:58 [DEBUG   ] Cache miss for key='user_profile_3160' — fetching from DB
2025-01-01 02:18:05 [INFO    ] Cache hit ratio at 5225% for the last 60 seconds
2025-01-01 02:18:10 [INFO    ] Database connection pool size: 22/20
2025-01-01 02:18:12 [ERROR   ] Unhandled exception in worker thread-4033: IndexError
2025-01-01 02:18:18 [INFO    ] Cache hit ratio at 3008% for the last 60 seconds
2025-01-01 02:18:25 [INFO    ] Database connection pool size: 1134/20
2025-01-01 02:18:26 [INFO    ] Database connection pool size: 7668/20
2025-01-01 02:18:33 [WARNING ] Retry attempt 3441 of 3 for downstream service call
2025-01-01 02:18:36 [WARNING ] Response time exceeded threshold: 9884ms (limit: 500ms)
2025-01-01 02:18:41 [INFO    ] User login successful for user_id=9196
2025-01-01 02:18:46 [INFO    ] Scheduled job 'cleanup_temp_files' completed in 5951s
2025-01-01 02:18:54 [INFO    ] Scheduled job 'cleanup_temp_files' completed in 8891s
2025-01-01 02:18:57 [INFO    ] Cache hit ratio at 6664% for the last 60 seconds
2025-01-01 02:19:04 [WARNING ] Memory usage at 3847MB — approaching soft limit of 512MB
2025-01-01 02:19:12 [WARNING ] Response time exceeded threshold: 4211ms (limit: 500ms)
2025-01-01 02:19:19 [WARNING ] Response time exceeded threshold: 3052ms (limit: 500ms)
2025-01-01 02:19:28 [CRITICAL] Data corruption detected in table 'transactions' at row 6810
2025-01-01 02:19:30 [DEBUG   ] Cache miss for key='user_profile_8912' — fetching from DB
2025-01-01 02:19:39 [CRITICAL] Primary database unreachable — all writes failing, queue depth: 1261
2025-01-01 02:19:43 [DEBUG   ] Cache miss for key='user_profile_7950' — fetching from DB
2025-01-01 02:19:45 [INFO    ] User login successful for user_id=8024
2025-01-01 02:19:49 [WARNING ] Disk usage at 1509% on volume /dev/sda1 — consider cleanup
2025-01-01 02:19:52 [ERROR   ] Authentication token expired for user_id=7810
2025-01-01 02:20:02 [DEBUG   ] Checkpoint reached at loop iteration 3726
2025-01-01 02:20:08 [WARNING ] Deprecated API endpoint /v1/legacy called by client 9915
2025-01-01 02:20:15 [WARNING ] Deprecated API endpoint /v1/legacy called by client 3469
2025-01-01 02:20:25 [INFO    ] Scheduled job 'cleanup_temp_files' completed in 2619s
2025-01-01 02:20:31 [INFO    ] Cache hit ratio at 9340% for the last 60 seconds
2025-01-01 02:20:41 [INFO    ] Database connection pool size: 7385/20
2025-01-01 02:20:48 [INFO    ] New session created — session_id=4664
2025-01-01 02:20:51 [WARNING ] Retry attempt 2573 of 3 for downstream service call
2025-01-01 02:20:58 [WARNING ] Response time exceeded threshold: 5007ms (limit: 500ms)
2025-01-01 02:20:59 [WARNING ] Deprecated API endpoint /v1/legacy called by client 5705
2025-01-01 02:21:04 [WARNING ] Memory usage at 2582MB — approaching soft limit of 512MB
2025-01-01 02:21:11 [INFO    ] Scheduled job 'cleanup_temp_files' completed in 185s
2025-01-01 02:21:18 [INFO    ] Config reloaded from disk — version=3909
2025-01-01 02:21:25 [DEBUG   ] Lock acquired on resource 'invoice_7722' by thread-3476
2025-01-01 02:21:29 [CRITICAL] SSL certificate expires in 529 hours — immediate action required
2025-01-01 02:21:39 [INFO    ] New session created — session_id=4849
2025-01-01 02:21:40 [INFO    ] Scheduled job 'cleanup_temp_files' completed in 8106s
2025-01-01 02:21:43 [WARNING ] Memory usage at 434MB — approaching soft limit of 512MB
2025-01-01 02:21:52 [INFO    ] New session created — session_id=428
2025-01-01 02:21:55 [ERROR   ] Unhandled exception in worker thread-3497: IndexError
2025-01-01 02:22:01 [CRITICAL] SYSTEM SHUTDOWN INITIATED — out of memory (used: 8670MB / 512MB)
2025-01-01 02:22:08 [INFO    ] Scheduled job 'cleanup_temp_files' completed in 4896s
2025-01-01 02:22:17 [DEBUG   ] Lock acquired on resource 'invoice_1201' by thread-4949
2025-01-01 02:22:19 [INFO    ] Cache hit ratio at 150% for the last 60 seconds
2025-01-01 02:22:20 [INFO    ] Config reloaded from disk — version=5634
2025-01-01 02:22:24 [DEBUG   ] Cache miss for key='user_profile_7458' — fetching from DB
2025-01-01 02:22:31 [WARNING ] Disk usage at 5624% on volume /dev/sda1 — consider cleanup
2025-01-01 02:22:41 [INFO    ] Scheduled job 'cleanup_temp_files' completed in 6017s
2025-01-01 02:22:45 [WARNING ] Memory usage at 4583MB — approaching soft limit of 512MB
2025-01-01 02:22:54 [ERROR   ] Unhandled exception in worker thread-9298: IndexError
2025-01-01 02:23:03 [WARNING ] Memory usage at 2815MB — approaching soft limit of 512MB
2025-01-01 02:23:08 [INFO    ] Cache hit ratio at 1846% for the last 60 seconds
2025-01-01 02:23:10 [WARNING ] Deprecated API endpoint /v1/legacy called by client 9927
2025-01-01 02:23:11 [INFO    ] User login successful for user_id=5360
2025-01-01 02:23:20 [WARNING ] Disk usage at 4376% on volume /dev/sda1 — consider cleanup
2025-01-01 02:23:26 [ERROR   ] Failed to connect to database after 3100 retries — giving up
2025-01-01 02:23:28 [ERROR   ] HTTP 500 returned for request_id=4684 — internal server error
2025-01-01 02:23:29 [WARNING ] Response time exceeded threshold: 7306ms (limit: 500ms)
2025-01-01 02:23:30 [INFO    ] User login successful for user_id=9019
2025-01-01 02:23:37 [INFO    ] Cache hit ratio at 6971% for the last 60 seconds
2025-01-01 02:23:43 [INFO    ] New session created — session_id=9412
2025-01-01 02:23:46 [INFO    ] Cache hit ratio at 9667% for the last 60 seconds
2025-01-01 02:23:47 [INFO    ] Database connection pool size: 911/20
2025-01-01 02:23:51 [ERROR   ] HTTP 500 returned for request_id=5893 — internal server error
2025-01-01 02:24:00 [INFO    ] Database connection pool size: 1037/20
2025-01-01 02:24:07 [WARNING ] Disk usage at 9519% on volume /dev/sda1 — consider cleanup
2025-01-01 02:24:11 [INFO    ] Cache hit ratio at 7124% for the last 60 seconds
2025-01-01 02:24:14 [INFO    ] Request processed in 7233ms — endpoint /api/v1/data
2025-01-01 02:24:24 [WARNING ] Rate limit at 4092% for IP 192.168.33.5890
2025-01-01 02:24:27 [WARNING ] Rate limit at 9199% for IP 192.168.5059.7182
2025-01-01 02:24:35 [WARNING ] Deprecated API endpoint /v1/legacy called by client 3789
2025-01-01 02:24:41 [ERROR   ] Failed to connect to database after 1515 retries — giving up
2025-01-01 02:24:43 [INFO    ] Scheduled job 'cleanup_temp_files' completed in 1331s
2025-01-01 02:24:50 [INFO    ] Database connection pool size: 8160/20
2025-01-01 02:25:00 [INFO    ] New session created — session_id=6380
2025-01-01 02:25:05 [WARNING ] Deprecated API endpoint /v1/legacy called by client 8004
2025-01-01 02:25:07 [ERROR   ] Authentication token expired for user_id=5768
2025-01-01 02:25:16 [ERROR   ] Unhandled exception in worker thread-756: IndexError
2025-01-01 02:25:22 [DEBUG   ] SQL query executed: SELECT * FROM orders WHERE id=4070 (8843ms)
2025-01-01 02:25:30 [WARNING ] Rate limit at 4979% for IP 192.168.6490.6214
2025-01-01 02:25:31 [CRITICAL] SYSTEM SHUTDOWN INITIATED — out of memory (used: 5080MB / 512MB)
2025-01-01 02:25:40 [WARNING ] Response time exceeded threshold: 7929ms (limit: 500ms)
2025-01-01 02:25:42 [INFO    ] New session created — session_id=2357
2025-01-01 02:25:48 [INFO    ] Scheduled job 'cleanup_temp_files' completed in 249s
2025-01-01 02:25:58 [ERROR   ] Unhandled exception in worker thread-1973: IndexError
2025-01-01 02:26:00 [ERROR   ] File not found: /var/data/report_9275.csv
2025-01-01 02:26:07 [INFO    ] Database connection pool size: 1331/20
2025-01-01 02:26:10 [INFO    ] Scheduled job 'cleanup_temp_files' completed in 5287s
2025-01-01 02:26:13 [INFO    ] Cache hit ratio at 9778% for the last 60 seconds
2025-01-01 02:26:17 [INFO    ] Config reloaded from disk — version=9455
2025-01-01 02:26:23 [INFO    ] User login successful for user_id=9070
2025-01-01 02:26:24 [WARNING ] Rate limit at 3957% for IP 192.168.2361.7866
2025-01-01 02:26:30 [INFO    ] Cache hit ratio at 2118% for the last 60 seconds
2025-01-01 02:26:38 [ERROR   ] Authentication token expired for user_id=2386
2025-01-01 02:26:43 [INFO    ] Config reloaded from disk — version=1758
2025-01-01 02:26:49 [DEBUG   ] Entering function process_batch() with batch_size=3338
2025-01-01 02:26:57 [INFO    ] New session created — session_id=8300
2025-01-01 02:27:00 [DEBUG   ] Lock acquired on resource 'invoice_6835' by thread-3918
2025-01-01 02:27:05 [WARNING ] Response time exceeded threshold: 1697ms (limit: 500ms)
2025-01-01 02:27:11 [CRITICAL] Security breach detected: 589 failed login attempts from IP 10.0.9278.204
2025-01-01 02:27:17 [INFO    ] Cache hit ratio at 2466% for the last 60 seconds
2025-01-01 02:27:20 [INFO    ] New session created — session_id=7716
2025-01-01 02:27:25 [INFO    ] Request processed in 3132ms — endpoint /api/v1/data
2025-01-01 02:27:28 [INFO    ] Config reloaded from disk — version=8499
2025-01-01 02:27:36 [INFO    ] Config reloaded from disk — version=7041
2025-01-01 02:27:43 [ERROR   ] Failed to connect to database after 7736 retries — giving up
2025-01-01 02:27:45 [ERROR   ] Unhandled exception in worker thread-567: IndexError
2025-01-01 02:27:48 [INFO    ] Config reloaded from disk — version=1167
2025-01-01 02:27:52 [DEBUG   ] SQL query executed: SELECT * FROM orders WHERE id=9615 (8826ms)
2025-01-01 02:27:57 [ERROR   ] Failed to connect to database after 6253 retries — giving up
2025-01-01 02:28:07 [ERROR   ] Authentication token expired for user_id=2360
2025-01-01 02:28:13 [ERROR   ] Unhandled exception in worker thread-8342: IndexError
2025-01-01 02:28:20 [WARNING ] Rate limit at 8820% for IP 192.168.9070.7341
2025-01-01 02:28:21 [INFO    ] Config reloaded from disk — version=5881
2025-01-01 02:28:28 [ERROR   ] Failed to connect to database after 4482 retries — giving up
2025-01-01 02:28:31 [INFO    ] Config reloaded from disk — version=1145
2025-01-01 02:28:38 [ERROR   ] File not found: /var/data/report_1975.csv
2025-01-01 02:28:44 [INFO    ] Config reloaded from disk — version=700
2025-01-01 02:28:45 [INFO    ] Cache hit ratio at 3962% for the last 60 seconds
2025-01-01 02:28:52 [WARNING ] Retry attempt 6919 of 3 for downstream service call
2025-01-01 02:28:59 [INFO    ] Cache hit ratio at 7472% for the last 60 seconds
2025-01-01 02:29:02 [INFO    ] Request processed in 3072ms — endpoint /api/v1/data
2025-01-01 02:29:03 [WARNING ] Deprecated API endpoint /v1/legacy called by client 6881
2025-01-01 02:29:06 [ERROR   ] NullPointerException in module payments.processor at line 5974
2025-01-01 02:29:13 [INFO    ] Cache hit ratio at 646% for the last 60 seconds
2025-01-01 02:29:20 [DEBUG   ] Entering function process_batch() with batch_size=6938
2025-01-01 02:29:29 [DEBUG   ] Serializing response object — 9801 fields found
2025-01-01 02:29:39 [WARNING ] Retry attempt 3271 of 3 for downstream service call
2025-01-01 02:29:47 [DEBUG   ] SQL query executed: SELECT * FROM orders WHERE id=5987 (6075ms)
2025-01-01 02:29:53 [ERROR   ] Unhandled exception in worker thread-5701: IndexError
2025-01-01 02:30:02 [INFO    ] Scheduled job 'cleanup_temp_files' completed in 4703s
2025-01-01 02:30:05 [INFO    ] Scheduled job 'cleanup_temp_files' completed in 9548s
2025-01-01 02:30:11 [WARNING ] Response time exceeded threshold: 9367ms (limit: 500ms)
2025-01-01 02:30:14 [WARNING ] Deprecated API endpoint /v1/legacy called by client 3162
2025-01-01 02:30:18 [INFO    ] Scheduled job 'cleanup_temp_files' completed in 1975s
2025-01-01 02:30:20 [INFO    ] Config reloaded from disk — version=8432
2025-01-01 02:30:26 [WARNING ] Memory usage at 2858MB — approaching soft limit of 512MB
2025-01-01 02:30:32 [WARNING ] Disk usage at 2103% on volume /dev/sda1 — consider cleanup
2025-01-01 02:30:36 [WARNING ] Response time exceeded threshold: 6468ms (limit: 500ms)
2025-01-01 02:30:44 [INFO    ] Config reloaded from disk — version=9226
2025-01-01 02:30:54 [ERROR   ] NullPointerException in module payments.processor at line 5408
2025-01-01 02:31:04 [WARNING ] Disk usage at 4990% on volume /dev/sda1 — consider cleanup
2025-01-01 02:31:05 [DEBUG   ] Cache miss for key='user_profile_2618' — fetching from DB
2025-01-01 02:31:08 [INFO    ] Database connection pool size: 8351/20
2025-01-01 02:31:18 [DEBUG   ] SQL query executed: SELECT * FROM orders WHERE id=1093 (6108ms)
2025-01-01 02:31:28 [ERROR   ] Authentication token expired for user_id=7571
2025-01-01 02:31:37 [DEBUG   ] SQL query executed: SELECT * FROM orders WHERE id=4257 (511ms)
2025-01-01 02:31:38 [WARNING ] Response time exceeded threshold: 2501ms (limit: 500ms)
2025-01-01 02:31:41 [ERROR   ] Authentication token expired for user_id=391
2025-01-01 02:31:43 [WARNING ] Deprecated API endpoint /v1/legacy called by client 9127
2025-01-01 02:31:53 [ERROR   ] File not found: /var/data/report_7504.csv
2025-01-01 02:31:57 [INFO    ] Request processed in 2828ms — endpoint /api/v1/data
2025-01-01 02:32:02 [INFO    ] New session created — session_id=2894
2025-01-01 02:32:12 [CRITICAL] Primary database unreachable — all writes failing, queue depth: 5291
2025-01-01 02:32:22 [INFO    ] Scheduled job 'cleanup_temp_files' completed in 3438s
2025-01-01 02:32:27 [DEBUG   ] Entering function process_batch() with batch_size=6216
2025-01-01 02:32:32 [INFO    ] Config reloaded from disk — version=3854
2025-01-01 02:32:33 [DEBUG   ] Serializing response object — 4751 fields found
2025-01-01 02:32:34 [INFO    ] Cache hit ratio at 8135% for the last 60 seconds
2025-01-01 02:32:40 [INFO    ] Scheduled job 'cleanup_temp_files' completed in 1581s
2025-01-01 02:32:49 [ERROR   ] Authentication token expired for user_id=6366
2025-01-01 02:32:53 [WARNING ] Response time exceeded threshold: 5698ms (limit: 500ms)
2025-01-01 02:33:00 [DEBUG   ] SQL query executed: SELECT * FROM orders WHERE id=884 (1509ms)
2025-01-01 02:33:01 [INFO    ] Config reloaded from disk — version=4413
2025-01-01 02:33:07 [INFO    ] Scheduled job 'cleanup_temp_files' completed in 4246s
2025-01-01 02:33:16 [DEBUG   ] Lock acquired on resource 'invoice_7003' by thread-5020
2025-01-01 02:33:26 [WARNING ] Disk usage at 5322% on volume /dev/sda1 — consider cleanup
2025-01-01 02:33:31 [WARNING ] Retry attempt 1066 of 3 for downstream service call
2025-01-01 02:33:33 [WARNING ] Response time exceeded threshold: 1874ms (limit: 500ms)
2025-01-01 02:33:35 [ERROR   ] Authentication token expired for user_id=1145
2025-01-01 02:33:45 [INFO    ] User login successful for user_id=2709
2025-01-01 02:33:52 [INFO    ] Scheduled job 'cleanup_temp_files' completed in 4247s
2025-01-01 02:33:57 [WARNING ] Disk usage at 8091% on volume /dev/sda1 — consider cleanup
2025-01-01 02:34:01 [DEBUG   ] Serializing response object — 2609 fields found
2025-01-01 02:34:09 [ERROR   ] File not found: /var/data/report_7704.csv
2025-01-01 02:34:13 [WARNING ] Rate limit at 321% for IP 192.168.7072.2826
2025-01-01 02:34:16 [CRITICAL] Primary database unreachable — all writes failing, queue depth: 676
2025-01-01 02:34:22 [INFO    ] Request processed in 5023ms — endpoint /api/v1/data
2025-01-01 02:34:28 [ERROR   ] NullPointerException in module payments.processor at line 8611
2025-01-01 02:34:37 [INFO    ] Request processed in 4145ms — endpoint /api/v1/data
2025-01-01 02:34:42 [CRITICAL] SSL certificate expires in 1538 hours — immediate action required
2025-01-01 02:34:45 [ERROR   ] File not found: /var/data/report_6068.csv
2025-01-01 02:34:55 [WARNING ] Memory usage at 5217MB — approaching soft limit of 512MB
2025-01-01 02:35:05 [INFO    ] Cache hit ratio at 2224% for the last 60 seconds
2025-01-01 02:35:11 [ERROR   ] NullPointerException in module payments.processor at line 8198
2025-01-01 02:35:15 [INFO    ] Cache hit ratio at 7520% for the last 60 seconds
2025-01-01 02:35:17 [INFO    ] Config reloaded from disk — version=8626
2025-01-01 02:35:23 [INFO    ] Cache hit ratio at 1052% for the last 60 seconds
2025-01-01 02:35:25 [INFO    ] Cache hit ratio at 3176% for the last 60 seconds
2025-01-01 02:35:28 [WARNING ] Rate limit at 1442% for IP 192.168.4993.5003
2025-01-01 02:35:33 [WARNING ] Rate limit at 6148% for IP 192.168.6879.2743
2025-01-01 02:35:42 [CRITICAL] SSL certificate expires in 2852 hours — immediate action required
2025-01-01 02:35:43 [DEBUG   ] Cache miss for key='user_profile_8670' — fetching from DB
2025-01-01 02:35:51 [INFO    ] Database connection pool size: 3913/20
2025-01-01 02:35:53 [INFO    ] User login successful for user_id=6264
2025-01-01 02:36:01 [INFO    ] User login successful for user_id=5268
2025-01-01 02:36:05 [INFO    ] Cache hit ratio at 7729% for the last 60 seconds
2025-01-01 02:36:09 [DEBUG   ] Entering function process_batch() with batch_size=8979
2025-01-01 02:36:19 [INFO    ] Database connection pool size: 1488/20
2025-01-01 02:36:28 [INFO    ] Cache hit ratio at 3580% for the last 60 seconds
2025-01-01 02:36:37 [CRITICAL] Primary database unreachable — all writes failing, queue depth: 1224
2025-01-01 02:36:42 [WARNING ] Memory usage at 2592MB — approaching soft limit of 512MB
2025-01-01 02:36:47 [ERROR   ] Authentication token expired for user_id=5353
2025-01-01 02:36:53 [ERROR   ] Failed to connect to database after 1975 retries — giving up
2025-01-01 02:37:03 [WARNING ] Memory usage at 7825MB — approaching soft limit of 512MB
2025-01-01 02:37:11 [INFO    ] Database connection pool size: 2839/20
2025-01-01 02:37:18 [DEBUG   ] SQL query executed: SELECT * FROM orders WHERE id=988 (3545ms)
2025-01-01 02:37:25 [INFO    ] Cache hit ratio at 7616% for the last 60 seconds
2025-01-01 02:37:35 [INFO    ] Config reloaded from disk — version=5674
2025-01-01 02:37:37 [WARNING ] Rate limit at 3691% for IP 192.168.9.1473
2025-01-01 02:37:47 [WARNING ] Rate limit at 7816% for IP 192.168.1414.1226
2025-01-01 02:37:51 [WARNING ] Deprecated API endpoint /v1/legacy called by client 9255
2025-01-01 02:38:00 [DEBUG   ] Serializing response object — 2774 fields found
2025-01-01 02:38:08 [INFO    ] Database connection pool size: 3102/20
2025-01-01 02:38:12 [INFO    ] Config reloaded from disk — version=1893
2025-01-01 02:38:20 [ERROR   ] NullPointerException in module payments.processor at line 9811
2025-01-01 02:38:25 [ERROR   ] Failed to connect to database after 5971 retries — giving up
2025-01-01 02:38:26 [CRITICAL] SYSTEM SHUTDOWN INITIATED — out of memory (used: 2337MB / 512MB)
2025-01-01 02:38:34 [INFO    ] Request processed in 6656ms — endpoint /api/v1/data
2025-01-01 02:38:39 [INFO    ] Database connection pool size: 3882/20
2025-01-01 02:38:47 [INFO    ] User login successful for user_id=2551
2025-01-01 02:38:57 [WARNING ] Disk usage at 6564% on volume /dev/sda1 — consider cleanup
2025-01-01 02:39:06 [INFO    ] Config reloaded from disk — version=1220
2025-01-01 02:39:12 [INFO    ] New session created — session_id=4528
2025-01-01 02:39:15 [CRITICAL] Data corruption detected in table 'transactions' at row 1892
2025-01-01 02:39:17 [INFO    ] Config reloaded from disk — version=3878
2025-01-01 02:39:20 [INFO    ] Config reloaded from disk — version=2472
2025-01-01 02:39:21 [ERROR   ] NullPointerException in module payments.processor at line 8451
2025-01-01 02:39:31 [INFO    ] Config reloaded from disk — version=9212
2025-01-01 02:39:38 [WARNING ] Deprecated API endpoint /v1/legacy called by client 4397
2025-01-01 02:39:48 [ERROR   ] Unhandled exception in worker thread-2118: IndexError
2025-01-01 02:39:52 [INFO    ] Config reloaded from disk — version=4886
2025-01-01 02:39:53 [INFO    ] Database connection pool size: 3/20
2025-01-01 02:39:58 [INFO    ] Scheduled job 'cleanup_temp_files' completed in 4093s
2025-01-01 02:39:59 [INFO    ] User login successful for user_id=5655
2025-01-01 02:40:05 [WARNING ] Rate limit at 8827% for IP 192.168.4838.8518
2025-01-01 02:40:06 [ERROR   ] Unhandled exception in worker thread-3126: IndexError
2025-01-01 02:40:09 [WARNING ] Deprecated API endpoint /v1/legacy called by client 8333
2025-01-01 02:40:11 [INFO    ] Scheduled job 'cleanup_temp_files' completed in 874s
2025-01-01 02:40:20 [INFO    ] Scheduled job 'cleanup_temp_files' completed in 3049s
2025-01-01 02:40:25 [INFO    ] Config reloaded from disk — version=8267
2025-01-01 02:40:35 [ERROR   ] Failed to connect to database after 765 retries — giving up
2025-01-01 02:40:42 [WARNING ] Retry attempt 6259 of 3 for downstream service call
2025-01-01 02:40:51 [WARNING ] Retry attempt 2909 of 3 for downstream service call
2025-01-01 02:40:55 [ERROR   ] File not found: /var/data/report_6836.csv
2025-01-01 02:40:58 [INFO    ] Request processed in 9844ms — endpoint /api/v1/data
2025-01-01 02:40:59 [INFO    ] Database connection pool size: 310/20
2025-01-01 02:41:07 [ERROR   ] NullPointerException in module payments.processor at line 6501
2025-01-01 02:41:17 [CRITICAL] Primary database unreachable — all writes failing, queue depth: 6244
2025-01-01 02:41:24 [ERROR   ] Failed to connect to database after 1509 retries — giving up
2025-01-01 02:41:30 [INFO    ] Scheduled job 'cleanup_temp_files' completed in 847s
2025-01-01 02:41:32 [INFO    ] Config reloaded from disk — version=1196
2025-01-01 02:41:34 [INFO    ] User login successful for user_id=3657
2025-01-01 02:41:38 [ERROR   ] Unhandled exception in worker thread-8824: IndexError
2025-01-01 02:41:43 [WARNING ] Response time exceeded threshold: 1518ms (limit: 500ms)
2025-01-01 02:41:53 [INFO    ] User login successful for user_id=4534
2025-01-01 02:41:56 [INFO    ] Cache hit ratio at 181% for the last 60 seconds
2025-01-01 02:42:02 [ERROR   ] HTTP 500 returned for request_id=6796 — internal server error
2025-01-01 02:42:12 [INFO    ] Scheduled job 'cleanup_temp_files' completed in 8617s
2025-01-01 02:42:15 [INFO    ] Request processed in 5933ms — endpoint /api/v1/data
2025-01-01 02:42:16 [ERROR   ] Unhandled exception in worker thread-8494: IndexError
2025-01-01 02:42:21 [ERROR   ] NullPointerException in module payments.processor at line 3942
2025-01-01 02:42:26 [CRITICAL] Security breach detected: 3503 failed login attempts from IP 10.0.7221.976
2025-01-01 02:42:34 [INFO    ] New session created — session_id=9940
2025-01-01 02:42:38 [ERROR   ] NullPointerException in module payments.processor at line 8961
2025-01-01 02:42:46 [CRITICAL] Security breach detected: 1503 failed login attempts from IP 10.0.8435.3837
2025-01-01 02:42:56 [INFO    ] Cache hit ratio at 2011% for the last 60 seconds
2025-01-01 02:43:06 [WARNING ] Response time exceeded threshold: 7586ms (limit: 500ms)
2025-01-01 02:43:14 [ERROR   ] NullPointerException in module payments.processor at line 1824
2025-01-01 02:43:15 [ERROR   ] NullPointerException in module payments.processor at line 8506
2025-01-01 02:43:17 [INFO    ] Cache hit ratio at 1612% for the last 60 seconds
2025-01-01 02:43:19 [INFO    ] Database connection pool size: 2506/20
2025-01-01 02:43:20 [WARNING ] Memory usage at 9700MB — approaching soft limit of 512MB
2025-01-01 02:43:24 [INFO    ] Scheduled job 'cleanup_temp_files' completed in 7619s
2025-01-01 02:43:26 [INFO    ] Database connection pool size: 9494/20
2025-01-01 02:43:27 [INFO    ] Scheduled job 'cleanup_temp_files' completed in 3353s
2025-01-01 02:43:31 [WARNING ] Memory usage at 435MB — approaching soft limit of 512MB
2025-01-01 02:43:41 [WARNING ] Response time exceeded threshold: 1864ms (limit: 500ms)
2025-01-01 02:43:44 [WARNING ] Retry attempt 6601 of 3 for downstream service call
2025-01-01 02:43:49 [WARNING ] Disk usage at 5862% on volume /dev/sda1 — consider cleanup
2025-01-01 02:43:57 [ERROR   ] Authentication token expired for user_id=6831
2025-01-01 02:44:07 [INFO    ] Request processed in 5235ms — endpoint /api/v1/data
2025-01-01 02:44:17 [INFO    ] Database connection pool size: 4679/20
2025-01-01 02:44:19 [DEBUG   ] Checkpoint reached at loop iteration 3942
2025-01-01 02:44:26 [INFO    ] Config reloaded from disk — version=3200
2025-01-01 02:44:33 [WARNING ] Retry attempt 8538 of 3 for downstream service call
2025-01-01 02:44:38 [ERROR   ] Authentication token expired for user_id=8691
2025-01-01 02:44:42 [DEBUG   ] Checkpoint reached at loop iteration 1876
2025-01-01 02:44:43 [INFO    ] User login successful for user_id=1694
2025-01-01 02:44:44 [DEBUG   ] Serializing response object — 6178 fields found
2025-01-01 02:44:47 [WARNING ] Response time exceeded threshold: 4806ms (limit: 500ms)
2025-01-01 02:44:57 [WARNING ] Disk usage at 6862% on volume /dev/sda1 — consider cleanup
2025-01-01 02:45:05 [INFO    ] Config reloaded from disk — version=6026
2025-01-01 02:45:13 [WARNING ] Retry attempt 6978 of 3 for downstream service call
2025-01-01 02:45:21 [DEBUG   ] SQL query executed: SELECT * FROM orders WHERE id=5555 (3099ms)
2025-01-01 02:45:30 [WARNING ] Retry attempt 3478 of 3 for downstream service call
2025-01-01 02:45:34 [CRITICAL] SYSTEM SHUTDOWN INITIATED — out of memory (used: 6567MB / 512MB)
2025-01-01 02:45:42 [ERROR   ] HTTP 500 returned for request_id=6618 — internal server error
2025-01-01 02:45:52 [WARNING ] Disk usage at 7491% on volume /dev/sda1 — consider cleanup
2025-01-01 02:45:57 [INFO    ] Request processed in 9407ms — endpoint /api/v1/data
2025-01-01 02:45:58 [WARNING ] Response time exceeded threshold: 8793ms (limit: 500ms)
2025-01-01 02:46:02 [WARNING ] Retry attempt 6530 of 3 for downstream service call
2025-01-01 02:46:09 [WARNING ] Deprecated API endpoint /v1/legacy called by client 7866
2025-01-01 02:46:10 [WARNING ] Response time exceeded threshold: 5491ms (limit: 500ms)
2025-01-01 02:46:18 [INFO    ] Database connection pool size: 3369/20
2025-01-01 02:46:19 [INFO    ] Cache hit ratio at 3730% for the last 60 seconds
2025-01-01 02:46:25 [CRITICAL] SYSTEM SHUTDOWN INITIATED — out of memory (used: 3210MB / 512MB)
2025-01-01 02:46:33 [DEBUG   ] Cache miss for key='user_profile_8428' — fetching from DB
2025-01-01 02:46:43 [INFO    ] New session created — session_id=6748
2025-01-01 02:46:51 [CRITICAL] SYSTEM SHUTDOWN INITIATED — out of memory (used: 3322MB / 512MB)
2025-01-01 02:47:01 [WARNING ] Disk usage at 9655% on volume /dev/sda1 — consider cleanup
2025-01-01 02:47:11 [INFO    ] Scheduled job 'cleanup_temp_files' completed in 9215s
2025-01-01 02:47:12 [INFO    ] New session created — session_id=1257
2025-01-01 02:47:14 [ERROR   ] File not found: /var/data/report_7960.csv
2025-01-01 02:47:24 [DEBUG   ] Entering function process_batch() with batch_size=1068
2025-01-01 02:47:32 [ERROR   ] NullPointerException in module payments.processor at line 8730
2025-01-01 02:47:37 [WARNING ] Rate limit at 6890% for IP 192.168.5858.8323
2025-01-01 02:47:46 [WARNING ] Rate limit at 5832% for IP 192.168.1349.710
2025-01-01 02:47:51 [WARNING ] Memory usage at 5676MB — approaching soft limit of 512MB
2025-01-01 02:47:56 [INFO    ] Scheduled job 'cleanup_temp_files' completed in 7550s
2025-01-01 02:48:04 [DEBUG   ] Entering function process_batch() with batch_size=9253
2025-01-01 02:48:06 [ERROR   ] Unhandled exception in worker thread-2210: IndexError
2025-01-01 02:48:13 [INFO    ] Cache hit ratio at 9630% for the last 60 seconds
2025-01-01 02:48:20 [ERROR   ] NullPointerException in module payments.processor at line 7146
2025-01-01 02:48:24 [INFO    ] New session created — session_id=9292
2025-01-01 02:48:33 [WARNING ] Retry attempt 4494 of 3 for downstream service call
2025-01-01 02:48:35 [INFO    ] User login successful for user_id=8642
2025-01-01 02:48:44 [INFO    ] Database connection pool size: 3981/20
2025-01-01 02:48:52 [INFO    ] Config reloaded from disk — version=3738
2025-01-01 02:48:58 [DEBUG   ] Entering function process_batch() with batch_size=5460
2025-01-01 02:49:07 [WARNING ] Memory usage at 7907MB — approaching soft limit of 512MB
2025-01-01 02:49:09 [WARNING ] Memory usage at 7608MB — approaching soft limit of 512MB
2025-01-01 02:49:15 [INFO    ] Request processed in 9201ms — endpoint /api/v1/data
2025-01-01 02:49:18 [INFO    ] New session created — session_id=9003
2025-01-01 02:49:26 [WARNING ] Memory usage at 5598MB — approaching soft limit of 512MB
2025-01-01 02:49:29 [INFO    ] Request processed in 2172ms — endpoint /api/v1/data
2025-01-01 02:49:32 [INFO    ] Cache hit ratio at 1175% for the last 60 seconds
2025-01-01 02:49:41 [ERROR   ] Failed to connect to database after 8573 retries — giving up
2025-01-01 02:49:46 [INFO    ] Cache hit ratio at 7796% for the last 60 seconds
2025-01-01 02:49:53 [INFO    ] Cache hit ratio at 8934% for the last 60 seconds
2025-01-01 02:49:54 [INFO    ] User login successful for user_id=3066
2025-01-01 02:50:01 [INFO    ] Config reloaded from disk — version=1093
2025-01-01 02:50:07 [WARNING ] Rate limit at 5590% for IP 192.168.3796.1666
2025-01-01 02:50:16 [CRITICAL] Primary database unreachable — all writes failing, queue depth: 2649
2025-01-01 02:50:18 [WARNING ] Disk usage at 3717% on volume /dev/sda1 — consider cleanup
2025-01-01 02:50:24 [INFO    ] Config reloaded from disk — version=1802
2025-01-01 02:50:32 [INFO    ] Scheduled job 'cleanup_temp_files' completed in 5234s
2025-01-01 02:50:42 [ERROR   ] Failed to connect to database after 8597 retries — giving up
2025-01-01 02:50:47 [INFO    ] Request processed in 7069ms — endpoint /api/v1/data
2025-01-01 02:50:51 [WARNING ] Deprecated API endpoint /v1/legacy called by client 9675
2025-01-01 02:50:55 [INFO    ] Database connection pool size: 5734/20
2025-01-01 02:51:05 [WARNING ] Memory usage at 3369MB — approaching soft limit of 512MB
2025-01-01 02:51:15 [WARNING ] Retry attempt 7720 of 3 for downstream service call
2025-01-01 02:51:19 [INFO    ] Request processed in 4836ms — endpoint /api/v1/data
2025-01-01 02:51:26 [INFO    ] New session created — session_id=3096
2025-01-01 02:51:27 [INFO    ] Database connection pool size: 5298/20
2025-01-01 02:51:36 [ERROR   ] Authentication token expired for user_id=6420
2025-01-01 02:51:37 [INFO    ] Config reloaded from disk — version=2831
2025-01-01 02:51:40 [INFO    ] Cache hit ratio at 9285% for the last 60 seconds
2025-01-01 02:51:41 [CRITICAL] Security breach detected: 9029 failed login attempts from IP 10.0.8199.9647
2025-01-01 02:51:50 [INFO    ] New session created — session_id=1684
2025-01-01 02:51:52 [DEBUG   ] Entering function process_batch() with batch_size=9760
2025-01-01 02:52:00 [INFO    ] Database connection pool size: 1572/20
2025-01-01 02:52:08 [INFO    ] Database connection pool size: 9637/20
2025-01-01 02:52:13 [ERROR   ] Failed to connect to database after 4612 retries — giving up
2025-01-01 02:52:21 [WARNING ] Retry attempt 7676 of 3 for downstream service call
2025-01-01 02:52:30 [INFO    ] New session created — session_id=110
2025-01-01 02:52:38 [ERROR   ] Failed to connect to database after 2376 retries — giving up
2025-01-01 02:52:41 [WARNING ] Rate limit at 8372% for IP 192.168.8836.1706
2025-01-01 02:52:49 [INFO    ] Cache hit ratio at 9677% for the last 60 seconds
2025-01-01 02:52:58 [WARNING ] Retry attempt 5157 of 3 for downstream service call
2025-01-01 02:53:05 [ERROR   ] NullPointerException in module payments.processor at line 5004
2025-01-01 02:53:15 [INFO    ] Config reloaded from disk — version=9514
2025-01-01 02:53:18 [INFO    ] Database connection pool size: 1546/20
2025-01-01 02:53:19 [ERROR   ] Failed to connect to database after 784 retries — giving up
2025-01-01 02:53:23 [DEBUG   ] Lock acquired on resource 'invoice_5198' by thread-7270
2025-01-01 02:53:31 [INFO    ] Cache hit ratio at 2214% for the last 60 seconds
2025-01-01 02:53:33 [INFO    ] New session created — session_id=2717
2025-01-01 02:53:38 [INFO    ] Request processed in 9991ms — endpoint /api/v1/data
2025-01-01 02:53:47 [WARNING ] Rate limit at 8570% for IP 192.168.5002.7170
2025-01-01 02:53:57 [ERROR   ] Unhandled exception in worker thread-2159: IndexError
2025-01-01 02:54:03 [INFO    ] Request processed in 8535ms — endpoint /api/v1/data
2025-01-01 02:54:09 [INFO    ] User login successful for user_id=8195
2025-01-01 02:54:16 [ERROR   ] File not found: /var/data/report_7060.csv
2025-01-01 02:54:25 [ERROR   ] HTTP 500 returned for request_id=528 — internal server error
2025-01-01 02:54:29 [DEBUG   ] Entering function process_batch() with batch_size=9642
2025-01-01 02:54:38 [CRITICAL] SYSTEM SHUTDOWN INITIATED — out of memory (used: 5266MB / 512MB)
2025-01-01 02:54:48 [ERROR   ] HTTP 500 returned for request_id=5967 — internal server error
2025-01-01 02:54:57 [ERROR   ] HTTP 500 returned for request_id=8226 — internal server error
2025-01-01 02:55:05 [INFO    ] Request processed in 2650ms — endpoint /api/v1/data
2025-01-01 02:55:12 [INFO    ] New session created — session_id=3548
2025-01-01 02:55:22 [WARNING ] Retry attempt 9039 of 3 for downstream service call
2025-01-01 02:55:27 [WARNING ] Rate limit at 4767% for IP 192.168.454.5273
2025-01-01 02:55:33 [INFO    ] Scheduled job 'cleanup_temp_files' completed in 9796s
2025-01-01 02:55:38 [INFO    ] User login successful for user_id=1695
2025-01-01 02:55:46 [INFO    ] New session created — session_id=7921
2025-01-01 02:55:48 [WARNING ] Deprecated API endpoint /v1/legacy called by client 1441
2025-01-01 02:55:58 [ERROR   ] NullPointerException in module payments.processor at line 8077
2025-01-01 02:55:59 [WARNING ] Memory usage at 7443MB — approaching soft limit of 512MB
2025-01-01 02:56:00 [INFO    ] Database connection pool size: 4410/20
2025-01-01 02:56:06 [INFO    ] Scheduled job 'cleanup_temp_files' completed in 5151s
2025-01-01 02:56:10 [INFO    ] New session created — session_id=853
2025-01-01 02:56:13 [INFO    ] Config reloaded from disk — version=9463
2025-01-01 02:56:18 [INFO    ] Database connection pool size: 1803/20
2025-01-01 02:56:22 [WARNING ] Deprecated API endpoint /v1/legacy called by client 8605
2025-01-01 02:56:27 [INFO    ] Config reloaded from disk — version=7993
2025-01-01 02:56:30 [WARNING ] Response time exceeded threshold: 7442ms (limit: 500ms)
2025-01-01 02:56:33 [INFO    ] Database connection pool size: 5902/20
2025-01-01 02:56:42 [WARNING ] Deprecated API endpoint /v1/legacy called by client 2100
2025-01-01 02:56:49 [INFO    ] Database connection pool size: 8409/20
2025-01-01 02:56:59 [INFO    ] Scheduled job 'cleanup_temp_files' completed in 6721s
2025-01-01 02:57:03 [DEBUG   ] Lock acquired on resource 'invoice_2371' by thread-3303
2025-01-01 02:57:06 [INFO    ] Config reloaded from disk — version=6573
2025-01-01 02:57:14 [INFO    ] Scheduled job 'cleanup_temp_files' completed in 5686s
2025-01-01 02:57:19 [INFO    ] Scheduled job 'cleanup_temp_files' completed in 5405s
2025-01-01 02:57:29 [DEBUG   ] Entering function process_batch() with batch_size=4786
2025-01-01 02:57:32 [INFO    ] Scheduled job 'cleanup_temp_files' completed in 9892s
2025-01-01 02:57:33 [CRITICAL] Data corruption detected in table 'transactions' at row 3361
2025-01-01 02:57:43 [ERROR   ] Authentication token expired for user_id=2885
2025-01-01 02:57:48 [INFO    ] Cache hit ratio at 3550% for the last 60 seconds
2025-01-01 02:57:50 [INFO    ] Scheduled job 'cleanup_temp_files' completed in 772s
2025-01-01 02:57:52 [INFO    ] Request processed in 2534ms — endpoint /api/v1/data
2025-01-01 02:57:54 [INFO    ] User login successful for user_id=5814
2025-01-01 02:58:00 [INFO    ] Request processed in 4288ms — endpoint /api/v1/data
2025-01-01 02:58:05 [DEBUG   ] Cache miss for key='user_profile_5353' — fetching from DB
2025-01-01 02:58:10 [ERROR   ] File not found: /var/data/report_7311.csv
2025-01-01 02:58:19 [WARNING ] Rate limit at 989% for IP 192.168.4428.4841
2025-01-01 02:58:22 [INFO    ] Database connection pool size: 3169/20
2025-01-01 02:58:32 [DEBUG   ] Lock acquired on resource 'invoice_7608' by thread-4573
2025-01-01 02:58:41 [WARNING ] Disk usage at 2213% on volume /dev/sda1 — consider cleanup
2025-01-01 02:58:47 [INFO    ] Cache hit ratio at 7432% for the last 60 seconds
2025-01-01 02:58:51 [ERROR   ] NullPointerException in module payments.processor at line 7786
2025-01-01 02:58:56 [INFO    ] Cache hit ratio at 21% for the last 60 seconds
2025-01-01 02:59:04 [INFO    ] Request processed in 3948ms — endpoint /api/v1/data
2025-01-01 02:59:14 [INFO    ] Database connection pool size: 351/20
2025-01-01 02:59:20 [ERROR   ] Authentication token expired for user_id=5670
2025-01-01 02:59:27 [INFO    ] Cache hit ratio at 1732% for the last 60 seconds
2025-01-01 02:59:36 [DEBUG   ] Entering function process_batch() with batch_size=3394
2025-01-01 02:59:46 [ERROR   ] Authentication token expired for user_id=1384
2025-01-01 02:59:47 [INFO    ] New session created — session_id=4607
2025-01-01 02:59:54 [INFO    ] User login successful for user_id=4297
2025-01-01 02:59:59 [INFO    ] Scheduled job 'cleanup_temp_files' completed in 4077s
2025-01-01 03:00:00 [WARNING ] Memory usage at 4931MB — approaching soft limit of 512MB
2025-01-01 03:00:05 [INFO    ] Scheduled job 'cleanup_temp_files' completed in 3892s
2025-01-01 03:00:14 [ERROR   ] NullPointerException in module payments.processor at line 2139
2025-01-01 03:00:24 [INFO    ] Database connection pool size: 5868/20
2025-01-01 03:00:32 [INFO    ] Cache hit ratio at 1175% for the last 60 seconds
2025-01-01 03:00:35 [INFO    ] Database connection pool size: 3074/20
2025-01-01 03:00:44 [ERROR   ] File not found: /var/data/report_2208.csv
2025-01-01 03:00:46 [DEBUG   ] Cache miss for key='user_profile_8401' — fetching from DB
2025-01-01 03:00:48 [ERROR   ] HTTP 500 returned for request_id=7461 — internal server error
2025-01-01 03:00:56 [INFO    ] Database connection pool size: 4638/20
2025-01-01 03:00:59 [CRITICAL] Security breach detected: 9180 failed login attempts from IP 10.0.2197.2979
2025-01-01 03:01:09 [WARNING ] Disk usage at 5177% on volume /dev/sda1 — consider cleanup
2025-01-01 03:01:16 [INFO    ] Database connection pool size: 9898/20
2025-01-01 03:01:17 [ERROR   ] NullPointerException in module payments.processor at line 9784
2025-01-01 03:01:24 [DEBUG   ] Cache miss for key='user_profile_9204' — fetching from DB
2025-01-01 03:01:34 [INFO    ] New session created — session_id=1098
2025-01-01 03:01:40 [INFO    ] Database connection pool size: 3886/20
2025-01-01 03:01:50 [WARNING ] Rate limit at 5346% for IP 192.168.8243.4289
2025-01-01 03:01:58 [INFO    ] New session created — session_id=682
2025-01-01 03:02:05 [ERROR   ] Unhandled exception in worker thread-8710: IndexError
2025-01-01 03:02:06 [INFO    ] Database connection pool size: 3116/20
2025-01-01 03:02:10 [WARNING ] Retry attempt 217 of 3 for downstream service call
2025-01-01 03:02:20 [CRITICAL] SYSTEM SHUTDOWN INITIATED — out of memory (used: 2102MB / 512MB)
2025-01-01 03:02:30 [WARNING ] Memory usage at 7606MB — approaching soft limit of 512MB
2025-01-01 03:02:37 [WARNING ] Response time exceeded threshold: 3434ms (limit: 500ms)
2025-01-01 03:02:46 [INFO    ] Database connection pool size: 3890/20
2025-01-01 03:02:49 [DEBUG   ] SQL query executed: SELECT * FROM orders WHERE id=643 (6894ms)
2025-01-01 03:02:52 [WARNING ] Deprecated API endpoint /v1/legacy called by client 6481
2025-01-01 03:03:00 [INFO    ] Cache hit ratio at 3266% for the last 60 seconds
2025-01-01 03:03:06 [ERROR   ] Authentication token expired for user_id=9855
2025-01-01 03:03:13 [ERROR   ] Failed to connect to database after 7117 retries — giving up
2025-01-01 03:03:19 [INFO    ] Scheduled job 'cleanup_temp_files' completed in 1565s
2025-01-01 03:03:21 [WARNING ] Response time exceeded threshold: 8398ms (limit: 500ms)
2025-01-01 03:03:23 [INFO    ] Request processed in 3787ms — endpoint /api/v1/data
2025-01-01 03:03:28 [WARNING ] Rate limit at 9504% for IP 192.168.5.1311
2025-01-01 03:03:32 [DEBUG   ] Lock acquired on resource 'invoice_6639' by thread-8299
2025-01-01 03:03:35 [WARNING ] Response time exceeded threshold: 7985ms (limit: 500ms)
2025-01-01 03:03:39 [INFO    ] Config reloaded from disk — version=2869
2025-01-01 03:03:44 [INFO    ] Cache hit ratio at 3698% for the last 60 seconds
2025-01-01 03:03:48 [INFO    ] User login successful for user_id=3461
2025-01-01 03:03:57 [WARNING ] Retry attempt 1784 of 3 for downstream service call
2025-01-01 03:04:00 [WARNING ] Retry attempt 9947 of 3 for downstream service call
2025-01-01 03:04:07 [WARNING ] Response time exceeded threshold: 4647ms (limit: 500ms)
2025-01-01 03:04:08 [INFO    ] Config reloaded from disk — version=806
2025-01-01 03:04:15 [INFO    ] User login successful for user_id=5273
2025-01-01 03:04:23 [ERROR   ] Failed to connect to database after 4652 retries — giving up
2025-01-01 03:04:33 [ERROR   ] Unhandled exception in worker thread-5096: IndexError
2025-01-01 03:04:43 [WARNING ] Disk usage at 2350% on volume /dev/sda1 — consider cleanup
2025-01-01 03:04:46 [INFO    ] Database connection pool size: 3104/20
2025-01-01 03:04:50 [DEBUG   ] Lock acquired on resource 'invoice_8800' by thread-6689
2025-01-01 03:04:51 [INFO    ] Request processed in 4844ms — endpoint /api/v1/data
2025-01-01 03:05:00 [INFO    ] User login successful for user_id=3260
2025-01-01 03:05:06 [DEBUG   ] Lock acquired on resource 'invoice_2229' by thread-5303
2025-01-01 03:05:14 [INFO    ] New session created — session_id=1360
2025-01-01 03:05:19 [INFO    ] User login successful for user_id=2197
2025-01-01 03:05:28 [INFO    ] Scheduled job 'cleanup_temp_files' completed in 5761s
2025-01-01 03:05:38 [DEBUG   ] SQL query executed: SELECT * FROM orders WHERE id=5005 (8735ms)
2025-01-01 03:05:48 [CRITICAL] Security breach detected: 366 failed login attempts from IP 10.0.1029.6976
2025-01-01 03:05:51 [ERROR   ] Authentication token expired for user_id=2995
2025-01-01 03:05:54 [INFO    ] Request processed in 791ms — endpoint /api/v1/data
2025-01-01 03:05:57 [INFO    ] User login successful for user_id=7536
2025-01-01 03:06:01 [INFO    ] Cache hit ratio at 2407% for the last 60 seconds
2025-01-01 03:06:08 [DEBUG   ] Entering function process_batch() with batch_size=1811
2025-01-01 03:06:16 [INFO    ] Request processed in 2870ms — endpoint /api/v1/data
2025-01-01 03:06:25 [INFO    ] Request processed in 7816ms — endpoint /api/v1/data
2025-01-01 03:06:32 [ERROR   ] HTTP 500 returned for request_id=1872 — internal server error
2025-01-01 03:06:37 [WARNING ] Response time exceeded threshold: 9478ms (limit: 500ms)
2025-01-01 03:06:39 [WARNING ] Response time exceeded threshold: 1394ms (limit: 500ms)
2025-01-01 03:06:43 [DEBUG   ] Checkpoint reached at loop iteration 1143
2025-01-01 03:06:51 [WARNING ] Memory usage at 3587MB — approaching soft limit of 512MB
2025-01-01 03:06:55 [INFO    ] Database connection pool size: 8515/20
2025-01-01 03:07:02 [INFO    ] Cache hit ratio at 1084% for the last 60 seconds
2025-01-01 03:07:09 [INFO    ] User login successful for user_id=8429
2025-01-01 03:07:13 [DEBUG   ] Serializing response object — 8026 fields found
2025-01-01 03:07:15 [INFO    ] Scheduled job 'cleanup_temp_files' completed in 5568s
2025-01-01 03:07:16 [INFO    ] Database connection pool size: 5838/20
2025-01-01 03:07:21 [WARNING ] Response time exceeded threshold: 4426ms (limit: 500ms)
2025-01-01 03:07:22 [CRITICAL] Data corruption detected in table 'transactions' at row 8739
2025-01-01 03:07:24 [DEBUG   ] SQL query executed: SELECT * FROM orders WHERE id=6675 (1683ms)
2025-01-01 03:07:25 [INFO    ] Cache hit ratio at 3505% for the last 60 seconds
2025-01-01 03:07:26 [ERROR   ] HTTP 500 returned for request_id=2044 — internal server error
2025-01-01 03:07:32 [CRITICAL] Primary database unreachable — all writes failing, queue depth: 2389
2025-01-01 03:07:34 [INFO    ] Request processed in 2120ms — endpoint /api/v1/data
2025-01-01 03:07:41 [INFO    ] Request processed in 8644ms — endpoint /api/v1/data
2025-01-01 03:07:44 [ERROR   ] NullPointerException in module payments.processor at line 1371
2025-01-01 03:07:52 [INFO    ] User login successful for user_id=4809
2025-01-01 03:07:57 [WARNING ] Disk usage at 2815% on volume /dev/sda1 — consider cleanup
2025-01-01 03:07:59 [INFO    ] Request processed in 8297ms — endpoint /api/v1/data
2025-01-01 03:08:06 [WARNING ] Response time exceeded threshold: 5156ms (limit: 500ms)
2025-01-01 03:08:12 [INFO    ] Database connection pool size: 5459/20
2025-01-01 03:08:14 [CRITICAL] Primary database unreachable — all writes failing, queue depth: 3564
2025-01-01 03:08:18 [INFO    ] User login successful for user_id=3884
2025-01-01 03:08:21 [INFO    ] User login successful for user_id=8603
2025-01-01 03:08:29 [INFO    ] Request processed in 7710ms — endpoint /api/v1/data
2025-01-01 03:08:30 [INFO    ] Config reloaded from disk — version=141
2025-01-01 03:08:39 [INFO    ] User login successful for user_id=5841
2025-01-01 03:08:47 [DEBUG   ] Checkpoint reached at loop iteration 3260
2025-01-01 03:08:57 [INFO    ] New session created — session_id=4713
2025-01-01 03:09:07 [DEBUG   ] Serializing response object — 2145 fields found
2025-01-01 03:09:17 [INFO    ] Cache hit ratio at 7905% for the last 60 seconds
2025-01-01 03:09:20 [CRITICAL] SYSTEM SHUTDOWN INITIATED — out of memory (used: 4787MB / 512MB)
2025-01-01 03:09:25 [WARNING ] Memory usage at 8674MB — approaching soft limit of 512MB
2025-01-01 03:09:34 [CRITICAL] SSL certificate expires in 1424 hours — immediate action required
2025-01-01 03:09:35 [INFO    ] User login successful for user_id=1339
2025-01-01 03:09:37 [INFO    ] User login successful for user_id=8499
2025-01-01 03:09:39 [INFO    ] Database connection pool size: 3673/20
2025-01-01 03:09:43 [INFO    ] Config reloaded from disk — version=3434
2025-01-01 03:09:49 [INFO    ] User login successful for user_id=3977
2025-01-01 03:09:57 [INFO    ] Database connection pool size: 9395/20
2025-01-01 03:10:01 [DEBUG   ] Entering function process_batch() with batch_size=2507
2025-01-01 03:10:08 [INFO    ] Scheduled job 'cleanup_temp_files' completed in 3968s
2025-01-01 03:10:13 [ERROR   ] Authentication token expired for user_id=1788
2025-01-01 03:10:15 [INFO    ] User login successful for user_id=4136
2025-01-01 03:10:19 [DEBUG   ] Entering function process_batch() with batch_size=602
2025-01-01 03:10:23 [INFO    ] Cache hit ratio at 2941% for the last 60 seconds
2025-01-01 03:10:28 [INFO    ] New session created — session_id=9880
2025-01-01 03:10:38 [INFO    ] Request processed in 9307ms — endpoint /api/v1/data
2025-01-01 03:10:40 [INFO    ] New session created — session_id=4657
2025-01-01 03:10:49 [CRITICAL] Data corruption detected in table 'transactions' at row 6547
2025-01-01 03:10:59 [INFO    ] Database connection pool size: 7966/20
2025-01-01 03:11:00 [INFO    ] New session created — session_id=8214
2025-01-01 03:11:03 [CRITICAL] Data corruption detected in table 'transactions' at row 8900
2025-01-01 03:11:06 [INFO    ] Config reloaded from disk — version=1858
2025-01-01 03:11:15 [ERROR   ] HTTP 500 returned for request_id=7314 — internal server error
2025-01-01 03:11:25 [INFO    ] Database connection pool size: 3578/20
2025-01-01 03:11:33 [ERROR   ] File not found: /var/data/report_2283.csv
2025-01-01 03:11:34 [CRITICAL] Security breach detected: 9077 failed login attempts from IP 10.0.9177.9814
2025-01-01 03:11:37 [ERROR   ] Authentication token expired for user_id=1576
2025-01-01 03:11:45 [INFO    ] New session created — session_id=9269
2025-01-01 03:11:54 [INFO    ] Cache hit ratio at 8421% for the last 60 seconds
2025-01-01 03:11:56 [ERROR   ] Authentication token expired for user_id=8858
2025-01-01 03:12:02 [INFO    ] Database connection pool size: 178/20
2025-01-01 03:12:06 [INFO    ] New session created — session_id=4375
2025-01-01 03:12:10 [INFO    ] Cache hit ratio at 8331% for the last 60 seconds
2025-01-01 03:12:17 [INFO    ] User login successful for user_id=6966
2025-01-01 03:12:23 [DEBUG   ] SQL query executed: SELECT * FROM orders WHERE id=1198 (4286ms)
2025-01-01 03:12:26 [WARNING ] Response time exceeded threshold: 4365ms (limit: 500ms)
2025-01-01 03:12:34 [DEBUG   ] Cache miss for key='user_profile_6142' — fetching from DB
2025-01-01 03:12:37 [INFO    ] New session created — session_id=5104
2025-01-01 03:12:43 [DEBUG   ] Cache miss for key='user_profile_414' — fetching from DB
2025-01-01 03:12:52 [INFO    ] Database connection pool size: 8424/20
2025-01-01 03:13:00 [INFO    ] Request processed in 4545ms — endpoint /api/v1/data
2025-01-01 03:13:01 [CRITICAL] Security breach detected: 1618 failed login attempts from IP 10.0.7838.5226
2025-01-01 03:13:10 [ERROR   ] Failed to connect to database after 8943 retries — giving up
2025-01-01 03:13:12 [INFO    ] Cache hit ratio at 5587% for the last 60 seconds
2025-01-01 03:13:14 [ERROR   ] Unhandled exception in worker thread-9157: IndexError
2025-01-01 03:13:15 [INFO    ] Request processed in 4378ms — endpoint /api/v1/data
2025-01-01 03:13:24 [DEBUG   ] Checkpoint reached at loop iteration 8634
2025-01-01 03:13:28 [CRITICAL] SYSTEM SHUTDOWN INITIATED — out of memory (used: 1704MB / 512MB)
2025-01-01 03:13:34 [DEBUG   ] SQL query executed: SELECT * FROM orders WHERE id=2811 (2039ms)
2025-01-01 03:13:37 [DEBUG   ] Lock acquired on resource 'invoice_507' by thread-6295
2025-01-01 03:13:41 [INFO    ] New session created — session_id=8327
2025-01-01 03:13:50 [ERROR   ] HTTP 500 returned for request_id=2042 — internal server error
2025-01-01 03:13:59 [INFO    ] New session created — session_id=2630
2025-01-01 03:14:09 [DEBUG   ] Serializing response object — 1714 fields found
2025-01-01 03:14:13 [INFO    ] Config reloaded from disk — version=2975
2025-01-01 03:14:21 [DEBUG   ] Serializing response object — 6480 fields found
2025-01-01 03:14:23 [INFO    ] Scheduled job 'cleanup_temp_files' completed in 1499s
2025-01-01 03:14:33 [INFO    ] New session created — session_id=5358
2025-01-01 03:14:38 [INFO    ] User login successful for user_id=6342
2025-01-01 03:14:44 [DEBUG   ] Serializing response object — 7532 fields found
2025-01-01 03:14:46 [WARNING ] Rate limit at 3058% for IP 192.168.2393.4702
2025-01-01 03:14:51 [CRITICAL] SSL certificate expires in 3559 hours — immediate action required
2025-01-01 03:14:55 [INFO    ] Cache hit ratio at 3225% for the last 60 seconds
2025-01-01 03:14:56 [INFO    ] Request processed in 3507ms — endpoint /api/v1/data
2025-01-01 03:15:05 [WARNING ] Deprecated API endpoint /v1/legacy called by client 1083
2025-01-01 03:15:11 [ERROR   ] File not found: /var/data/report_9277.csv
2025-01-01 03:15:12 [INFO    ] Request processed in 4260ms — endpoint /api/v1/data
2025-01-01 03:15:13 [INFO    ] Request processed in 6293ms — endpoint /api/v1/data
2025-01-01 03:15:14 [WARNING ] Response time exceeded threshold: 5302ms (limit: 500ms)
2025-01-01 03:15:21 [DEBUG   ] Cache miss for key='user_profile_326' — fetching from DB
2025-01-01 03:15:26 [INFO    ] Database connection pool size: 8254/20
2025-01-01 03:15:27 [DEBUG   ] Checkpoint reached at loop iteration 9077
2025-01-01 03:15:29 [ERROR   ] HTTP 500 returned for request_id=8460 — internal server error
2025-01-01 03:15:34 [INFO    ] Request processed in 164ms — endpoint /api/v1/data
2025-01-01 03:15:38 [INFO    ] Database connection pool size: 9564/20
2025-01-01 03:15:43 [INFO    ] Cache hit ratio at 1223% for the last 60 seconds
2025-01-01 03:15:46 [DEBUG   ] SQL query executed: SELECT * FROM orders WHERE id=687 (2473ms)
2025-01-01 03:15:55 [ERROR   ] Unhandled exception in worker thread-6877: IndexError
2025-01-01 03:16:00 [INFO    ] Scheduled job 'cleanup_temp_files' completed in 7345s
2025-01-01 03:16:03 [DEBUG   ] Checkpoint reached at loop iteration 8471
2025-01-01 03:16:06 [WARNING ] Memory usage at 86MB — approaching soft limit of 512MB
2025-01-01 03:16:14 [INFO    ] Scheduled job 'cleanup_temp_files' completed in 6915s
2025-01-01 03:16:22 [ERROR   ] Authentication token expired for user_id=9769
2025-01-01 03:16:31 [DEBUG   ] Cache miss for key='user_profile_9049' — fetching from DB
2025-01-01 03:16:37 [WARNING ] Retry attempt 516 of 3 for downstream service call
2025-01-01 03:16:41 [ERROR   ] Unhandled exception in worker thread-4817: IndexError
2025-01-01 03:16:45 [INFO    ] User login successful for user_id=5262
2025-01-01 03:16:53 [ERROR   ] NullPointerException in module payments.processor at line 9543
2025-01-01 03:16:55 [WARNING ] Response time exceeded threshold: 1742ms (limit: 500ms)
2025-01-01 03:16:56 [WARNING ] Deprecated API endpoint /v1/legacy called by client 667
2025-01-01 03:17:05 [INFO    ] Cache hit ratio at 5090% for the last 60 seconds
2025-01-01 03:17:07 [DEBUG   ] Serializing response object — 197 fields found
2025-01-01 03:17:11 [DEBUG   ] SQL query executed: SELECT * FROM orders WHERE id=4338 (4599ms)
2025-01-01 03:17:19 [DEBUG   ] Serializing response object — 9436 fields found
2025-01-01 03:17:26 [DEBUG   ] SQL query executed: SELECT * FROM orders WHERE id=9817 (8269ms)
2025-01-01 03:17:29 [CRITICAL] Data corruption detected in table 'transactions' at row 2389
2025-01-01 03:17:30 [INFO    ] User login successful for user_id=1341
2025-01-01 03:17:40 [DEBUG   ] Serializing response object — 3161 fields found
2025-01-01 03:17:41 [INFO    ] Database connection pool size: 2446/20
2025-01-01 03:17:50 [ERROR   ] File not found: /var/data/report_3772.csv
2025-01-01 03:17:59 [ERROR   ] Failed to connect to database after 4080 retries — giving up
2025-01-01 03:18:09 [INFO    ] New session created — session_id=3586
2025-01-01 03:18:13 [ERROR   ] File not found: /var/data/report_3846.csv
2025-01-01 03:18:14 [WARNING ] Retry attempt 5760 of 3 for downstream service call
2025-01-01 03:18:22 [INFO    ] New session created — session_id=7944
2025-01-01 03:18:30 [CRITICAL] Data corruption detected in table 'transactions' at row 6097
2025-01-01 03:18:36 [INFO    ] Config reloaded from disk — version=5420
2025-01-01 03:18:44 [INFO    ] Cache hit ratio at 3183% for the last 60 seconds
2025-01-01 03:18:53 [WARNING ] Retry attempt 9468 of 3 for downstream service call
2025-01-01 03:19:01 [INFO    ] Config reloaded from disk — version=5323
2025-01-01 03:19:11 [INFO    ] User login successful for user_id=9150
2025-01-01 03:19:21 [INFO    ] New session created — session_id=2567
2025-01-01 03:19:28 [INFO    ] New session created — session_id=9021
2025-01-01 03:19:30 [INFO    ] Database connection pool size: 2263/20
2025-01-01 03:19:36 [DEBUG   ] Serializing response object — 307 fields found
2025-01-01 03:19:41 [INFO    ] Scheduled job 'cleanup_temp_files' completed in 7281s
2025-01-01 03:19:44 [INFO    ] Config reloaded from disk — version=8771
2025-01-01 03:19:48 [CRITICAL] SSL certificate expires in 5503 hours — immediate action required
2025-01-01 03:19:58 [CRITICAL] Security breach detected: 9850 failed login attempts from IP 10.0.9515.8937
2025-01-01 03:20:03 [INFO    ] User login successful for user_id=8245
2025-01-01 03:20:07 [WARNING ] Rate limit at 9414% for IP 192.168.9645.1124
2025-01-01 03:20:15 [INFO    ] User login successful for user_id=3020
2025-01-01 03:20:25 [INFO    ] Scheduled job 'cleanup_temp_files' completed in 1820s
2025-01-01 03:20:29 [INFO    ] Config reloaded from disk — version=8800
2025-01-01 03:20:39 [WARNING ] Deprecated API endpoint /v1/legacy called by client 8106
2025-01-01 03:20:43 [WARNING ] Disk usage at 8720% on volume /dev/sda1 — consider cleanup
2025-01-01 03:20:44 [WARNING ] Memory usage at 3769MB — approaching soft limit of 512MB
2025-01-01 03:20:47 [INFO    ] Scheduled job 'cleanup_temp_files' completed in 4793s
2025-01-01 03:20:55 [CRITICAL] SSL certificate expires in 7726 hours — immediate action required
2025-01-01 03:21:05 [ERROR   ] Failed to connect to database after 7380 retries — giving up
2025-01-01 03:21:10 [INFO    ] New session created — session_id=9693
2025-01-01 03:21:13 [INFO    ] Request processed in 8054ms — endpoint /api/v1/data
2025-01-01 03:21:16 [INFO    ] Scheduled job 'cleanup_temp_files' completed in 7924s
2025-01-01 03:21:24 [INFO    ] Scheduled job 'cleanup_temp_files' completed in 9500s
2025-01-01 03:21:34 [INFO    ] User login successful for user_id=5881
2025-01-01 03:21:42 [CRITICAL] Primary database unreachable — all writes failing, queue depth: 7275
2025-01-01 03:21:50 [INFO    ] New session created — session_id=2703
2025-01-01 03:21:52 [ERROR   ] Authentication token expired for user_id=8540
2025-01-01 03:22:01 [CRITICAL] Security breach detected: 9012 failed login attempts from IP 10.0.2441.5548
2025-01-01 03:22:02 [INFO    ] Config reloaded from disk — version=2870
2025-01-01 03:22:10 [INFO    ] Request processed in 5591ms — endpoint /api/v1/data
2025-01-01 03:22:20 [WARNING ] Deprecated API endpoint /v1/legacy called by client 4507
2025-01-01 03:22:21 [INFO    ] Config reloaded from disk — version=5557
2025-01-01 03:22:31 [WARNING ] Rate limit at 4399% for IP 192.168.1924.4981
2025-01-01 03:22:35 [INFO    ] New session created — session_id=1333
2025-01-01 03:22:42 [WARNING ] Retry attempt 4060 of 3 for downstream service call
2025-01-01 03:22:51 [INFO    ] Config reloaded from disk — version=8478
2025-01-01 03:22:55 [INFO    ] New session created — session_id=9528
2025-01-01 03:23:04 [CRITICAL] Data corruption detected in table 'transactions' at row 6294
2025-01-01 03:23:13 [INFO    ] User login successful for user_id=9823
2025-01-01 03:23:23 [WARNING ] Rate limit at 114% for IP 192.168.6252.5594
2025-01-01 03:23:28 [CRITICAL] Data corruption detected in table 'transactions' at row 335
2025-01-01 03:23:35 [INFO    ] Config reloaded from disk — version=3831
2025-01-01 03:23:45 [DEBUG   ] Serializing response object — 3137 fields found
2025-01-01 03:23:51 [WARNING ] Memory usage at 1432MB — approaching soft limit of 512MB
2025-01-01 03:23:59 [INFO    ] Config reloaded from disk — version=1729
2025-01-01 03:24:00 [WARNING ] Disk usage at 6085% on volume /dev/sda1 — consider cleanup
2025-01-01 03:24:04 [ERROR   ] Failed to connect to database after 1048 retries — giving up
2025-01-01 03:24:06 [INFO    ] Cache hit ratio at 1035% for the last 60 seconds
2025-01-01 03:24:08 [INFO    ] Cache hit ratio at 2045% for the last 60 seconds
2025-01-01 03:24:13 [WARNING ] Deprecated API endpoint /v1/legacy called by client 5016
2025-01-01 03:24:23 [INFO    ] Database connection pool size: 7411/20
2025-01-01 03:24:29 [WARNING ] Rate limit at 1624% for IP 192.168.2449.3280
2025-01-01 03:24:37 [WARNING ] Deprecated API endpoint /v1/legacy called by client 5849
2025-01-01 03:24:47 [WARNING ] Retry attempt 8466 of 3 for downstream service call
2025-01-01 03:24:52 [INFO    ] Scheduled job 'cleanup_temp_files' completed in 4202s
2025-01-01 03:25:00 [DEBUG   ] Cache miss for key='user_profile_7821' — fetching from DB
2025-01-01 03:25:10 [INFO    ] Cache hit ratio at 6890% for the last 60 seconds
2025-01-01 03:25:15 [ERROR   ] Failed to connect to database after 317 retries — giving up
2025-01-01 03:25:19 [INFO    ] User login successful for user_id=2691
2025-01-01 03:25:26 [INFO    ] Scheduled job 'cleanup_temp_files' completed in 2949s
2025-01-01 03:25:32 [INFO    ] Scheduled job 'cleanup_temp_files' completed in 8162s
2025-01-01 03:25:38 [WARNING ] Retry attempt 2976 of 3 for downstream service call
2025-01-01 03:25:46 [INFO    ] Database connection pool size: 4759/20
2025-01-01 03:25:51 [INFO    ] Scheduled job 'cleanup_temp_files' completed in 9397s
2025-01-01 03:25:54 [ERROR   ] Unhandled exception in worker thread-6084: IndexError
2025-01-01 03:25:56 [DEBUG   ] SQL query executed: SELECT * FROM orders WHERE id=8483 (2186ms)
2025-01-01 03:25:57 [DEBUG   ] SQL query executed: SELECT * FROM orders WHERE id=1457 (3963ms)
2025-01-01 03:26:02 [INFO    ] New session created — session_id=8718
2025-01-01 03:26:11 [CRITICAL] SSL certificate expires in 6323 hours — immediate action required
2025-01-01 03:26:13 [WARNING ] Memory usage at 8280MB — approaching soft limit of 512MB
2025-01-01 03:26:14 [WARNING ] Disk usage at 8239% on volume /dev/sda1 — consider cleanup
2025-01-01 03:26:23 [INFO    ] User login successful for user_id=1010
2025-01-01 03:26:32 [ERROR   ] Unhandled exception in worker thread-639: IndexError
2025-01-01 03:26:36 [ERROR   ] File not found: /var/data/report_6888.csv
2025-01-01 03:26:41 [INFO    ] Cache hit ratio at 9186% for the last 60 seconds
2025-01-01 03:26:42 [DEBUG   ] Lock acquired on resource 'invoice_607' by thread-6751
2025-01-01 03:26:44 [INFO    ] User login successful for user_id=5910
2025-01-01 03:26:47 [INFO    ] Cache hit ratio at 5009% for the last 60 seconds
2025-01-01 03:26:56 [INFO    ] Request processed in 119ms — endpoint /api/v1/data
2025-01-01 03:27:02 [INFO    ] New session created — session_id=6720
2025-01-01 03:27:11 [WARNING ] Disk usage at 8798% on volume /dev/sda1 — consider cleanup
2025-01-01 03:27:20 [INFO    ] Request processed in 4775ms — endpoint /api/v1/data
2025-01-01 03:27:30 [WARNING ] Memory usage at 3659MB — approaching soft limit of 512MB
2025-01-01 03:27:39 [WARNING ] Memory usage at 6539MB — approaching soft limit of 512MB
2025-01-01 03:27:48 [WARNING ] Memory usage at 2523MB — approaching soft limit of 512MB
2025-01-01 03:27:58 [ERROR   ] Unhandled exception in worker thread-786: IndexError
2025-01-01 03:27:59 [INFO    ] Database connection pool size: 1567/20
2025-01-01 03:28:01 [INFO    ] Scheduled job 'cleanup_temp_files' completed in 1873s
2025-01-01 03:28:07 [INFO    ] New session created — session_id=4759
2025-01-01 03:28:14 [CRITICAL] Security breach detected: 5712 failed login attempts from IP 10.0.2916.1698
2025-01-01 03:28:15 [DEBUG   ] Serializing response object — 9082 fields found
2025-01-01 03:28:18 [WARNING ] Retry attempt 2526 of 3 for downstream service call
2025-01-01 03:28:25 [INFO    ] New session created — session_id=4837
2025-01-01 03:28:33 [DEBUG   ] SQL query executed: SELECT * FROM orders WHERE id=5351 (3087ms)
2025-01-01 03:28:41 [INFO    ] Cache hit ratio at 4356% for the last 60 seconds
2025-01-01 03:28:48 [INFO    ] User login successful for user_id=1399
2025-01-01 03:28:53 [WARNING ] Retry attempt 1715 of 3 for downstream service call
2025-01-01 03:28:57 [INFO    ] Config reloaded from disk — version=68
2025-01-01 03:29:07 [ERROR   ] NullPointerException in module payments.processor at line 2166
2025-01-01 03:29:11 [INFO    ] User login successful for user_id=6248
2025-01-01 03:29:19 [INFO    ] User login successful for user_id=829
2025-01-01 03:29:25 [DEBUG   ] SQL query executed: SELECT * FROM orders WHERE id=917 (1304ms)
2025-01-01 03:29:26 [WARNING ] Deprecated API endpoint /v1/legacy called by client 1274
2025-01-01 03:29:35 [DEBUG   ] Checkpoint reached at loop iteration 4355
2025-01-01 03:29:38 [INFO    ] Config reloaded from disk — version=8157
2025-01-01 03:29:42 [DEBUG   ] Entering function process_batch() with batch_size=4043
2025-01-01 03:29:46 [ERROR   ] Failed to connect to database after 6517 retries — giving up
2025-01-01 03:29:50 [ERROR   ] HTTP 500 returned for request_id=717 — internal server error
2025-01-01 03:29:54 [CRITICAL] Primary database unreachable — all writes failing, queue depth: 6661
2025-01-01 03:29:56 [WARNING ] Deprecated API endpoint /v1/legacy called by client 4415
2025-01-01 03:30:04 [INFO    ] User login successful for user_id=614
2025-01-01 03:30:08 [INFO    ] User login successful for user_id=7816
2025-01-01 03:30:09 [INFO    ] Scheduled job 'cleanup_temp_files' completed in 7282s
2025-01-01 03:30:19 [ERROR   ] HTTP 500 returned for request_id=3454 — internal server error
2025-01-01 03:30:24 [INFO    ] Config reloaded from disk — version=193
2025-01-01 03:30:32 [WARNING ] Retry attempt 5329 of 3 for downstream service call
2025-01-01 03:30:37 [DEBUG   ] Cache miss for key='user_profile_6215' — fetching from DB
2025-01-01 03:30:46 [WARNING ] Deprecated API endpoint /v1/legacy called by client 8651
2025-01-01 03:30:56 [INFO    ] Config reloaded from disk — version=8110
2025-01-01 03:31:01 [WARNING ] Rate limit at 1850% for IP 192.168.4494.3637
2025-01-01 03:31:04 [INFO    ] User login successful for user_id=3400
2025-01-01 03:31:10 [INFO    ] User login successful for user_id=6776
2025-01-01 03:31:13 [INFO    ] New session created — session_id=9255
2025-01-01 03:31:17 [INFO    ] Database connection pool size: 2194/20
2025-01-01 03:31:19 [INFO    ] Scheduled job 'cleanup_temp_files' completed in 2477s
2025-01-01 03:31:21 [ERROR   ] Failed to connect to database after 5454 retries — giving up
2025-01-01 03:31:25 [WARNING ] Rate limit at 4010% for IP 192.168.6155.815
2025-01-01 03:31:31 [INFO    ] Scheduled job 'cleanup_temp_files' completed in 9075s
2025-01-01 03:31:41 [INFO    ] New session created — session_id=4799
2025-01-01 03:31:44 [INFO    ] Scheduled job 'cleanup_temp_files' completed in 3983s
2025-01-01 03:31:45 [INFO    ] Cache hit ratio at 7353% for the last 60 seconds
2025-01-01 03:31:48 [INFO    ] Config reloaded from disk — version=6977
2025-01-01 03:31:55 [WARNING ] Response time exceeded threshold: 7893ms (limit: 500ms)
2025-01-01 03:31:56 [DEBUG   ] SQL query executed: SELECT * FROM orders WHERE id=4561 (3428ms)
2025-01-01 03:31:58 [ERROR   ] Authentication token expired for user_id=6627
2025-01-01 03:31:59 [INFO    ] Cache hit ratio at 3286% for the last 60 seconds
2025-01-01 03:32:03 [INFO    ] New session created — session_id=7263
2025-01-01 03:32:13 [WARNING ] Response time exceeded threshold: 5615ms (limit: 500ms)
2025-01-01 03:32:19 [INFO    ] Cache hit ratio at 1016% for the last 60 seconds
2025-01-01 03:32:25 [WARNING ] Retry attempt 1029 of 3 for downstream service call
2025-01-01 03:32:30 [ERROR   ] File not found: /var/data/report_4785.csv
2025-01-01 03:32:36 [INFO    ] Scheduled job 'cleanup_temp_files' completed in 1213s
2025-01-01 03:32:42 [INFO    ] Cache hit ratio at 4678% for the last 60 seconds
2025-01-01 03:32:47 [INFO    ] New session created — session_id=8648
2025-01-01 03:32:55 [INFO    ] Scheduled job 'cleanup_temp_files' completed in 5686s
2025-01-01 03:33:03 [WARNING ] Rate limit at 6868% for IP 192.168.4330.5127
2025-01-01 03:33:07 [ERROR   ] NullPointerException in module payments.processor at line 690
2025-01-01 03:33:09 [INFO    ] User login successful for user_id=1053
2025-01-01 03:33:18 [INFO    ] New session created — session_id=431
2025-01-01 03:33:27 [INFO    ] Scheduled job 'cleanup_temp_files' completed in 4993s
2025-01-01 03:33:28 [CRITICAL] SYSTEM SHUTDOWN INITIATED — out of memory (used: 9692MB / 512MB)
2025-01-01 03:33:38 [DEBUG   ] Serializing response object — 8037 fields found
2025-01-01 03:33:42 [INFO    ] Request processed in 2445ms — endpoint /api/v1/data
2025-01-01 03:33:48 [ERROR   ] Authentication token expired for user_id=9107
2025-01-01 03:33:58 [ERROR   ] Unhandled exception in worker thread-5939: IndexError
2025-01-01 03:34:08 [DEBUG   ] Lock acquired on resource 'invoice_2744' by thread-8488
2025-01-01 03:34:16 [INFO    ] Cache hit ratio at 1113% for the last 60 seconds
2025-01-01 03:34:26 [INFO    ] Cache hit ratio at 391% for the last 60 seconds
2025-01-01 03:34:30 [INFO    ] Database connection pool size: 5662/20
2025-01-01 03:34:38 [DEBUG   ] SQL query executed: SELECT * FROM orders WHERE id=2526 (9149ms)
2025-01-01 03:34:43 [WARNING ] Retry attempt 6339 of 3 for downstream service call
2025-01-01 03:34:51 [INFO    ] New session created — session_id=8159
2025-01-01 03:34:55 [INFO    ] Database connection pool size: 1882/20
2025-01-01 03:34:57 [INFO    ] Scheduled job 'cleanup_temp_files' completed in 838s
2025-01-01 03:35:04 [WARNING ] Response time exceeded threshold: 1501ms (limit: 500ms)
2025-01-01 03:35:06 [DEBUG   ] Lock acquired on resource 'invoice_3896' by thread-2296
2025-01-01 03:35:14 [INFO    ] User login successful for user_id=7140
2025-01-01 03:35:20 [INFO    ] New session created — session_id=8685
2025-01-01 03:35:26 [INFO    ] Config reloaded from disk — version=9703
2025-01-01 03:35:30 [INFO    ] Database connection pool size: 197/20
2025-01-01 03:35:32 [INFO    ] User login successful for user_id=4252
2025-01-01 03:35:38 [WARNING ] Retry attempt 6673 of 3 for downstream service call
2025-01-01 03:35:42 [WARNING ] Deprecated API endpoint /v1/legacy called by client 9789
2025-01-01 03:35:49 [INFO    ] User login successful for user_id=5589
2025-01-01 03:35:59 [ERROR   ] NullPointerException in module payments.processor at line 6574
2025-01-01 03:36:07 [ERROR   ] HTTP 500 returned for request_id=276 — internal server error
2025-01-01 03:36:13 [INFO    ] Config reloaded from disk — version=3037
2025-01-01 03:36:18 [INFO    ] Config reloaded from disk — version=6395
2025-01-01 03:36:23 [INFO    ] Database connection pool size: 283/20
2025-01-01 03:36:26 [WARNING ] Memory usage at 6527MB — approaching soft limit of 512MB
2025-01-01 03:36:30 [INFO    ] Database connection pool size: 7056/20
2025-01-01 03:36:38 [WARNING ] Retry attempt 4514 of 3 for downstream service call
2025-01-01 03:36:40 [INFO    ] Request processed in 1479ms — endpoint /api/v1/data
2025-01-01 03:36:47 [WARNING ] Disk usage at 795% on volume /dev/sda1 — consider cleanup
2025-01-01 03:36:50 [INFO    ] Scheduled job 'cleanup_temp_files' completed in 2427s
2025-01-01 03:36:54 [INFO    ] Config reloaded from disk — version=809
2025-01-01 03:36:59 [INFO    ] Database connection pool size: 5977/20
2025-01-01 03:37:04 [WARNING ] Response time exceeded threshold: 6091ms (limit: 500ms)
2025-01-01 03:37:07 [DEBUG   ] Cache miss for key='user_profile_6045' — fetching from DB
2025-01-01 03:37:08 [INFO    ] Cache hit ratio at 1116% for the last 60 seconds
2025-01-01 03:37:16 [INFO    ] Database connection pool size: 668/20
2025-01-01 03:37:21 [WARNING ] Retry attempt 3334 of 3 for downstream service call
2025-01-01 03:37:24 [ERROR   ] Failed to connect to database after 3553 retries — giving up
2025-01-01 03:37:32 [ERROR   ] NullPointerException in module payments.processor at line 8198
2025-01-01 03:37:34 [INFO    ] Scheduled job 'cleanup_temp_files' completed in 7875s
2025-01-01 03:37:42 [CRITICAL] Security breach detected: 1110 failed login attempts from IP 10.0.5536.4381
2025-01-01 03:37:44 [DEBUG   ] Lock acquired on resource 'invoice_4046' by thread-2065
2025-01-01 03:37:45 [INFO    ] Cache hit ratio at 6803% for the last 60 seconds
2025-01-01 03:37:50 [DEBUG   ] Checkpoint reached at loop iteration 4794
2025-01-01 03:37:52 [INFO    ] Scheduled job 'cleanup_temp_files' completed in 3471s
2025-01-01 03:37:57 [WARNING ] Rate limit at 4225% for IP 192.168.3589.1025
2025-01-01 03:38:00 [INFO    ] Cache hit ratio at 3499% for the last 60 seconds
2025-01-01 03:38:06 [INFO    ] Request processed in 7747ms — endpoint /api/v1/data
2025-01-01 03:38:11 [INFO    ] User login successful for user_id=8324
2025-01-01 03:38:19 [INFO    ] Cache hit ratio at 5218% for the last 60 seconds
2025-01-01 03:38:26 [DEBUG   ] Serializing response object — 3293 fields found
2025-01-01 03:38:34 [INFO    ] Config reloaded from disk — version=1617
2025-01-01 03:38:36 [INFO    ] Cache hit ratio at 7611% for the last 60 seconds
2025-01-01 03:38:46 [INFO    ] Config reloaded from disk — version=8187
2025-01-01 03:38:50 [ERROR   ] File not found: /var/data/report_7360.csv
2025-01-01 03:38:54 [ERROR   ] HTTP 500 returned for request_id=2850 — internal server error
2025-01-01 03:39:04 [WARNING ] Rate limit at 5745% for IP 192.168.3918.2857
2025-01-01 03:39:05 [INFO    ] Database connection pool size: 8338/20
2025-01-01 03:39:14 [CRITICAL] Security breach detected: 3590 failed login attempts from IP 10.0.1803.8065
2025-01-01 03:39:22 [INFO    ] Request processed in 4607ms — endpoint /api/v1/data
2025-01-01 03:39:29 [ERROR   ] Authentication token expired for user_id=8952
2025-01-01 03:39:36 [INFO    ] Config reloaded from disk — version=8774
2025-01-01 03:39:41 [WARNING ] Rate limit at 3067% for IP 192.168.358.8284
2025-01-01 03:39:47 [INFO    ] Database connection pool size: 4553/20
2025-01-01 03:39:49 [WARNING ] Response time exceeded threshold: 2889ms (limit: 500ms)
2025-01-01 03:39:51 [INFO    ] Database connection pool size: 731/20
2025-01-01 03:40:00 [INFO    ] Request processed in 3666ms — endpoint /api/v1/data
2025-01-01 03:40:05 [CRITICAL] SYSTEM SHUTDOWN INITIATED — out of memory (used: 2911MB / 512MB)
2025-01-01 03:40:06 [INFO    ] Scheduled job 'cleanup_temp_files' completed in 600s
2025-01-01 03:40:07 [INFO    ] Database connection pool size: 5530/20
2025-01-01 03:40:11 [INFO    ] Cache hit ratio at 8331% for the last 60 seconds
2025-01-01 03:40:12 [WARNING ] Disk usage at 8602% on volume /dev/sda1 — consider cleanup
2025-01-01 03:40:15 [WARNING ] Retry attempt 1666 of 3 for downstream service call
2025-01-01 03:40:21 [DEBUG   ] Checkpoint reached at loop iteration 7350
2025-01-01 03:40:23 [WARNING ] Disk usage at 4179% on volume /dev/sda1 — consider cleanup
2025-01-01 03:40:28 [DEBUG   ] Serializing response object — 177 fields found
2025-01-01 03:40:30 [WARNING ] Rate limit at 8646% for IP 192.168.9611.8471
2025-01-01 03:40:35 [INFO    ] User login successful for user_id=8542
2025-01-01 03:40:39 [DEBUG   ] Serializing response object — 6372 fields found
2025-01-01 03:40:40 [ERROR   ] File not found: /var/data/report_2800.csv
2025-01-01 03:40:45 [INFO    ] New session created — session_id=9284
2025-01-01 03:40:55 [INFO    ] New session created — session_id=8142
2025-01-01 03:40:56 [INFO    ] Scheduled job 'cleanup_temp_files' completed in 5856s
2025-01-01 03:41:01 [INFO    ] Database connection pool size: 8160/20
2025-01-01 03:41:08 [INFO    ] Cache hit ratio at 6445% for the last 60 seconds
2025-01-01 03:41:14 [WARNING ] Disk usage at 6738% on volume /dev/sda1 — consider cleanup
2025-01-01 03:41:16 [ERROR   ] NullPointerException in module payments.processor at line 7302
2025-01-01 03:41:24 [INFO    ] Config reloaded from disk — version=9162
2025-01-01 03:41:30 [CRITICAL] Data corruption detected in table 'transactions' at row 1496
2025-01-01 03:41:40 [WARNING ] Disk usage at 6638% on volume /dev/sda1 — consider cleanup
2025-01-01 03:41:45 [WARNING ] Deprecated API endpoint /v1/legacy called by client 1286
2025-01-01 03:41:48 [INFO    ] Scheduled job 'cleanup_temp_files' completed in 1180s
2025-01-01 03:41:56 [DEBUG   ] Cache miss for key='user_profile_1789' — fetching from DB
2025-01-01 03:41:57 [INFO    ] Request processed in 5841ms — endpoint /api/v1/data
2025-01-01 03:41:59 [INFO    ] Scheduled job 'cleanup_temp_files' completed in 983s
2025-01-01 03:42:02 [INFO    ] Cache hit ratio at 6856% for the last 60 seconds
2025-01-01 03:42:11 [ERROR   ] File not found: /var/data/report_9659.csv
2025-01-01 03:42:15 [INFO    ] New session created — session_id=8376
2025-01-01 03:42:23 [ERROR   ] NullPointerException in module payments.processor at line 625
2025-01-01 03:42:24 [INFO    ] Request processed in 717ms — endpoint /api/v1/data
2025-01-01 03:42:26 [ERROR   ] HTTP 500 returned for request_id=798 — internal server error
2025-01-01 03:42:31 [INFO    ] Config reloaded from disk — version=6051
2025-01-01 03:42:34 [ERROR   ] Unhandled exception in worker thread-2764: IndexError
2025-01-01 03:42:39 [INFO    ] Request processed in 3665ms — endpoint /api/v1/data
2025-01-01 03:42:44 [WARNING ] Memory usage at 599MB — approaching soft limit of 512MB
2025-01-01 03:42:47 [DEBUG   ] Serializing response object — 6306 fields found
2025-01-01 03:42:48 [INFO    ] Request processed in 3037ms — endpoint /api/v1/data
2025-01-01 03:42:58 [ERROR   ] Authentication token expired for user_id=2360
2025-01-01 03:43:02 [INFO    ] Cache hit ratio at 7234% for the last 60 seconds
2025-01-01 03:43:10 [DEBUG   ] Checkpoint reached at loop iteration 3585
2025-01-01 03:43:16 [INFO    ] Database connection pool size: 9933/20
2025-01-01 03:43:18 [INFO    ] Config reloaded from disk — version=821
2025-01-01 03:43:22 [INFO    ] New session created — session_id=2901
2025-01-01 03:43:30 [INFO    ] Config reloaded from disk — version=5691
2025-01-01 03:43:32 [WARNING ] Response time exceeded threshold: 7891ms (limit: 500ms)
2025-01-01 03:43:36 [WARNING ] Deprecated API endpoint /v1/legacy called by client 833
2025-01-01 03:43:42 [DEBUG   ] Serializing response object — 6502 fields found
2025-01-01 03:43:43 [DEBUG   ] Serializing response object — 6111 fields found
2025-01-01 03:43:46 [WARNING ] Memory usage at 4382MB — approaching soft limit of 512MB
2025-01-01 03:43:51 [INFO    ] New session created — session_id=3105
2025-01-01 03:43:59 [ERROR   ] File not found: /var/data/report_4784.csv
2025-01-01 03:44:02 [INFO    ] Config reloaded from disk — version=6185
2025-01-01 03:44:03 [INFO    ] Request processed in 451ms — endpoint /api/v1/data
2025-01-01 03:44:04 [WARNING ] Deprecated API endpoint /v1/legacy called by client 8845
2025-01-01 03:44:12 [INFO    ] Database connection pool size: 4051/20
2025-01-01 03:44:22 [ERROR   ] Authentication token expired for user_id=4300
2025-01-01 03:44:26 [DEBUG   ] Cache miss for key='user_profile_1055' — fetching from DB
2025-01-01 03:44:32 [INFO    ] User login successful for user_id=7191
2025-01-01 03:44:38 [DEBUG   ] Checkpoint reached at loop iteration 2697
2025-01-01 03:44:46 [INFO    ] Cache hit ratio at 1006% for the last 60 seconds
2025-01-01 03:44:55 [ERROR   ] Authentication token expired for user_id=976
2025-01-01 03:44:59 [INFO    ] New session created — session_id=343
2025-01-01 03:45:00 [INFO    ] Cache hit ratio at 1918% for the last 60 seconds
2025-01-01 03:45:06 [INFO    ] Scheduled job 'cleanup_temp_files' completed in 1816s
2025-01-01 03:45:14 [WARNING ] Memory usage at 5281MB — approaching soft limit of 512MB
2025-01-01 03:45:15 [INFO    ] Request processed in 3635ms — endpoint /api/v1/data
2025-01-01 03:45:24 [DEBUG   ] Serializing response object — 1588 fields found
2025-01-01 03:45:25 [WARNING ] Memory usage at 2650MB — approaching soft limit of 512MB
2025-01-01 03:45:27 [INFO    ] Config reloaded from disk — version=1593
2025-01-01 03:45:35 [INFO    ] Cache hit ratio at 8767% for the last 60 seconds
2025-01-01 03:45:43 [INFO    ] User login successful for user_id=2954
2025-01-01 03:45:48 [CRITICAL] SYSTEM SHUTDOWN INITIATED — out of memory (used: 5824MB / 512MB)
2025-01-01 03:45:51 [WARNING ] Retry attempt 509 of 3 for downstream service call
2025-01-01 03:46:00 [ERROR   ] File not found: /var/data/report_8846.csv
2025-01-01 03:46:06 [WARNING ] Disk usage at 4015% on volume /dev/sda1 — consider cleanup
2025-01-01 03:46:16 [ERROR   ] NullPointerException in module payments.processor at line 8992
2025-01-01 03:46:22 [INFO    ] Database connection pool size: 2849/20
2025-01-01 03:46:23 [INFO    ] Config reloaded from disk — version=4017
2025-01-01 03:46:28 [INFO    ] Cache hit ratio at 5215% for the last 60 seconds
2025-01-01 03:46:37 [INFO    ] User login successful for user_id=5819
2025-01-01 03:46:39 [INFO    ] Config reloaded from disk — version=4608
2025-01-01 03:46:43 [INFO    ] New session created — session_id=963
2025-01-01 03:46:51 [INFO    ] Scheduled job 'cleanup_temp_files' completed in 2535s
2025-01-01 03:46:57 [ERROR   ] HTTP 500 returned for request_id=6997 — internal server error
2025-01-01 03:47:01 [WARNING ] Retry attempt 7490 of 3 for downstream service call
2025-01-01 03:47:11 [INFO    ] New session created — session_id=7295
2025-01-01 03:47:12 [INFO    ] Cache hit ratio at 1226% for the last 60 seconds
2025-01-01 03:47:17 [INFO    ] Request processed in 2020ms — endpoint /api/v1/data
2025-01-01 03:47:21 [INFO    ] Cache hit ratio at 4167% for the last 60 seconds
2025-01-01 03:47:30 [INFO    ] New session created — session_id=3556
2025-01-01 03:47:38 [ERROR   ] Unhandled exception in worker thread-8682: IndexError
2025-01-01 03:47:44 [INFO    ] Scheduled job 'cleanup_temp_files' completed in 3142s
2025-01-01 03:47:48 [CRITICAL] SYSTEM SHUTDOWN INITIATED — out of memory (used: 590MB / 512MB)
2025-01-01 03:47:50 [INFO    ] Scheduled job 'cleanup_temp_files' completed in 669s
2025-01-01 03:47:54 [INFO    ] Request processed in 7940ms — endpoint /api/v1/data
2025-01-01 03:48:00 [INFO    ] Cache hit ratio at 1939% for the last 60 seconds
2025-01-01 03:48:02 [ERROR   ] NullPointerException in module payments.processor at line 5950
2025-01-01 03:48:10 [ERROR   ] File not found: /var/data/report_6132.csv
2025-01-01 03:48:12 [INFO    ] Scheduled job 'cleanup_temp_files' completed in 976s
2025-01-01 03:48:13 [INFO    ] New session created — session_id=5877
2025-01-01 03:48:21 [ERROR   ] File not found: /var/data/report_552.csv
2025-01-01 03:48:29 [DEBUG   ] SQL query executed: SELECT * FROM orders WHERE id=6989 (7309ms)
2025-01-01 03:48:38 [WARNING ] Disk usage at 4608% on volume /dev/sda1 — consider cleanup
2025-01-01 03:48:48 [ERROR   ] File not found: /var/data/report_7200.csv
2025-01-01 03:48:58 [WARNING ] Rate limit at 9976% for IP 192.168.7422.5319
2025-01-01 03:49:02 [INFO    ] Scheduled job 'cleanup_temp_files' completed in 3042s
2025-01-01 03:49:07 [ERROR   ] Authentication token expired for user_id=2694
2025-01-01 03:49:17 [INFO    ] Database connection pool size: 8952/20
2025-01-01 03:49:20 [WARNING ] Memory usage at 9440MB — approaching soft limit of 512MB
2025-01-01 03:49:25 [INFO    ] User login successful for user_id=2777
2025-01-01 03:49:31 [INFO    ] Scheduled job 'cleanup_temp_files' completed in 2721s
2025-01-01 03:49:34 [WARNING ] Deprecated API endpoint /v1/legacy called by client 8268
2025-01-01 03:49:43 [INFO    ] Database connection pool size: 5987/20
2025-01-01 03:49:52 [ERROR   ] HTTP 500 returned for request_id=3528 — internal server error
2025-01-01 03:50:02 [CRITICAL] Primary database unreachable — all writes failing, queue depth: 4366
2025-01-01 03:50:10 [ERROR   ] NullPointerException in module payments.processor at line 2970
2025-01-01 03:50:19 [INFO    ] Cache hit ratio at 7539% for the last 60 seconds
2025-01-01 03:50:25 [ERROR   ] HTTP 500 returned for request_id=7916 — internal server error
2025-01-01 03:50:34 [INFO    ] Config reloaded from disk — version=6996
2025-01-01 03:50:36 [WARNING ] Memory usage at 1889MB — approaching soft limit of 512MB
2025-01-01 03:50:37 [INFO    ] Request processed in 7890ms — endpoint /api/v1/data
2025-01-01 03:50:47 [INFO    ] Scheduled job 'cleanup_temp_files' completed in 2426s
2025-01-01 03:50:54 [INFO    ] New session created — session_id=3321
2025-01-01 03:51:02 [INFO    ] Database connection pool size: 9542/20
2025-01-01 03:51:06 [ERROR   ] HTTP 500 returned for request_id=3006 — internal server error
2025-01-01 03:51:14 [ERROR   ] Authentication token expired for user_id=2628
2025-01-01 03:51:21 [DEBUG   ] Lock acquired on resource 'invoice_2456' by thread-3583
2025-01-01 03:51:24 [WARNING ] Retry attempt 355 of 3 for downstream service call
2025-01-01 03:51:25 [DEBUG   ] Lock acquired on resource 'invoice_4079' by thread-1225
2025-01-01 03:51:27 [WARNING ] Disk usage at 2127% on volume /dev/sda1 — consider cleanup
2025-01-01 03:51:31 [WARNING ] Memory usage at 1963MB — approaching soft limit of 512MB
2025-01-01 03:51:37 [ERROR   ] Unhandled exception in worker thread-9137: IndexError
2025-01-01 03:51:39 [ERROR   ] Failed to connect to database after 7549 retries — giving up
2025-01-01 03:51:48 [DEBUG   ] Checkpoint reached at loop iteration 706
2025-01-01 03:51:49 [INFO    ] User login successful for user_id=2468
2025-01-01 03:51:55 [WARNING ] Rate limit at 8311% for IP 192.168.4325.4603
2025-01-01 03:51:57 [ERROR   ] Authentication token expired for user_id=1388
2025-01-01 03:52:01 [INFO    ] New session created — session_id=9885
2025-01-01 03:52:03 [DEBUG   ] Lock acquired on resource 'invoice_6892' by thread-5894
2025-01-01 03:52:09 [INFO    ] Database connection pool size: 3651/20
2025-01-01 03:52:16 [INFO    ] Config reloaded from disk — version=4815
2025-01-01 03:52:20 [INFO    ] New session created — session_id=2813
2025-01-01 03:52:26 [INFO    ] Config reloaded from disk — version=5558
2025-01-01 03:52:34 [INFO    ] User login successful for user_id=4844
2025-01-01 03:52:37 [INFO    ] Config reloaded from disk — version=4262
2025-01-01 03:52:45 [DEBUG   ] Cache miss for key='user_profile_5373' — fetching from DB
2025-01-01 03:52:49 [WARNING ] Memory usage at 1620MB — approaching soft limit of 512MB
2025-01-01 03:52:53 [WARNING ] Disk usage at 1415% on volume /dev/sda1 — consider cleanup
2025-01-01 03:53:01 [INFO    ] Config reloaded from disk — version=3791
2025-01-01 03:53:11 [CRITICAL] Primary database unreachable — all writes failing, queue depth: 8295
2025-01-01 03:53:14 [WARNING ] Disk usage at 6268% on volume /dev/sda1 — consider cleanup
2025-01-01 03:53:18 [ERROR   ] File not found: /var/data/report_1443.csv
2025-01-01 03:53:24 [INFO    ] Database connection pool size: 8073/20
2025-01-01 03:53:28 [WARNING ] Disk usage at 2744% on volume /dev/sda1 — consider cleanup
2025-01-01 03:53:29 [INFO    ] Request processed in 8806ms — endpoint /api/v1/data
2025-01-01 03:53:33 [DEBUG   ] Cache miss for key='user_profile_2341' — fetching from DB
2025-01-01 03:53:35 [ERROR   ] File not found: /var/data/report_1652.csv
2025-01-01 03:53:41 [ERROR   ] HTTP 500 returned for request_id=7069 — internal server error
2025-01-01 03:53:44 [INFO    ] New session created — session_id=3053
2025-01-01 03:53:47 [INFO    ] New session created — session_id=8250
2025-01-01 03:53:50 [INFO    ] User login successful for user_id=8523
2025-01-01 03:53:56 [WARNING ] Deprecated API endpoint /v1/legacy called by client 8195
2025-01-01 03:53:57 [WARNING ] Retry attempt 7236 of 3 for downstream service call
2025-01-01 03:54:06 [INFO    ] Database connection pool size: 660/20
2025-01-01 03:54:08 [ERROR   ] Failed to connect to database after 4548 retries — giving up
2025-01-01 03:54:17 [INFO    ] Request processed in 121ms — endpoint /api/v1/data
2025-01-01 03:54:27 [INFO    ] User login successful for user_id=4504
2025-01-01 03:54:29 [INFO    ] Request processed in 8371ms — endpoint /api/v1/data
2025-01-01 03:54:38 [WARNING ] Deprecated API endpoint /v1/legacy called by client 2338
2025-01-01 03:54:39 [INFO    ] User login successful for user_id=1177
2025-01-01 03:54:45 [WARNING ] Response time exceeded threshold: 5614ms (limit: 500ms)
2025-01-01 03:54:55 [INFO    ] Database connection pool size: 8280/20
2025-01-01 03:55:00 [INFO    ] New session created — session_id=9670
2025-01-01 03:55:05 [INFO    ] Config reloaded from disk — version=2644
2025-01-01 03:55:10 [DEBUG   ] Serializing response object — 8235 fields found
2025-01-01 03:55:17 [INFO    ] User login successful for user_id=2019
2025-01-01 03:55:18 [INFO    ] Cache hit ratio at 3038% for the last 60 seconds
2025-01-01 03:55:25 [INFO    ] Request processed in 8047ms — endpoint /api/v1/data
2025-01-01 03:55:29 [WARNING ] Disk usage at 962% on volume /dev/sda1 — consider cleanup
2025-01-01 03:55:36 [INFO    ] Cache hit ratio at 765% for the last 60 seconds
2025-01-01 03:55:42 [INFO    ] New session created — session_id=1404
2025-01-01 03:55:46 [INFO    ] Scheduled job 'cleanup_temp_files' completed in 2605s
2025-01-01 03:55:54 [DEBUG   ] Serializing response object — 5433 fields found
2025-01-01 03:56:04 [ERROR   ] Unhandled exception in worker thread-8632: IndexError
2025-01-01 03:56:08 [INFO    ] Cache hit ratio at 251% for the last 60 seconds
2025-01-01 03:56:14 [INFO    ] Cache hit ratio at 3403% for the last 60 seconds
2025-01-01 03:56:24 [DEBUG   ] Cache miss for key='user_profile_6767' — fetching from DB
2025-01-01 03:56:30 [WARNING ] Memory usage at 4828MB — approaching soft limit of 512MB
2025-01-01 03:56:36 [WARNING ] Memory usage at 6494MB — approaching soft limit of 512MB
2025-01-01 03:56:37 [INFO    ] Scheduled job 'cleanup_temp_files' completed in 2363s
2025-01-01 03:56:44 [WARNING ] Deprecated API endpoint /v1/legacy called by client 6872
2025-01-01 03:56:49 [WARNING ] Disk usage at 2781% on volume /dev/sda1 — consider cleanup
2025-01-01 03:56:50 [WARNING ] Disk usage at 7273% on volume /dev/sda1 — consider cleanup
2025-01-01 03:57:00 [INFO    ] Cache hit ratio at 4144% for the last 60 seconds
2025-01-01 03:57:05 [DEBUG   ] Entering function process_batch() with batch_size=441
2025-01-01 03:57:06 [INFO    ] Cache hit ratio at 1498% for the last 60 seconds
2025-01-01 03:57:15 [INFO    ] Database connection pool size: 7272/20
2025-01-01 03:57:18 [CRITICAL] SSL certificate expires in 7783 hours — immediate action required
2025-01-01 03:57:25 [ERROR   ] Unhandled exception in worker thread-5658: IndexError
2025-01-01 03:57:34 [INFO    ] Database connection pool size: 371/20
2025-01-01 03:57:37 [CRITICAL] Data corruption detected in table 'transactions' at row 9600
2025-01-01 03:57:44 [DEBUG   ] Cache miss for key='user_profile_7783' — fetching from DB
2025-01-01 03:57:48 [DEBUG   ] Cache miss for key='user_profile_6228' — fetching from DB
2025-01-01 03:57:55 [INFO    ] Request processed in 8606ms — endpoint /api/v1/data
2025-01-01 03:58:03 [WARNING ] Memory usage at 7229MB — approaching soft limit of 512MB
2025-01-01 03:58:10 [INFO    ] Cache hit ratio at 8378% for the last 60 seconds
2025-01-01 03:58:15 [ERROR   ] Unhandled exception in worker thread-9069: IndexError
2025-01-01 03:58:20 [INFO    ] Request processed in 4152ms — endpoint /api/v1/data
2025-01-01 03:58:25 [WARNING ] Memory usage at 1920MB — approaching soft limit of 512MB
2025-01-01 03:58:26 [WARNING ] Memory usage at 7205MB — approaching soft limit of 512MB
2025-01-01 03:58:30 [WARNING ] Retry attempt 1881 of 3 for downstream service call
2025-01-01 03:58:35 [INFO    ] Database connection pool size: 2227/20
2025-01-01 03:58:39 [DEBUG   ] SQL query executed: SELECT * FROM orders WHERE id=1483 (2174ms)
2025-01-01 03:58:47 [INFO    ] Scheduled job 'cleanup_temp_files' completed in 33s
2025-01-01 03:58:54 [INFO    ] Database connection pool size: 8812/20
2025-01-01 03:58:57 [ERROR   ] NullPointerException in module payments.processor at line 4459
2025-01-01 03:59:04 [ERROR   ] Authentication token expired for user_id=362
2025-01-01 03:59:14 [INFO    ] Scheduled job 'cleanup_temp_files' completed in 5980s
2025-01-01 03:59:19 [ERROR   ] File not found: /var/data/report_9637.csv
2025-01-01 03:59:24 [CRITICAL] Primary database unreachable — all writes failing, queue depth: 9216
2025-01-01 03:59:34 [WARNING ] Response time exceeded threshold: 898ms (limit: 500ms)
2025-01-01 03:59:39 [WARNING ] Disk usage at 5831% on volume /dev/sda1 — consider cleanup
2025-01-01 03:59:41 [DEBUG   ] Lock acquired on resource 'invoice_4963' by thread-2181
2025-01-01 03:59:49 [INFO    ] Request processed in 2678ms — endpoint /api/v1/data
2025-01-01 03:59:57 [ERROR   ] Authentication token expired for user_id=7685
2025-01-01 04:00:03 [INFO    ] Scheduled job 'cleanup_temp_files' completed in 545s
2025-01-01 04:00:06 [INFO    ] New session created — session_id=5179
2025-01-01 04:00:13 [INFO    ] Config reloaded from disk — version=7199
2025-01-01 04:00:18 [INFO    ] Config reloaded from disk — version=4038
2025-01-01 04:00:26 [WARNING ] Rate limit at 4497% for IP 192.168.9826.5556
2025-01-01 04:00:34 [DEBUG   ] Serializing response object — 5056 fields found
2025-01-01 04:00:39 [WARNING ] Memory usage at 8260MB — approaching soft limit of 512MB
2025-01-01 04:00:49 [INFO    ] User login successful for user_id=7671
2025-01-01 04:00:51 [INFO    ] Database connection pool size: 8355/20
2025-01-01 04:00:58 [INFO    ] User login successful for user_id=122
2025-01-01 04:01:07 [INFO    ] Config reloaded from disk — version=5874
2025-01-01 04:01:17 [ERROR   ] Failed to connect to database after 9842 retries — giving up
2025-01-01 04:01:22 [ERROR   ] HTTP 500 returned for request_id=7019 — internal server error
2025-01-01 04:01:30 [WARNING ] Deprecated API endpoint /v1/legacy called by client 2723
2025-01-01 04:01:33 [WARNING ] Rate limit at 4942% for IP 192.168.6199.3072
2025-01-01 04:01:43 [ERROR   ] NullPointerException in module payments.processor at line 5681
2025-01-01 04:01:51 [INFO    ] Database connection pool size: 2462/20
2025-01-01 04:01:55 [ERROR   ] HTTP 500 returned for request_id=3912 — internal server error
2025-01-01 04:02:03 [WARNING ] Deprecated API endpoint /v1/legacy called by client 9222
2025-01-01 04:02:06 [ERROR   ] Unhandled exception in worker thread-9677: IndexError
2025-01-01 04:02:14 [INFO    ] Request processed in 9015ms — endpoint /api/v1/data
2025-01-01 04:02:24 [ERROR   ] Authentication token expired for user_id=6195
2025-01-01 04:02:25 [WARNING ] Deprecated API endpoint /v1/legacy called by client 8845
2025-01-01 04:02:27 [CRITICAL] Data corruption detected in table 'transactions' at row 6056
2025-01-01 04:02:33 [ERROR   ] Unhandled exception in worker thread-5671: IndexError
2025-01-01 04:02:35 [INFO    ] Scheduled job 'cleanup_temp_files' completed in 8368s
2025-01-01 04:02:41 [WARNING ] Rate limit at 9348% for IP 192.168.8721.3434
2025-01-01 04:02:51 [INFO    ] New session created — session_id=1337
2025-01-01 04:02:53 [INFO    ] User login successful for user_id=2826
2025-01-01 04:03:03 [WARNING ] Response time exceeded threshold: 9943ms (limit: 500ms)
2025-01-01 04:03:04 [ERROR   ] NullPointerException in module payments.processor at line 5318
2025-01-01 04:03:09 [WARNING ] Disk usage at 6310% on volume /dev/sda1 — consider cleanup
2025-01-01 04:03:19 [DEBUG   ] Checkpoint reached at loop iteration 8808
2025-01-01 04:03:22 [INFO    ] Database connection pool size: 5152/20
2025-01-01 04:03:23 [INFO    ] New session created — session_id=3975
2025-01-01 04:03:28 [INFO    ] Config reloaded from disk — version=7065
2025-01-01 04:03:37 [ERROR   ] File not found: /var/data/report_6819.csv
2025-01-01 04:03:46 [CRITICAL] Data corruption detected in table 'transactions' at row 9898
2025-01-01 04:03:50 [CRITICAL] Data corruption detected in table 'transactions' at row 6435
2025-01-01 04:03:51 [INFO    ] Scheduled job 'cleanup_temp_files' completed in 5348s
2025-01-01 04:03:55 [ERROR   ] File not found: /var/data/report_2195.csv
2025-01-01 04:04:02 [DEBUG   ] Checkpoint reached at loop iteration 4654
2025-01-01 04:04:12 [INFO    ] Cache hit ratio at 209% for the last 60 seconds
2025-01-01 04:04:19 [INFO    ] Cache hit ratio at 9810% for the last 60 seconds
2025-01-01 04:04:27 [WARNING ] Rate limit at 1171% for IP 192.168.8471.1839
2025-01-01 04:04:30 [ERROR   ] HTTP 500 returned for request_id=6318 — internal server error
2025-01-01 04:04:35 [INFO    ] Database connection pool size: 7410/20
2025-01-01 04:04:40 [INFO    ] Scheduled job 'cleanup_temp_files' completed in 2123s
2025-01-01 04:04:47 [CRITICAL] Security breach detected: 4146 failed login attempts from IP 10.0.2068.2122
2025-01-01 04:04:55 [INFO    ] Request processed in 7264ms — endpoint /api/v1/data
2025-01-01 04:04:57 [ERROR   ] Unhandled exception in worker thread-8195: IndexError
2025-01-01 04:05:02 [INFO    ] User login successful for user_id=6574
2025-01-01 04:05:08 [INFO    ] Database connection pool size: 571/20
2025-01-01 04:05:14 [INFO    ] Config reloaded from disk — version=330
2025-01-01 04:05:16 [INFO    ] User login successful for user_id=8052
2025-01-01 04:05:26 [INFO    ] Scheduled job 'cleanup_temp_files' completed in 8396s
2025-01-01 04:05:31 [INFO    ] Config reloaded from disk — version=6663
2025-01-01 04:05:38 [INFO    ] User login successful for user_id=4665
2025-01-01 04:05:39 [INFO    ] Cache hit ratio at 210% for the last 60 seconds
2025-01-01 04:05:40 [INFO    ] Config reloaded from disk — version=7140
2025-01-01 04:05:44 [ERROR   ] Authentication token expired for user_id=3296
2025-01-01 04:05:45 [INFO    ] User login successful for user_id=6588
2025-01-01 04:05:49 [INFO    ] Request processed in 7494ms — endpoint /api/v1/data
2025-01-01 04:05:56 [INFO    ] Request processed in 8298ms — endpoint /api/v1/data
2025-01-01 04:05:58 [WARNING ] Disk usage at 1696% on volume /dev/sda1 — consider cleanup
2025-01-01 04:06:05 [DEBUG   ] Checkpoint reached at loop iteration 4224
2025-01-01 04:06:06 [INFO    ] Cache hit ratio at 325% for the last 60 seconds
2025-01-01 04:06:13 [INFO    ] Cache hit ratio at 8676% for the last 60 seconds
2025-01-01 04:06:20 [INFO    ] User login successful for user_id=4865
2025-01-01 04:06:21 [INFO    ] User login successful for user_id=6230
2025-01-01 04:06:31 [ERROR   ] Authentication token expired for user_id=2966
2025-01-01 04:06:35 [DEBUG   ] Lock acquired on resource 'invoice_4614' by thread-1523
2025-01-01 04:06:38 [INFO    ] Request processed in 9902ms — endpoint /api/v1/data
2025-01-01 04:06:46 [INFO    ] Config reloaded from disk — version=3941
2025-01-01 04:06:54 [WARNING ] Retry attempt 4710 of 3 for downstream service call
2025-01-01 04:06:55 [WARNING ] Memory usage at 4854MB — approaching soft limit of 512MB
2025-01-01 04:07:05 [INFO    ] Database connection pool size: 6308/20
2025-01-01 04:07:07 [INFO    ] Cache hit ratio at 4204% for the last 60 seconds
2025-01-01 04:07:17 [INFO    ] Database connection pool size: 9331/20
2025-01-01 04:07:21 [INFO    ] Database connection pool size: 1957/20
2025-01-01 04:07:29 [ERROR   ] Failed to connect to database after 3867 retries — giving up
2025-01-01 04:07:37 [ERROR   ] Failed to connect to database after 3591 retries — giving up
2025-01-01 04:07:42 [WARNING ] Response time exceeded threshold: 8769ms (limit: 500ms)
2025-01-01 04:07:45 [ERROR   ] Failed to connect to database after 5221 retries — giving up
2025-01-01 04:07:55 [INFO    ] Cache hit ratio at 280% for the last 60 seconds
2025-01-01 04:07:56 [INFO    ] User login successful for user_id=5543
2025-01-01 04:08:01 [INFO    ] New session created — session_id=7292
2025-01-01 04:08:03 [INFO    ] Cache hit ratio at 5543% for the last 60 seconds
2025-01-01 04:08:08 [WARNING ] Retry attempt 1094 of 3 for downstream service call
2025-01-01 04:08:12 [ERROR   ] Unhandled exception in worker thread-2249: IndexError
2025-01-01 04:08:20 [WARNING ] Retry attempt 2409 of 3 for downstream service call
2025-01-01 04:08:26 [INFO    ] Config reloaded from disk — version=8299
2025-01-01 04:08:31 [INFO    ] Request processed in 4372ms — endpoint /api/v1/data
2025-01-01 04:08:38 [WARNING ] Response time exceeded threshold: 6020ms (limit: 500ms)
2025-01-01 04:08:39 [ERROR   ] Unhandled exception in worker thread-366: IndexError
2025-01-01 04:08:45 [DEBUG   ] Cache miss for key='user_profile_3248' — fetching from DB
2025-01-01 04:08:53 [INFO    ] Cache hit ratio at 3877% for the last 60 seconds
2025-01-01 04:08:54 [WARNING ] Response time exceeded threshold: 9061ms (limit: 500ms)
2025-01-01 04:08:55 [ERROR   ] Failed to connect to database after 4258 retries — giving up
2025-01-01 04:08:56 [WARNING ] Response time exceeded threshold: 9693ms (limit: 500ms)
2025-01-01 04:09:02 [INFO    ] New session created — session_id=1766
2025-01-01 04:09:10 [INFO    ] Request processed in 6583ms — endpoint /api/v1/data
2025-01-01 04:09:17 [INFO    ] Cache hit ratio at 9906% for the last 60 seconds
2025-01-01 04:09:23 [INFO    ] Database connection pool size: 4310/20
2025-01-01 04:09:26 [INFO    ] User login successful for user_id=7435
2025-01-01 04:09:33 [INFO    ] Database connection pool size: 245/20
2025-01-01 04:09:41 [INFO    ] New session created — session_id=8125
2025-01-01 04:09:46 [ERROR   ] HTTP 500 returned for request_id=9475 — internal server error
2025-01-01 04:09:56 [INFO    ] Config reloaded from disk — version=1364
2025-01-01 04:10:00 [INFO    ] Database connection pool size: 3774/20
2025-01-01 04:10:03 [ERROR   ] NullPointerException in module payments.processor at line 8773
2025-01-01 04:10:09 [INFO    ] Request processed in 5921ms — endpoint /api/v1/data
2025-01-01 04:10:16 [INFO    ] Scheduled job 'cleanup_temp_files' completed in 1378s
2025-01-01 04:10:18 [CRITICAL] SSL certificate expires in 6290 hours — immediate action required
2025-01-01 04:10:20 [WARNING ] Disk usage at 4827% on volume /dev/sda1 — consider cleanup
2025-01-01 04:10:21 [INFO    ] Request processed in 3324ms — endpoint /api/v1/data
2025-01-01 04:10:27 [INFO    ] New session created — session_id=6072
2025-01-01 04:10:30 [ERROR   ] HTTP 500 returned for request_id=4166 — internal server error
2025-01-01 04:10:35 [INFO    ] Cache hit ratio at 3386% for the last 60 seconds
2025-01-01 04:10:44 [INFO    ] Request processed in 9315ms — endpoint /api/v1/data
2025-01-01 04:10:52 [INFO    ] New session created — session_id=3412
2025-01-01 04:10:59 [ERROR   ] Authentication token expired for user_id=9667
2025-01-01 04:11:03 [INFO    ] Database connection pool size: 2290/20
2025-01-01 04:11:09 [INFO    ] Request processed in 9232ms — endpoint /api/v1/data
2025-01-01 04:11:16 [INFO    ] Scheduled job 'cleanup_temp_files' completed in 1723s
2025-01-01 04:11:23 [INFO    ] Request processed in 724ms — endpoint /api/v1/data
2025-01-01 04:11:24 [INFO    ] Scheduled job 'cleanup_temp_files' completed in 4718s
2025-01-01 04:11:30 [ERROR   ] Failed to connect to database after 654 retries — giving up
2025-01-01 04:11:33 [DEBUG   ] Entering function process_batch() with batch_size=3538
2025-01-01 04:11:37 [ERROR   ] Authentication token expired for user_id=8269
2025-01-01 04:11:41 [ERROR   ] File not found: /var/data/report_1166.csv
2025-01-01 04:11:49 [INFO    ] Config reloaded from disk — version=1720
2025-01-01 04:11:51 [DEBUG   ] Cache miss for key='user_profile_5137' — fetching from DB
2025-01-01 04:11:57 [WARNING ] Memory usage at 3014MB — approaching soft limit of 512MB
2025-01-01 04:12:01 [ERROR   ] File not found: /var/data/report_482.csv
2025-01-01 04:12:03 [WARNING ] Deprecated API endpoint /v1/legacy called by client 1375
2025-01-01 04:12:12 [INFO    ] Cache hit ratio at 5395% for the last 60 seconds
2025-01-01 04:12:18 [INFO    ] Cache hit ratio at 1568% for the last 60 seconds
2025-01-01 04:12:28 [INFO    ] User login successful for user_id=9911
2025-01-01 04:12:37 [INFO    ] New session created — session_id=4242
2025-01-01 04:12:39 [DEBUG   ] Lock acquired on resource 'invoice_23' by thread-9879
2025-01-01 04:12:48 [WARNING ] Rate limit at 380% for IP 192.168.8057.4107
2025-01-01 04:12:57 [INFO    ] Config reloaded from disk — version=5436
2025-01-01 04:13:02 [INFO    ] Config reloaded from disk — version=6650
2025-01-01 04:13:12 [INFO    ] Scheduled job 'cleanup_temp_files' completed in 4515s
2025-01-01 04:13:17 [WARNING ] Memory usage at 6206MB — approaching soft limit of 512MB
2025-01-01 04:13:18 [INFO    ] Cache hit ratio at 2949% for the last 60 seconds
2025-01-01 04:13:23 [INFO    ] Config reloaded from disk — version=8527
2025-01-01 04:13:28 [INFO    ] Request processed in 4164ms — endpoint /api/v1/data
2025-01-01 04:13:34 [INFO    ] User login successful for user_id=4362
2025-01-01 04:13:38 [INFO    ] Config reloaded from disk — version=2903
2025-01-01 04:13:45 [INFO    ] Cache hit ratio at 1939% for the last 60 seconds
2025-01-01 04:13:53 [INFO    ] User login successful for user_id=3288
2025-01-01 04:14:00 [INFO    ] New session created — session_id=5099
2025-01-01 04:14:07 [WARNING ] Response time exceeded threshold: 2900ms (limit: 500ms)
2025-01-01 04:14:09 [ERROR   ] Failed to connect to database after 9002 retries — giving up
2025-01-01 04:14:11 [INFO    ] Scheduled job 'cleanup_temp_files' completed in 8172s
2025-01-01 04:14:18 [WARNING ] Rate limit at 8943% for IP 192.168.649.1303
2025-01-01 04:14:25 [WARNING ] Rate limit at 3748% for IP 192.168.2940.4828
2025-01-01 04:14:28 [WARNING ] Memory usage at 2408MB — approaching soft limit of 512MB
2025-01-01 04:14:32 [INFO    ] Request processed in 439ms — endpoint /api/v1/data
2025-01-01 04:14:38 [INFO    ] Request processed in 1748ms — endpoint /api/v1/data
2025-01-01 04:14:44 [DEBUG   ] Entering function process_batch() with batch_size=8846
2025-01-01 04:14:53 [ERROR   ] HTTP 500 returned for request_id=1439 — internal server error
2025-01-01 04:14:58 [DEBUG   ] Lock acquired on resource 'invoice_1617' by thread-3652
2025-01-01 04:15:04 [WARNING ] Disk usage at 9022% on volume /dev/sda1 — consider cleanup
2025-01-01 04:15:08 [INFO    ] Database connection pool size: 821/20
2025-01-01 04:15:17 [INFO    ] Scheduled job 'cleanup_temp_files' completed in 3817s
2025-01-01 04:15:19 [INFO    ] Scheduled job 'cleanup_temp_files' completed in 5414s
2025-01-01 04:15:23 [INFO    ] Database connection pool size: 7254/20
2025-01-01 04:15:29 [ERROR   ] Authentication token expired for user_id=2396
2025-01-01 04:15:37 [ERROR   ] Authentication token expired for user_id=6191
2025-01-01 04:15:45 [WARNING ] Response time exceeded threshold: 6180ms (limit: 500ms)
2025-01-01 04:15:50 [INFO    ] Database connection pool size: 7468/20
2025-01-01 04:16:00 [INFO    ] Scheduled job 'cleanup_temp_files' completed in 2298s
2025-01-01 04:16:01 [INFO    ] Scheduled job 'cleanup_temp_files' completed in 7167s
2025-01-01 04:16:02 [WARNING ] Retry attempt 8872 of 3 for downstream service call
2025-01-01 04:16:08 [INFO    ] User login successful for user_id=9613
2025-01-01 04:16:14 [INFO    ] New session created — session_id=7302
2025-01-01 04:16:20 [ERROR   ] Unhandled exception in worker thread-2904: IndexError
2025-01-01 04:16:25 [WARNING ] Disk usage at 7467% on volume /dev/sda1 — consider cleanup
2025-01-01 04:16:30 [INFO    ] Cache hit ratio at 3975% for the last 60 seconds
2025-01-01 04:16:34 [INFO    ] Config reloaded from disk — version=1069
2025-01-01 04:16:36 [WARNING ] Response time exceeded threshold: 5189ms (limit: 500ms)
2025-01-01 04:16:46 [DEBUG   ] Lock acquired on resource 'invoice_7987' by thread-8704
2025-01-01 04:16:47 [INFO    ] New session created — session_id=7314
2025-01-01 04:16:50 [INFO    ] Database connection pool size: 2890/20
2025-01-01 04:16:59 [INFO    ] Scheduled job 'cleanup_temp_files' completed in 1246s
2025-01-01 04:17:07 [INFO    ] Database connection pool size: 463/20
2025-01-01 04:17:16 [INFO    ] Config reloaded from disk — version=6345
2025-01-01 04:17:17 [ERROR   ] NullPointerException in module payments.processor at line 8396
2025-01-01 04:17:24 [INFO    ] Scheduled job 'cleanup_temp_files' completed in 8657s
2025-01-01 04:17:27 [INFO    ] Database connection pool size: 4893/20
2025-01-01 04:17:29 [INFO    ] Config reloaded from disk — version=1673
2025-01-01 04:17:35 [INFO    ] User login successful for user_id=4135
2025-01-01 04:17:36 [DEBUG   ] Lock acquired on resource 'invoice_1950' by thread-6207
2025-01-01 04:17:44 [ERROR   ] Unhandled exception in worker thread-8959: IndexError
2025-01-01 04:17:46 [INFO    ] Request processed in 6267ms — endpoint /api/v1/data
2025-01-01 04:17:49 [INFO    ] Request processed in 1179ms — endpoint /api/v1/data
2025-01-01 04:17:55 [INFO    ] Cache hit ratio at 647% for the last 60 seconds
2025-01-01 04:18:04 [INFO    ] Request processed in 8569ms — endpoint /api/v1/data
2025-01-01 04:18:09 [INFO    ] Scheduled job 'cleanup_temp_files' completed in 261s
2025-01-01 04:18:13 [INFO    ] Config reloaded from disk — version=128
2025-01-01 04:18:19 [INFO    ] Request processed in 7915ms — endpoint /api/v1/data
2025-01-01 04:18:28 [WARNING ] Deprecated API endpoint /v1/legacy called by client 3116
2025-01-01 04:18:31 [INFO    ] Cache hit ratio at 8640% for the last 60 seconds
2025-01-01 04:18:40 [WARNING ] Response time exceeded threshold: 5324ms (limit: 500ms)
2025-01-01 04:18:44 [INFO    ] User login successful for user_id=5331
2025-01-01 04:18:51 [DEBUG   ] Entering function process_batch() with batch_size=198
2025-01-01 04:18:58 [DEBUG   ] Lock acquired on resource 'invoice_6406' by thread-8803
2025-01-01 04:19:01 [WARNING ] Response time exceeded threshold: 6195ms (limit: 500ms)
2025-01-01 04:19:03 [INFO    ] Cache hit ratio at 563% for the last 60 seconds
2025-01-01 04:19:12 [INFO    ] Database connection pool size: 7485/20
2025-01-01 04:19:18 [INFO    ] Request processed in 3382ms — endpoint /api/v1/data
2025-01-01 04:19:24 [DEBUG   ] Checkpoint reached at loop iteration 5011
2025-01-01 04:19:26 [INFO    ] Database connection pool size: 5109/20
2025-01-01 04:19:28 [DEBUG   ] Serializing response object — 8562 fields found
2025-01-01 04:19:33 [INFO    ] New session created — session_id=6088
2025-01-01 04:19:34 [INFO    ] User login successful for user_id=7844
2025-01-01 04:19:37 [ERROR   ] Failed to connect to database after 4495 retries — giving up
2025-01-01 04:19:39 [INFO    ] Database connection pool size: 5841/20
2025-01-01 04:19:48 [INFO    ] Cache hit ratio at 2261% for the last 60 seconds
2025-01-01 04:19:56 [ERROR   ] Failed to connect to database after 6534 retries — giving up
2025-01-01 04:19:58 [CRITICAL] Data corruption detected in table 'transactions' at row 7561
2025-01-01 04:20:02 [INFO    ] User login successful for user_id=2141
2025-01-01 04:20:08 [INFO    ] Request processed in 6293ms — endpoint /api/v1/data
2025-01-01 04:20:10 [INFO    ] Scheduled job 'cleanup_temp_files' completed in 9554s
2025-01-01 04:20:12 [INFO    ] Scheduled job 'cleanup_temp_files' completed in 9109s
2025-01-01 04:20:15 [CRITICAL] Data corruption detected in table 'transactions' at row 1356
2025-01-01 04:20:25 [INFO    ] User login successful for user_id=4428
2025-01-01 04:20:28 [WARNING ] Rate limit at 2056% for IP 192.168.2951.2610
2025-01-01 04:20:34 [INFO    ] New session created — session_id=4815
2025-01-01 04:20:42 [CRITICAL] Security breach detected: 1372 failed login attempts from IP 10.0.5838.6236
2025-01-01 04:20:47 [INFO    ] New session created — session_id=3688
2025-01-01 04:20:49 [INFO    ] User login successful for user_id=1
2025-01-01 04:20:51 [INFO    ] Request processed in 1839ms — endpoint /api/v1/data
2025-01-01 04:20:53 [WARNING ] Disk usage at 6667% on volume /dev/sda1 — consider cleanup
2025-01-01 04:20:55 [DEBUG   ] SQL query executed: SELECT * FROM orders WHERE id=4421 (4552ms)
2025-01-01 04:20:57 [ERROR   ] NullPointerException in module payments.processor at line 9010
2025-01-01 04:21:00 [INFO    ] New session created — session_id=2736
2025-01-01 04:21:03 [INFO    ] Config reloaded from disk — version=121
2025-01-01 04:21:10 [WARNING ] Memory usage at 8135MB — approaching soft limit of 512MB
2025-01-01 04:21:14 [CRITICAL] Data corruption detected in table 'transactions' at row 603
2025-01-01 04:21:19 [INFO    ] Cache hit ratio at 9407% for the last 60 seconds
2025-01-01 04:21:29 [ERROR   ] Failed to connect to database after 6378 retries — giving up
2025-01-01 04:21:32 [CRITICAL] Security breach detected: 1323 failed login attempts from IP 10.0.9500.2710
2025-01-01 04:21:36 [WARNING ] Rate limit at 3469% for IP 192.168.1475.9908
2025-01-01 04:21:38 [INFO    ] Request processed in 9101ms — endpoint /api/v1/data
2025-01-01 04:21:40 [WARNING ] Rate limit at 3469% for IP 192.168.7254.7884
2025-01-01 04:21:44 [WARNING ] Rate limit at 2289% for IP 192.168.1888.1611
2025-01-01 04:21:50 [INFO    ] Config reloaded from disk — version=3289
2025-01-01 04:21:53 [INFO    ] Scheduled job 'cleanup_temp_files' completed in 5950s
2025-01-01 04:22:03 [WARNING ] Retry attempt 6846 of 3 for downstream service call
2025-01-01 04:22:09 [ERROR   ] Authentication token expired for user_id=8408
2025-01-01 04:22:14 [DEBUG   ] Lock acquired on resource 'invoice_8390' by thread-6069
2025-01-01 04:22:20 [DEBUG   ] Entering function process_batch() with batch_size=476
2025-01-01 04:22:25 [ERROR   ] NullPointerException in module payments.processor at line 1708
2025-01-01 04:22:29 [INFO    ] Cache hit ratio at 2725% for the last 60 seconds
2025-01-01 04:22:35 [INFO    ] User login successful for user_id=1974
2025-01-01 04:22:40 [INFO    ] Request processed in 9673ms — endpoint /api/v1/data
2025-01-01 04:22:48 [WARNING ] Disk usage at 2326% on volume /dev/sda1 — consider cleanup
2025-01-01 04:22:51 [DEBUG   ] Lock acquired on resource 'invoice_9525' by thread-3866
2025-01-01 04:23:01 [ERROR   ] HTTP 500 returned for request_id=9176 — internal server error
2025-01-01 04:23:05 [DEBUG   ] Checkpoint reached at loop iteration 8659
2025-01-01 04:23:07 [INFO    ] Scheduled job 'cleanup_temp_files' completed in 7008s
2025-01-01 04:23:16 [DEBUG   ] Cache miss for key='user_profile_8332' — fetching from DB
2025-01-01 04:23:19 [INFO    ] New session created — session_id=30
2025-01-01 04:23:25 [INFO    ] Database connection pool size: 8614/20
2025-01-01 04:23:30 [INFO    ] New session created — session_id=4509
2025-01-01 04:23:33 [ERROR   ] HTTP 500 returned for request_id=6403 — internal server error
2025-01-01 04:23:38 [INFO    ] Scheduled job 'cleanup_temp_files' completed in 596s
2025-01-01 04:23:41 [WARNING ] Response time exceeded threshold: 5572ms (limit: 500ms)
2025-01-01 04:23:47 [INFO    ] Scheduled job 'cleanup_temp_files' completed in 8972s
2025-01-01 04:23:49 [WARNING ] Memory usage at 4596MB — approaching soft limit of 512MB
2025-01-01 04:23:55 [INFO    ] Database connection pool size: 3953/20
2025-01-01 04:24:03 [WARNING ] Response time exceeded threshold: 1158ms (limit: 500ms)
2025-01-01 04:24:12 [ERROR   ] Unhandled exception in worker thread-2350: IndexError
2025-01-01 04:24:14 [WARNING ] Rate limit at 9497% for IP 192.168.7698.8717
2025-01-01 04:24:18 [INFO    ] User login successful for user_id=5120
2025-01-01 04:24:28 [INFO    ] Request processed in 4941ms — endpoint /api/v1/data
2025-01-01 04:24:32 [INFO    ] New session created — session_id=1376
2025-01-01 04:24:41 [INFO    ] Scheduled job 'cleanup_temp_files' completed in 8377s
2025-01-01 04:24:50 [INFO    ] Scheduled job 'cleanup_temp_files' completed in 5752s
2025-01-01 04:24:54 [WARNING ] Response time exceeded threshold: 3872ms (limit: 500ms)
2025-01-01 04:24:55 [ERROR   ] HTTP 500 returned for request_id=9603 — internal server error
2025-01-01 04:24:59 [INFO    ] Database connection pool size: 1658/20
2025-01-01 04:25:07 [INFO    ] Cache hit ratio at 5550% for the last 60 seconds
2025-01-01 04:25:13 [DEBUG   ] Lock acquired on resource 'invoice_2648' by thread-41
2025-01-01 04:25:22 [ERROR   ] File not found: /var/data/report_2169.csv
2025-01-01 04:25:24 [INFO    ] New session created — session_id=5247
2025-01-01 04:25:29 [INFO    ] Database connection pool size: 77/20
2025-01-01 04:25:37 [INFO    ] User login successful for user_id=7875
2025-01-01 04:25:44 [ERROR   ] File not found: /var/data/report_7869.csv
2025-01-01 04:25:47 [INFO    ] Request processed in 1969ms — endpoint /api/v1/data
2025-01-01 04:25:52 [INFO    ] Database connection pool size: 6004/20
2025-01-01 04:25:54 [INFO    ] User login successful for user_id=7362
2025-01-01 04:25:59 [ERROR   ] File not found: /var/data/report_2810.csv
2025-01-01 04:26:03 [ERROR   ] File not found: /var/data/report_7945.csv
2025-01-01 04:26:13 [DEBUG   ] Checkpoint reached at loop iteration 567
2025-01-01 04:26:21 [INFO    ] User login successful for user_id=4200
2025-01-01 04:26:24 [WARNING ] Retry attempt 3202 of 3 for downstream service call
2025-01-01 04:26:26 [WARNING ] Memory usage at 8363MB — approaching soft limit of 512MB
2025-01-01 04:26:33 [DEBUG   ] Entering function process_batch() with batch_size=2883
2025-01-01 04:26:35 [WARNING ] Response time exceeded threshold: 8756ms (limit: 500ms)
2025-01-01 04:26:41 [DEBUG   ] Cache miss for key='user_profile_7266' — fetching from DB
2025-01-01 04:26:43 [DEBUG   ] Serializing response object — 4864 fields found
2025-01-01 04:26:44 [WARNING ] Retry attempt 7600 of 3 for downstream service call
2025-01-01 04:26:45 [ERROR   ] Authentication token expired for user_id=7053
2025-01-01 04:26:55 [INFO    ] Request processed in 5476ms — endpoint /api/v1/data
2025-01-01 04:27:00 [INFO    ] Scheduled job 'cleanup_temp_files' completed in 9802s
2025-01-01 04:27:05 [INFO    ] Database connection pool size: 7960/20
2025-01-01 04:27:12 [CRITICAL] SYSTEM SHUTDOWN INITIATED — out of memory (used: 3102MB / 512MB)
2025-01-01 04:27:20 [WARNING ] Response time exceeded threshold: 2907ms (limit: 500ms)
2025-01-01 04:27:26 [INFO    ] Cache hit ratio at 1614% for the last 60 seconds
2025-01-01 04:27:32 [WARNING ] Deprecated API endpoint /v1/legacy called by client 6267
2025-01-01 04:27:42 [DEBUG   ] SQL query executed: SELECT * FROM orders WHERE id=5859 (3394ms)
2025-01-01 04:27:52 [INFO    ] Config reloaded from disk — version=5814
2025-01-01 04:27:59 [WARNING ] Retry attempt 4352 of 3 for downstream service call
2025-01-01 04:28:01 [WARNING ] Deprecated API endpoint /v1/legacy called by client 5023
2025-01-01 04:28:03 [WARNING ] Response time exceeded threshold: 8020ms (limit: 500ms)
2025-01-01 04:28:06 [INFO    ] New session created — session_id=3634
2025-01-01 04:28:07 [DEBUG   ] Lock acquired on resource 'invoice_439' by thread-4717
2025-01-01 04:28:15 [WARNING ] Response time exceeded threshold: 4391ms (limit: 500ms)
2025-01-01 04:28:20 [ERROR   ] File not found: /var/data/report_8614.csv
2025-01-01 04:28:29 [ERROR   ] Unhandled exception in worker thread-228: IndexError
2025-01-01 04:28:33 [INFO    ] Database connection pool size: 7367/20
2025-01-01 04:28:42 [INFO    ] New session created — session_id=5118
2025-01-01 04:28:52 [INFO    ] Config reloaded from disk — version=6151
2025-01-01 04:29:00 [INFO    ] Scheduled job 'cleanup_temp_files' completed in 8915s
2025-01-01 04:29:07 [ERROR   ] Authentication token expired for user_id=3734
2025-01-01 04:29:11 [DEBUG   ] Entering function process_batch() with batch_size=21
2025-01-01 04:29:17 [DEBUG   ] SQL query executed: SELECT * FROM orders WHERE id=2816 (9087ms)
2025-01-01 04:29:27 [ERROR   ] Authentication token expired for user_id=3643
2025-01-01 04:29:37 [INFO    ] New session created — session_id=3115
2025-01-01 04:29:47 [DEBUG   ] Lock acquired on resource 'invoice_3560' by thread-7360
2025-01-01 04:29:52 [INFO    ] Config reloaded from disk — version=2288
2025-01-01 04:29:55 [WARNING ] Retry attempt 210 of 3 for downstream service call
2025-01-01 04:29:57 [WARNING ] Response time exceeded threshold: 6711ms (limit: 500ms)
2025-01-01 04:30:02 [INFO    ] Scheduled job 'cleanup_temp_files' completed in 686s
2025-01-01 04:30:08 [ERROR   ] Failed to connect to database after 8217 retries — giving up
2025-01-01 04:30:09 [INFO    ] New session created — session_id=870
2025-01-01 04:30:14 [INFO    ] Cache hit ratio at 8173% for the last 60 seconds
2025-01-01 04:30:22 [INFO    ] User login successful for user_id=6619
2025-01-01 04:30:30 [ERROR   ] Authentication token expired for user_id=5302
2025-01-01 04:30:35 [WARNING ] Disk usage at 1065% on volume /dev/sda1 — consider cleanup
2025-01-01 04:30:44 [WARNING ] Deprecated API endpoint /v1/legacy called by client 2676
2025-01-01 04:30:49 [ERROR   ] HTTP 500 returned for request_id=685 — internal server error
2025-01-01 04:30:53 [INFO    ] New session created — session_id=665
2025-01-01 04:31:02 [INFO    ] User login successful for user_id=7171
2025-01-01 04:31:10 [INFO    ] Config reloaded from disk — version=9688
2025-01-01 04:31:12 [INFO    ] Database connection pool size: 9238/20
2025-01-01 04:31:14 [WARNING ] Response time exceeded threshold: 8871ms (limit: 500ms)
2025-01-01 04:31:15 [CRITICAL] SYSTEM SHUTDOWN INITIATED — out of memory (used: 9789MB / 512MB)
2025-01-01 04:31:25 [CRITICAL] Primary database unreachable — all writes failing, queue depth: 6946
2025-01-01 04:31:28 [INFO    ] Cache hit ratio at 6267% for the last 60 seconds
2025-01-01 04:31:36 [ERROR   ] NullPointerException in module payments.processor at line 2829
2025-01-01 04:31:46 [INFO    ] Cache hit ratio at 4259% for the last 60 seconds
2025-01-01 04:31:52 [DEBUG   ] Serializing response object — 3809 fields found
2025-01-01 04:31:56 [DEBUG   ] Entering function process_batch() with batch_size=3264
2025-01-01 04:32:05 [ERROR   ] Authentication token expired for user_id=3473
2025-01-01 04:32:11 [ERROR   ] NullPointerException in module payments.processor at line 9279
2025-01-01 04:32:13 [INFO    ] Config reloaded from disk — version=5446
2025-01-01 04:32:23 [INFO    ] User login successful for user_id=7486
2025-01-01 04:32:33 [WARNING ] Response time exceeded threshold: 217ms (limit: 500ms)
2025-01-01 04:32:34 [WARNING ] Disk usage at 972% on volume /dev/sda1 — consider cleanup
2025-01-01 04:32:40 [ERROR   ] Authentication token expired for user_id=6150
2025-01-01 04:32:47 [WARNING ] Disk usage at 7474% on volume /dev/sda1 — consider cleanup
2025-01-01 04:32:54 [ERROR   ] File not found: /var/data/report_6568.csv
2025-01-01 04:32:56 [CRITICAL] Primary database unreachable — all writes failing, queue depth: 5820
2025-01-01 04:32:57 [INFO    ] Scheduled job 'cleanup_temp_files' completed in 7247s
2025-01-01 04:33:03 [INFO    ] New session created — session_id=5032
2025-01-01 04:33:10 [INFO    ] Config reloaded from disk — version=7288
2025-01-01 04:33:18 [WARNING ] Response time exceeded threshold: 5262ms (limit: 500ms)
2025-01-01 04:33:22 [DEBUG   ] Lock acquired on resource 'invoice_3106' by thread-7428
2025-01-01 04:33:30 [ERROR   ] Unhandled exception in worker thread-3126: IndexError
2025-01-01 04:33:34 [ERROR   ] Failed to connect to database after 3076 retries — giving up
2025-01-01 04:33:41 [INFO    ] Cache hit ratio at 3476% for the last 60 seconds
2025-01-01 04:33:49 [DEBUG   ] SQL query executed: SELECT * FROM orders WHERE id=6543 (1446ms)
2025-01-01 04:33:55 [INFO    ] Request processed in 4953ms — endpoint /api/v1/data
2025-01-01 04:34:04 [DEBUG   ] Checkpoint reached at loop iteration 6883
2025-01-01 04:34:05 [INFO    ] Request processed in 1820ms — endpoint /api/v1/data
2025-01-01 04:34:12 [INFO    ] User login successful for user_id=7598
2025-01-01 04:34:20 [INFO    ] User login successful for user_id=26
2025-01-01 04:34:27 [ERROR   ] HTTP 500 returned for request_id=7727 — internal server error
2025-01-01 04:34:29 [INFO    ] Request processed in 4566ms — endpoint /api/v1/data
2025-01-01 04:34:30 [INFO    ] Config reloaded from disk — version=821
2025-01-01 04:34:37 [ERROR   ] Unhandled exception in worker thread-1399: IndexError
2025-01-01 04:34:44 [WARNING ] Retry attempt 1396 of 3 for downstream service call
2025-01-01 04:34:48 [ERROR   ] Failed to connect to database after 5862 retries — giving up
2025-01-01 04:34:53 [ERROR   ] File not found: /var/data/report_6239.csv
2025-01-01 04:35:01 [INFO    ] Config reloaded from disk — version=2663
2025-01-01 04:35:02 [DEBUG   ] Serializing response object — 7741 fields found
2025-01-01 04:35:10 [WARNING ] Rate limit at 6820% for IP 192.168.1769.6438
2025-01-01 04:35:18 [INFO    ] New session created — session_id=6488
2025-01-01 04:35:22 [ERROR   ] NullPointerException in module payments.processor at line 7566
2025-01-01 04:35:24 [WARNING ] Rate limit at 5763% for IP 192.168.7370.162
2025-01-01 04:35:29 [ERROR   ] HTTP 500 returned for request_id=521 — internal server error
2025-01-01 04:35:31 [INFO    ] User login successful for user_id=9497
2025-01-01 04:35:41 [INFO    ] User login successful for user_id=481
2025-01-01 04:35:43 [CRITICAL] Primary database unreachable — all writes failing, queue depth: 9787
2025-01-01 04:35:46 [INFO    ] Scheduled job 'cleanup_temp_files' completed in 4624s
2025-01-01 04:35:48 [WARNING ] Response time exceeded threshold: 3054ms (limit: 500ms)
2025-01-01 04:35:53 [INFO    ] Cache hit ratio at 2125% for the last 60 seconds
2025-01-01 04:35:57 [WARNING ] Deprecated API endpoint /v1/legacy called by client 2786
2025-01-01 04:35:59 [INFO    ] User login successful for user_id=8796
2025-01-01 04:36:03 [INFO    ] User login successful for user_id=6442
2025-01-01 04:36:07 [DEBUG   ] SQL query executed: SELECT * FROM orders WHERE id=5722 (811ms)
2025-01-01 04:36:13 [WARNING ] Rate limit at 2284% for IP 192.168.5193.3113
2025-01-01 04:36:22 [WARNING ] Retry attempt 6496 of 3 for downstream service call
2025-01-01 04:36:29 [INFO    ] Request processed in 4647ms — endpoint /api/v1/data
2025-01-01 04:36:37 [INFO    ] Config reloaded from disk — version=4159
2025-01-01 04:36:45 [ERROR   ] File not found: /var/data/report_941.csv
2025-01-01 04:36:49 [INFO    ] Config reloaded from disk — version=9303
2025-01-01 04:36:58 [INFO    ] Cache hit ratio at 2412% for the last 60 seconds
2025-01-01 04:37:00 [ERROR   ] HTTP 500 returned for request_id=9226 — internal server error
2025-01-01 04:37:03 [WARNING ] Disk usage at 3392% on volume /dev/sda1 — consider cleanup
2025-01-01 04:37:05 [INFO    ] Cache hit ratio at 8233% for the last 60 seconds
2025-01-01 04:37:11 [ERROR   ] HTTP 500 returned for request_id=6995 — internal server error
2025-01-01 04:37:13 [CRITICAL] Security breach detected: 6859 failed login attempts from IP 10.0.9870.7533
2025-01-01 04:37:14 [WARNING ] Response time exceeded threshold: 2057ms (limit: 500ms)
2025-01-01 04:37:16 [INFO    ] Cache hit ratio at 8383% for the last 60 seconds
2025-01-01 04:37:20 [INFO    ] Request processed in 7670ms — endpoint /api/v1/data
2025-01-01 04:37:24 [INFO    ] User login successful for user_id=4533
2025-01-01 04:37:32 [WARNING ] Response time exceeded threshold: 9226ms (limit: 500ms)
2025-01-01 04:37:37 [CRITICAL] Data corruption detected in table 'transactions' at row 2821
2025-01-01 04:37:44 [WARNING ] Retry attempt 1113 of 3 for downstream service call
2025-01-01 04:37:48 [WARNING ] Deprecated API endpoint /v1/legacy called by client 5644
2025-01-01 04:37:57 [ERROR   ] File not found: /var/data/report_3117.csv
2025-01-01 04:37:59 [DEBUG   ] Checkpoint reached at loop iteration 3381
2025-01-01 04:38:02 [DEBUG   ] Lock acquired on resource 'invoice_8103' by thread-4525
2025-01-01 04:38:09 [ERROR   ] Unhandled exception in worker thread-2182: IndexError
2025-01-01 04:38:18 [INFO    ] Database connection pool size: 5238/20
2025-01-01 04:38:27 [DEBUG   ] Entering function process_batch() with batch_size=7699
2025-01-01 04:38:33 [INFO    ] Config reloaded from disk — version=2191
2025-01-01 04:38:37 [INFO    ] Cache hit ratio at 3530% for the last 60 seconds
2025-01-01 04:38:46 [INFO    ] User login successful for user_id=7826
2025-01-01 04:38:47 [DEBUG   ] Entering function process_batch() with batch_size=6068
2025-01-01 04:38:57 [INFO    ] Config reloaded from disk — version=4038
2025-01-01 04:39:07 [INFO    ] New session created — session_id=3337
2025-01-01 04:39:08 [INFO    ] Config reloaded from disk — version=406
2025-01-01 04:39:11 [INFO    ] Cache hit ratio at 3855% for the last 60 seconds
2025-01-01 04:39:13 [INFO    ] New session created — session_id=1794
2025-01-01 04:39:14 [ERROR   ] NullPointerException in module payments.processor at line 3696
2025-01-01 04:39:23 [WARNING ] Memory usage at 4708MB — approaching soft limit of 512MB
2025-01-01 04:39:30 [CRITICAL] Data corruption detected in table 'transactions' at row 1437
2025-01-01 04:39:34 [INFO    ] New session created — session_id=2458
2025-01-01 04:39:43 [INFO    ] User login successful for user_id=4395
2025-01-01 04:39:44 [INFO    ] Request processed in 7020ms — endpoint /api/v1/data
2025-01-01 04:39:49 [ERROR   ] Unhandled exception in worker thread-5145: IndexError
2025-01-01 04:39:57 [WARNING ] Deprecated API endpoint /v1/legacy called by client 7529
2025-01-01 04:40:01 [INFO    ] Request processed in 1342ms — endpoint /api/v1/data
2025-01-01 04:40:03 [WARNING ] Deprecated API endpoint /v1/legacy called by client 4762
2025-01-01 04:40:11 [ERROR   ] HTTP 500 returned for request_id=7201 — internal server error
2025-01-01 04:40:16 [INFO    ] Database connection pool size: 9542/20
2025-01-01 04:40:25 [INFO    ] Database connection pool size: 2042/20
2025-01-01 04:40:30 [INFO    ] New session created — session_id=261
2025-01-01 04:40:38 [INFO    ] Config reloaded from disk — version=6480
2025-01-01 04:40:39 [INFO    ] Config reloaded from disk — version=309
2025-01-01 04:40:40 [INFO    ] Request processed in 1742ms — endpoint /api/v1/data
2025-01-01 04:40:49 [INFO    ] Config reloaded from disk — version=491
2025-01-01 04:40:57 [DEBUG   ] Entering function process_batch() with batch_size=6909
2025-01-01 04:40:58 [WARNING ] Memory usage at 238MB — approaching soft limit of 512MB
2025-01-01 04:41:03 [WARNING ] Rate limit at 9165% for IP 192.168.9558.5703
2025-01-01 04:41:05 [DEBUG   ] SQL query executed: SELECT * FROM orders WHERE id=316 (1085ms)
2025-01-01 04:41:09 [ERROR   ] HTTP 500 returned for request_id=7989 — internal server error
2025-01-01 04:41:18 [CRITICAL] SSL certificate expires in 7576 hours — immediate action required
2025-01-01 04:41:25 [INFO    ] User login successful for user_id=6776
2025-01-01 04:41:32 [INFO    ] User login successful for user_id=3289
2025-01-01 04:41:34 [INFO    ] Cache hit ratio at 6083% for the last 60 seconds
2025-01-01 04:41:43 [INFO    ] Scheduled job 'cleanup_temp_files' completed in 9921s
2025-01-01 04:41:52 [INFO    ] New session created — session_id=6755
2025-01-01 04:41:58 [INFO    ] Database connection pool size: 1086/20
2025-01-01 04:42:06 [WARNING ] Disk usage at 2633% on volume /dev/sda1 — consider cleanup
2025-01-01 04:42:16 [CRITICAL] Data corruption detected in table 'transactions' at row 9195
2025-01-01 04:42:26 [INFO    ] Request processed in 2020ms — endpoint /api/v1/data
2025-01-01 04:42:30 [WARNING ] Response time exceeded threshold: 9863ms (limit: 500ms)
2025-01-01 04:42:38 [ERROR   ] HTTP 500 returned for request_id=3402 — internal server error
2025-01-01 04:42:46 [INFO    ] Scheduled job 'cleanup_temp_files' completed in 6648s
2025-01-01 04:42:55 [INFO    ] New session created — session_id=9897
2025-01-01 04:43:01 [DEBUG   ] Lock acquired on resource 'invoice_8924' by thread-5400
2025-01-01 04:43:04 [ERROR   ] Failed to connect to database after 1338 retries — giving up
2025-01-01 04:43:14 [INFO    ] Config reloaded from disk — version=7406
2025-01-01 04:43:23 [DEBUG   ] Lock acquired on resource 'invoice_7739' by thread-7875
2025-01-01 04:43:30 [INFO    ] New session created — session_id=5161
2025-01-01 04:43:36 [INFO    ] Scheduled job 'cleanup_temp_files' completed in 6428s
2025-01-01 04:43:40 [WARNING ] Memory usage at 7384MB — approaching soft limit of 512MB
2025-01-01 04:43:42 [DEBUG   ] Serializing response object — 9499 fields found
2025-01-01 04:43:44 [ERROR   ] NullPointerException in module payments.processor at line 4252
2025-01-01 04:43:47 [WARNING ] Disk usage at 6413% on volume /dev/sda1 — consider cleanup
2025-01-01 04:43:52 [INFO    ] User login successful for user_id=2941
2025-01-01 04:43:56 [INFO    ] Database connection pool size: 9249/20
2025-01-01 04:43:57 [CRITICAL] Security breach detected: 2861 failed login attempts from IP 10.0.2537.890
2025-01-01 04:43:59 [INFO    ] Database connection pool size: 9242/20
2025-01-01 04:44:06 [WARNING ] Memory usage at 6466MB — approaching soft limit of 512MB
2025-01-01 04:44:10 [INFO    ] Scheduled job 'cleanup_temp_files' completed in 282s
2025-01-01 04:44:18 [INFO    ] Scheduled job 'cleanup_temp_files' completed in 4862s
2025-01-01 04:44:28 [INFO    ] Database connection pool size: 6083/20
2025-01-01 04:44:35 [WARNING ] Deprecated API endpoint /v1/legacy called by client 2947
2025-01-01 04:44:39 [INFO    ] New session created — session_id=3296
2025-01-01 04:44:42 [CRITICAL] Security breach detected: 6797 failed login attempts from IP 10.0.5652.8033
2025-01-01 04:44:48 [INFO    ] Request processed in 1577ms — endpoint /api/v1/data
2025-01-01 04:44:52 [DEBUG   ] Entering function process_batch() with batch_size=361
2025-01-01 04:45:01 [INFO    ] Request processed in 1181ms — endpoint /api/v1/data
2025-01-01 04:45:09 [INFO    ] Config reloaded from disk — version=7659
2025-01-01 04:45:13 [INFO    ] Config reloaded from disk — version=4620
2025-01-01 04:45:15 [ERROR   ] HTTP 500 returned for request_id=2702 — internal server error
2025-01-01 04:45:21 [WARNING ] Disk usage at 7628% on volume /dev/sda1 — consider cleanup
2025-01-01 04:45:30 [CRITICAL] Primary database unreachable — all writes failing, queue depth: 9302
2025-01-01 04:45:31 [DEBUG   ] SQL query executed: SELECT * FROM orders WHERE id=3400 (6351ms)
2025-01-01 04:45:37 [WARNING ] Response time exceeded threshold: 5908ms (limit: 500ms)
2025-01-01 04:45:46 [INFO    ] Database connection pool size: 26/20
2025-01-01 04:45:50 [WARNING ] Memory usage at 9431MB — approaching soft limit of 512MB
2025-01-01 04:45:54 [ERROR   ] Unhandled exception in worker thread-2531: IndexError
2025-01-01 04:46:03 [INFO    ] User login successful for user_id=8836
2025-01-01 04:46:13 [DEBUG   ] Serializing response object — 6974 fields found
2025-01-01 04:46:21 [INFO    ] Config reloaded from disk — version=9793
2025-01-01 04:46:22 [ERROR   ] Unhandled exception in worker thread-3235: IndexError
2025-01-01 04:46:26 [INFO    ] Config reloaded from disk — version=1758
2025-01-01 04:46:36 [INFO    ] Cache hit ratio at 3237% for the last 60 seconds
2025-01-01 04:46:39 [INFO    ] Config reloaded from disk — version=9792
2025-01-01 04:46:42 [ERROR   ] File not found: /var/data/report_2238.csv
2025-01-01 04:46:46 [INFO    ] Database connection pool size: 5831/20
2025-01-01 04:46:47 [INFO    ] Config reloaded from disk — version=3718
2025-01-01 04:46:49 [INFO    ] Request processed in 4732ms — endpoint /api/v1/data
2025-01-01 04:46:57 [CRITICAL] Primary database unreachable — all writes failing, queue depth: 2613
2025-01-01 04:46:58 [WARNING ] Response time exceeded threshold: 1851ms (limit: 500ms)
2025-01-01 04:47:07 [INFO    ] Config reloaded from disk — version=863
2025-01-01 04:47:14 [INFO    ] New session created — session_id=9215
2025-01-01 04:47:16 [ERROR   ] Unhandled exception in worker thread-5101: IndexError
2025-01-01 04:47:19 [DEBUG   ] Entering function process_batch() with batch_size=3216
2025-01-01 04:47:29 [INFO    ] Config reloaded from disk — version=9877
2025-01-01 04:47:30 [WARNING ] Disk usage at 4735% on volume /dev/sda1 — consider cleanup
2025-01-01 04:47:31 [DEBUG   ] Serializing response object — 9267 fields found
2025-01-01 04:47:39 [DEBUG   ] Cache miss for key='user_profile_6388' — fetching from DB
2025-01-01 04:47:43 [ERROR   ] HTTP 500 returned for request_id=5037 — internal server error
2025-01-01 04:47:49 [WARNING ] Rate limit at 3479% for IP 192.168.7683.7707
2025-01-01 04:47:54 [WARNING ] Disk usage at 5658% on volume /dev/sda1 — consider cleanup
2025-01-01 04:47:55 [DEBUG   ] Cache miss for key='user_profile_8938' — fetching from DB
2025-01-01 04:47:56 [ERROR   ] Failed to connect to database after 292 retries — giving up
2025-01-01 04:48:04 [INFO    ] New session created — session_id=6792
2025-01-01 04:48:13 [INFO    ] Request processed in 7648ms — endpoint /api/v1/data
2025-01-01 04:48:19 [INFO    ] Config reloaded from disk — version=6199
2025-01-01 04:48:25 [INFO    ] Database connection pool size: 7461/20
2025-01-01 04:48:26 [INFO    ] Scheduled job 'cleanup_temp_files' completed in 8282s
2025-01-01 04:48:27 [WARNING ] Memory usage at 9946MB — approaching soft limit of 512MB
2025-01-01 04:48:36 [ERROR   ] Failed to connect to database after 9807 retries — giving up
2025-01-01 04:48:37 [INFO    ] User login successful for user_id=2728
2025-01-01 04:48:46 [CRITICAL] Data corruption detected in table 'transactions' at row 4909
2025-01-01 04:48:51 [CRITICAL] Security breach detected: 7839 failed login attempts from IP 10.0.2583.5014
2025-01-01 04:48:54 [INFO    ] Database connection pool size: 2065/20
2025-01-01 04:49:02 [ERROR   ] HTTP 500 returned for request_id=3959 — internal server error
2025-01-01 04:49:11 [WARNING ] Response time exceeded threshold: 5032ms (limit: 500ms)
2025-01-01 04:49:14 [ERROR   ] NullPointerException in module payments.processor at line 8890
2025-01-01 04:49:19 [ERROR   ] File not found: /var/data/report_5726.csv
2025-01-01 04:49:23 [WARNING ] Deprecated API endpoint /v1/legacy called by client 8733
2025-01-01 04:49:24 [INFO    ] User login successful for user_id=3276
2025-01-01 04:49:29 [ERROR   ] Authentication token expired for user_id=5893
2025-01-01 04:49:35 [WARNING ] Deprecated API endpoint /v1/legacy called by client 6716
2025-01-01 04:49:37 [ERROR   ] Authentication token expired for user_id=5806
2025-01-01 04:49:45 [ERROR   ] Failed to connect to database after 409 retries — giving up
2025-01-01 04:49:46 [ERROR   ] HTTP 500 returned for request_id=1030 — internal server error
2025-01-01 04:49:55 [ERROR   ] HTTP 500 returned for request_id=7582 — internal server error
2025-01-01 04:49:57 [ERROR   ] NullPointerException in module payments.processor at line 5506
2025-01-01 04:50:01 [WARNING ] Rate limit at 6998% for IP 192.168.7705.6889
2025-01-01 04:50:11 [INFO    ] Request processed in 7006ms — endpoint /api/v1/data
2025-01-01 04:50:18 [INFO    ] Scheduled job 'cleanup_temp_files' completed in 3873s
2025-01-01 04:50:26 [ERROR   ] NullPointerException in module payments.processor at line 3800
2025-01-01 04:50:34 [CRITICAL] Security breach detected: 6038 failed login attempts from IP 10.0.7459.9252
2025-01-01 04:50:44 [DEBUG   ] Entering function process_batch() with batch_size=6070
2025-01-01 04:50:45 [DEBUG   ] Cache miss for key='user_profile_1664' — fetching from DB
2025-01-01 04:50:51 [WARNING ] Retry attempt 3111 of 3 for downstream service call
2025-01-01 04:51:01 [INFO    ] New session created — session_id=7131
2025-01-01 04:51:09 [INFO    ] Config reloaded from disk — version=7472
2025-01-01 04:51:19 [ERROR   ] NullPointerException in module payments.processor at line 7868
2025-01-01 04:51:20 [INFO    ] Scheduled job 'cleanup_temp_files' completed in 3615s
2025-01-01 04:51:21 [WARNING ] Response time exceeded threshold: 7686ms (limit: 500ms)
2025-01-01 04:51:22 [INFO    ] Database connection pool size: 6448/20
2025-01-01 04:51:29 [INFO    ] Request processed in 2096ms — endpoint /api/v1/data
2025-01-01 04:51:30 [ERROR   ] File not found: /var/data/report_9322.csv
2025-01-01 04:51:36 [WARNING ] Retry attempt 9463 of 3 for downstream service call
2025-01-01 04:51:46 [INFO    ] Scheduled job 'cleanup_temp_files' completed in 7296s
2025-01-01 04:51:53 [INFO    ] Request processed in 2773ms — endpoint /api/v1/data
2025-01-01 04:52:02 [DEBUG   ] Cache miss for key='user_profile_7007' — fetching from DB
2025-01-01 04:52:07 [WARNING ] Rate limit at 7954% for IP 192.168.3638.298
2025-01-01 04:52:12 [ERROR   ] HTTP 500 returned for request_id=5802 — internal server error
2025-01-01 04:52:17 [INFO    ] New session created — session_id=6077
2025-01-01 04:52:26 [INFO    ] Request processed in 5228ms — endpoint /api/v1/data
2025-01-01 04:52:33 [INFO    ] User login successful for user_id=1564
2025-01-01 04:52:40 [CRITICAL] Data corruption detected in table 'transactions' at row 1164
2025-01-01 04:52:46 [WARNING ] Deprecated API endpoint /v1/legacy called by client 8805
2025-01-01 04:52:49 [INFO    ] Cache hit ratio at 8932% for the last 60 seconds
2025-01-01 04:52:51 [INFO    ] Request processed in 6434ms — endpoint /api/v1/data
2025-01-01 04:52:53 [WARNING ] Deprecated API endpoint /v1/legacy called by client 1754
2025-01-01 04:52:58 [INFO    ] New session created — session_id=7052
2025-01-01 04:53:04 [WARNING ] Disk usage at 7106% on volume /dev/sda1 — consider cleanup
2025-01-01 04:53:10 [WARNING ] Retry attempt 4356 of 3 for downstream service call
2025-01-01 04:53:13 [ERROR   ] Authentication token expired for user_id=8456
2025-01-01 04:53:19 [INFO    ] Config reloaded from disk — version=2642
2025-01-01 04:53:21 [INFO    ] New session created — session_id=2901
2025-01-01 04:53:31 [INFO    ] Database connection pool size: 9328/20
2025-01-01 04:53:40 [CRITICAL] SYSTEM SHUTDOWN INITIATED — out of memory (used: 5260MB / 512MB)
2025-01-01 04:53:42 [WARNING ] Memory usage at 8598MB — approaching soft limit of 512MB
2025-01-01 04:53:46 [INFO    ] User login successful for user_id=4581
2025-01-01 04:53:56 [INFO    ] Request processed in 8094ms — endpoint /api/v1/data
2025-01-01 04:54:03 [INFO    ] Cache hit ratio at 9278% for the last 60 seconds
2025-01-01 04:54:07 [DEBUG   ] Lock acquired on resource 'invoice_7572' by thread-9417
2025-01-01 04:54:13 [CRITICAL] SSL certificate expires in 2350 hours — immediate action required
2025-01-01 04:54:16 [INFO    ] New session created — session_id=485
2025-01-01 04:54:22 [ERROR   ] Authentication token expired for user_id=4969
2025-01-01 04:54:26 [INFO    ] Database connection pool size: 7740/20
2025-01-01 04:54:36 [INFO    ] Database connection pool size: 7723/20
2025-01-01 04:54:37 [INFO    ] Cache hit ratio at 6% for the last 60 seconds
2025-01-01 04:54:44 [INFO    ] User login successful for user_id=7238
2025-01-01 04:54:47 [INFO    ] New session created — session_id=1277
2025-01-01 04:54:55 [ERROR   ] File not found: /var/data/report_2181.csv
2025-01-01 04:54:58 [INFO    ] Request processed in 4792ms — endpoint /api/v1/data
2025-01-01 04:55:07 [WARNING ] Deprecated API endpoint /v1/legacy called by client 4572
2025-01-01 04:55:14 [DEBUG   ] SQL query executed: SELECT * FROM orders WHERE id=4507 (4959ms)
2025-01-01 04:55:15 [INFO    ] User login successful for user_id=4413
2025-01-01 04:55:22 [INFO    ] Request processed in 2740ms — endpoint /api/v1/data
2025-01-01 04:55:27 [INFO    ] Scheduled job 'cleanup_temp_files' completed in 1129s
2025-01-01 04:55:31 [CRITICAL] Primary database unreachable — all writes failing, queue depth: 370
2025-01-01 04:55:38 [ERROR   ] File not found: /var/data/report_4252.csv
2025-01-01 04:55:42 [INFO    ] Cache hit ratio at 6039% for the last 60 seconds
2025-01-01 04:55:48 [INFO    ] New session created — session_id=6690
2025-01-01 04:55:52 [ERROR   ] Unhandled exception in worker thread-1454: IndexError
2025-01-01 04:55:57 [INFO    ] Cache hit ratio at 666% for the last 60 seconds
2025-01-01 04:56:03 [WARNING ] Response time exceeded threshold: 6754ms (limit: 500ms)
2025-01-01 04:56:06 [WARNING ] Deprecated API endpoint /v1/legacy called by client 8411
2025-01-01 04:56:10 [WARNING ] Deprecated API endpoint /v1/legacy called by client 5445
2025-01-01 04:56:18 [CRITICAL] Security breach detected: 3505 failed login attempts from IP 10.0.6771.3744
2025-01-01 04:56:28 [CRITICAL] Data corruption detected in table 'transactions' at row 7557
2025-01-01 04:56:38 [DEBUG   ] SQL query executed: SELECT * FROM orders WHERE id=1882 (7262ms)
2025-01-01 04:56:42 [ERROR   ] Failed to connect to database after 4526 retries — giving up
2025-01-01 04:56:43 [INFO    ] Config reloaded from disk — version=7507
2025-01-01 04:56:45 [INFO    ] User login successful for user_id=7782
2025-01-01 04:56:48 [INFO    ] Cache hit ratio at 7772% for the last 60 seconds
2025-01-01 04:56:53 [INFO    ] Scheduled job 'cleanup_temp_files' completed in 8727s
2025-01-01 04:56:54 [INFO    ] Cache hit ratio at 7284% for the last 60 seconds
2025-01-01 04:57:04 [WARNING ] Retry attempt 2873 of 3 for downstream service call
2025-01-01 04:57:05 [WARNING ] Rate limit at 3123% for IP 192.168.1728.2229
2025-01-01 04:57:13 [INFO    ] Request processed in 1307ms — endpoint /api/v1/data
2025-01-01 04:57:22 [WARNING ] Memory usage at 4498MB — approaching soft limit of 512MB
2025-01-01 04:57:32 [INFO    ] User login successful for user_id=8578
2025-01-01 04:57:36 [INFO    ] Request processed in 7414ms — endpoint /api/v1/data
2025-01-01 04:57:39 [INFO    ] Config reloaded from disk — version=1698
2025-01-01 04:57:46 [INFO    ] User login successful for user_id=1328
2025-01-01 04:57:47 [INFO    ] Cache hit ratio at 729% for the last 60 seconds
2025-01-01 04:57:54 [WARNING ] Deprecated API endpoint /v1/legacy called by client 4111
2025-01-01 04:57:59 [INFO    ] Database connection pool size: 424/20
2025-01-01 04:58:03 [INFO    ] New session created — session_id=6424
2025-01-01 04:58:13 [INFO    ] Cache hit ratio at 1692% for the last 60 seconds
2025-01-01 04:58:23 [INFO    ] Request processed in 328ms — endpoint /api/v1/data
2025-01-01 04:58:32 [WARNING ] Rate limit at 5149% for IP 192.168.4855.7598
2025-01-01 04:58:36 [INFO    ] New session created — session_id=7565
2025-01-01 04:58:42 [WARNING ] Memory usage at 6100MB — approaching soft limit of 512MB
2025-01-01 04:58:45 [INFO    ] Database connection pool size: 6815/20
2025-01-01 04:58:48 [WARNING ] Deprecated API endpoint /v1/legacy called by client 7367
2025-01-01 04:58:52 [INFO    ] User login successful for user_id=9199
2025-01-01 04:59:00 [WARNING ] Retry attempt 3366 of 3 for downstream service call
2025-01-01 04:59:09 [WARNING ] Response time exceeded threshold: 4132ms (limit: 500ms)
2025-01-01 04:59:12 [INFO    ] Scheduled job 'cleanup_temp_files' completed in 4735s
2025-01-01 04:59:16 [WARNING ] Response time exceeded threshold: 6328ms (limit: 500ms)
2025-01-01 04:59:23 [ERROR   ] HTTP 500 returned for request_id=4156 — internal server error
2025-01-01 04:59:32 [DEBUG   ] Lock acquired on resource 'invoice_8074' by thread-718
2025-01-01 04:59:33 [ERROR   ] Authentication token expired for user_id=8266
2025-01-01 04:59:41 [WARNING ] Response time exceeded threshold: 402ms (limit: 500ms)
2025-01-01 04:59:51 [INFO    ] Config reloaded from disk — version=3174
2025-01-01 05:00:00 [DEBUG   ] Entering function process_batch() with batch_size=8036
2025-01-01 05:00:06 [INFO    ] Cache hit ratio at 6097% for the last 60 seconds
2025-01-01 05:00:09 [ERROR   ] Unhandled exception in worker thread-7214: IndexError
2025-01-01 05:00:15 [INFO    ] Request processed in 6340ms — endpoint /api/v1/data
2025-01-01 05:00:17 [INFO    ] Database connection pool size: 1592/20
2025-01-01 05:00:23 [WARNING ] Response time exceeded threshold: 769ms (limit: 500ms)
2025-01-01 05:00:31 [INFO    ] Cache hit ratio at 5049% for the last 60 seconds
2025-01-01 05:00:34 [INFO    ] Request processed in 4555ms — endpoint /api/v1/data
2025-01-01 05:00:36 [INFO    ] Request processed in 1057ms — endpoint /api/v1/data
2025-01-01 05:00:40 [INFO    ] Cache hit ratio at 6733% for the last 60 seconds
2025-01-01 05:00:49 [DEBUG   ] Lock acquired on resource 'invoice_7928' by thread-1362
2025-01-01 05:00:56 [ERROR   ] NullPointerException in module payments.processor at line 5909
2025-01-01 05:01:06 [INFO    ] Cache hit ratio at 478% for the last 60 seconds
2025-01-01 05:01:14 [ERROR   ] File not found: /var/data/report_9219.csv
2025-01-01 05:01:16 [INFO    ] Database connection pool size: 3590/20
2025-01-01 05:01:19 [INFO    ] Database connection pool size: 4443/20
2025-01-01 05:01:26 [INFO    ] Request processed in 6054ms — endpoint /api/v1/data
2025-01-01 05:01:35 [WARNING ] Memory usage at 5003MB — approaching soft limit of 512MB
2025-01-01 05:01:43 [WARNING ] Deprecated API endpoint /v1/legacy called by client 1035
2025-01-01 05:01:52 [INFO    ] Database connection pool size: 5063/20
2025-01-01 05:01:59 [WARNING ] Deprecated API endpoint /v1/legacy called by client 4497
2025-01-01 05:02:01 [INFO    ] Config reloaded from disk — version=247
2025-01-01 05:02:04 [INFO    ] New session created — session_id=8825
2025-01-01 05:02:08 [INFO    ] New session created — session_id=5089
2025-01-01 05:02:09 [INFO    ] Config reloaded from disk — version=1216
2025-01-01 05:02:17 [INFO    ] Scheduled job 'cleanup_temp_files' completed in 200s
2025-01-01 05:02:21 [INFO    ] Cache hit ratio at 8437% for the last 60 seconds
2025-01-01 05:02:28 [INFO    ] Config reloaded from disk — version=9079
2025-01-01 05:02:37 [INFO    ] Cache hit ratio at 9762% for the last 60 seconds
2025-01-01 05:02:43 [INFO    ] Database connection pool size: 7197/20
2025-01-01 05:02:52 [WARNING ] Deprecated API endpoint /v1/legacy called by client 2696
2025-01-01 05:02:57 [INFO    ] Scheduled job 'cleanup_temp_files' completed in 392s
2025-01-01 05:03:04 [ERROR   ] Authentication token expired for user_id=3648
2025-01-01 05:03:09 [INFO    ] Request processed in 3958ms — endpoint /api/v1/data
2025-01-01 05:03:19 [WARNING ] Memory usage at 2947MB — approaching soft limit of 512MB
2025-01-01 05:03:29 [INFO    ] Database connection pool size: 2846/20
2025-01-01 05:03:30 [INFO    ] Scheduled job 'cleanup_temp_files' completed in 4383s
2025-01-01 05:03:32 [INFO    ] Scheduled job 'cleanup_temp_files' completed in 5893s
2025-01-01 05:03:34 [ERROR   ] NullPointerException in module payments.processor at line 3673
2025-01-01 05:03:44 [DEBUG   ] Serializing response object — 3042 fields found
2025-01-01 05:03:51 [INFO    ] Scheduled job 'cleanup_temp_files' completed in 4382s
2025-01-01 05:03:55 [INFO    ] Scheduled job 'cleanup_temp_files' completed in 2447s
2025-01-01 05:04:03 [INFO    ] Request processed in 3655ms — endpoint /api/v1/data
2025-01-01 05:04:11 [INFO    ] User login successful for user_id=9206
2025-01-01 05:04:13 [INFO    ] Scheduled job 'cleanup_temp_files' completed in 2612s
2025-01-01 05:04:15 [INFO    ] Cache hit ratio at 8780% for the last 60 seconds
2025-01-01 05:04:25 [INFO    ] Scheduled job 'cleanup_temp_files' completed in 3437s
2025-01-01 05:04:34 [INFO    ] User login successful for user_id=5108
2025-01-01 05:04:40 [INFO    ] Scheduled job 'cleanup_temp_files' completed in 6963s
2025-01-01 05:04:42 [INFO    ] Scheduled job 'cleanup_temp_files' completed in 8823s
2025-01-01 05:04:49 [INFO    ] New session created — session_id=3143
2025-01-01 05:04:51 [ERROR   ] Unhandled exception in worker thread-3586: IndexError
2025-01-01 05:04:56 [INFO    ] Config reloaded from disk — version=3304
2025-01-01 05:04:59 [INFO    ] Cache hit ratio at 5337% for the last 60 seconds
2025-01-01 05:05:01 [DEBUG   ] Serializing response object — 208 fields found
2025-01-01 05:05:04 [WARNING ] Retry attempt 7326 of 3 for downstream service call
2025-01-01 05:05:07 [INFO    ] Cache hit ratio at 3291% for the last 60 seconds
2025-01-01 05:05:10 [ERROR   ] File not found: /var/data/report_4724.csv
2025-01-01 05:05:14 [WARNING ] Rate limit at 2993% for IP 192.168.6758.1019
2025-01-01 05:05:16 [INFO    ] New session created — session_id=9698
2025-01-01 05:05:21 [DEBUG   ] Cache miss for key='user_profile_9271' — fetching from DB
2025-01-01 05:05:24 [CRITICAL] Data corruption detected in table 'transactions' at row 3837
2025-01-01 05:05:34 [INFO    ] Config reloaded from disk — version=8766
2025-01-01 05:05:37 [DEBUG   ] SQL query executed: SELECT * FROM orders WHERE id=4095 (9359ms)
2025-01-01 05:05:47 [ERROR   ] Unhandled exception in worker thread-6262: IndexError
2025-01-01 05:05:56 [INFO    ] Database connection pool size: 7552/20
2025-01-01 05:05:58 [ERROR   ] Authentication token expired for user_id=8849
2025-01-01 05:06:07 [INFO    ] Scheduled job 'cleanup_temp_files' completed in 2996s
2025-01-01 05:06:13 [INFO    ] Scheduled job 'cleanup_temp_files' completed in 594s
2025-01-01 05:06:16 [INFO    ] Database connection pool size: 4973/20
2025-01-01 05:06:23 [WARNING ] Deprecated API endpoint /v1/legacy called by client 2144
2025-01-01 05:06:28 [INFO    ] User login successful for user_id=3107
2025-01-01 05:06:36 [CRITICAL] Security breach detected: 4781 failed login attempts from IP 10.0.5820.8177
2025-01-01 05:06:37 [INFO    ] New session created — session_id=2068
2025-01-01 05:06:44 [WARNING ] Retry attempt 3622 of 3 for downstream service call
2025-01-01 05:06:51 [INFO    ] Database connection pool size: 4199/20
2025-01-01 05:07:01 [WARNING ] Response time exceeded threshold: 9883ms (limit: 500ms)
2025-01-01 05:07:02 [INFO    ] Request processed in 2791ms — endpoint /api/v1/data
2025-01-01 05:07:12 [INFO    ] Database connection pool size: 9132/20
2025-01-01 05:07:15 [ERROR   ] HTTP 500 returned for request_id=6680 — internal server error
2025-01-01 05:07:24 [INFO    ] Config reloaded from disk — version=9230
2025-01-01 05:07:29 [INFO    ] Request processed in 6138ms — endpoint /api/v1/data
2025-01-01 05:07:30 [WARNING ] Deprecated API endpoint /v1/legacy called by client 7699
2025-01-01 05:07:37 [INFO    ] Request processed in 1113ms — endpoint /api/v1/data
2025-01-01 05:07:44 [INFO    ] Cache hit ratio at 9011% for the last 60 seconds
2025-01-01 05:07:48 [ERROR   ] HTTP 500 returned for request_id=49 — internal server error
2025-01-01 05:07:56 [ERROR   ] HTTP 500 returned for request_id=5034 — internal server error
2025-01-01 05:07:57 [INFO    ] User login successful for user_id=9721
2025-01-01 05:07:59 [ERROR   ] Failed to connect to database after 1653 retries — giving up
2025-01-01 05:08:08 [WARNING ] Rate limit at 9022% for IP 192.168.1213.1630
2025-01-01 05:08:13 [WARNING ] Response time exceeded threshold: 1142ms (limit: 500ms)
2025-01-01 05:08:22 [INFO    ] Config reloaded from disk — version=3557
2025-01-01 05:08:32 [CRITICAL] Primary database unreachable — all writes failing, queue depth: 6009
2025-01-01 05:08:34 [ERROR   ] Unhandled exception in worker thread-1629: IndexError
2025-01-01 05:08:37 [DEBUG   ] Cache miss for key='user_profile_844' — fetching from DB
2025-01-01 05:08:40 [DEBUG   ] Checkpoint reached at loop iteration 1758
2025-01-01 05:08:44 [INFO    ] New session created — session_id=2904
2025-01-01 05:08:47 [ERROR   ] NullPointerException in module payments.processor at line 3400
2025-01-01 05:08:53 [CRITICAL] Security breach detected: 604 failed login attempts from IP 10.0.9621.1703
2025-01-01 05:08:57 [INFO    ] Cache hit ratio at 1133% for the last 60 seconds
2025-01-01 05:09:05 [DEBUG   ] SQL query executed: SELECT * FROM orders WHERE id=1117 (5092ms)
2025-01-01 05:09:11 [INFO    ] Request processed in 9243ms — endpoint /api/v1/data
2025-01-01 05:09:19 [DEBUG   ] Checkpoint reached at loop iteration 4957
2025-01-01 05:09:26 [INFO    ] Cache hit ratio at 1255% for the last 60 seconds
2025-01-01 05:09:35 [ERROR   ] Unhandled exception in worker thread-6210: IndexError
2025-01-01 05:09:36 [ERROR   ] Unhandled exception in worker thread-7102: IndexError
2025-01-01 05:09:41 [INFO    ] Config reloaded from disk — version=5153
2025-01-01 05:09:42 [DEBUG   ] Entering function process_batch() with batch_size=9935
2025-01-01 05:09:44 [INFO    ] New session created — session_id=4773
2025-01-01 05:09:47 [INFO    ] Request processed in 6522ms — endpoint /api/v1/data
2025-01-01 05:09:55 [INFO    ] Database connection pool size: 1680/20
2025-01-01 05:10:02 [WARNING ] Response time exceeded threshold: 1631ms (limit: 500ms)
2025-01-01 05:10:04 [INFO    ] User login successful for user_id=2290
2025-01-01 05:10:12 [INFO    ] Cache hit ratio at 3090% for the last 60 seconds
2025-01-01 05:10:13 [WARNING ] Response time exceeded threshold: 5069ms (limit: 500ms)
2025-01-01 05:10:15 [INFO    ] Database connection pool size: 9946/20
2025-01-01 05:10:22 [ERROR   ] NullPointerException in module payments.processor at line 4963
2025-01-01 05:10:31 [CRITICAL] SYSTEM SHUTDOWN INITIATED — out of memory (used: 3679MB / 512MB)
2025-01-01 05:10:38 [WARNING ] Deprecated API endpoint /v1/legacy called by client 4833
2025-01-01 05:10:45 [DEBUG   ] Cache miss for key='user_profile_9923' — fetching from DB
2025-01-01 05:10:51 [DEBUG   ] Lock acquired on resource 'invoice_6908' by thread-7522
2025-01-01 05:10:53 [ERROR   ] File not found: /var/data/report_9740.csv
2025-01-01 05:11:02 [WARNING ] Retry attempt 2238 of 3 for downstream service call
2025-01-01 05:11:07 [INFO    ] Cache hit ratio at 4960% for the last 60 seconds
2025-01-01 05:11:09 [ERROR   ] Unhandled exception in worker thread-5992: IndexError
2025-01-01 05:11:19 [WARNING ] Response time exceeded threshold: 5340ms (limit: 500ms)
2025-01-01 05:11:20 [INFO    ] Cache hit ratio at 4821% for the last 60 seconds
2025-01-01 05:11:24 [DEBUG   ] Cache miss for key='user_profile_7330' — fetching from DB
2025-01-01 05:11:28 [CRITICAL] SYSTEM SHUTDOWN INITIATED — out of memory (used: 3887MB / 512MB)
2025-01-01 05:11:37 [WARNING ] Deprecated API endpoint /v1/legacy called by client 5278
2025-01-01 05:11:39 [WARNING ] Rate limit at 521% for IP 192.168.2460.5219
2025-01-01 05:11:44 [INFO    ] Request processed in 2110ms — endpoint /api/v1/data
2025-01-01 05:11:53 [ERROR   ] HTTP 500 returned for request_id=1339 — internal server error
2025-01-01 05:12:01 [INFO    ] Cache hit ratio at 1058% for the last 60 seconds
2025-01-01 05:12:05 [ERROR   ] Unhandled exception in worker thread-8846: IndexError
2025-01-01 05:12:09 [INFO    ] Config reloaded from disk — version=7983
2025-01-01 05:12:18 [ERROR   ] File not found: /var/data/report_1760.csv
2025-01-01 05:12:20 [WARNING ] Retry attempt 5199 of 3 for downstream service call
2025-01-01 05:12:21 [INFO    ] Database connection pool size: 1389/20
2025-01-01 05:12:22 [INFO    ] Database connection pool size: 1025/20
2025-01-01 05:12:23 [CRITICAL] Security breach detected: 4338 failed login attempts from IP 10.0.4639.2133
2025-01-01 05:12:33 [INFO    ] Scheduled job 'cleanup_temp_files' completed in 5010s
2025-01-01 05:12:41 [INFO    ] Config reloaded from disk — version=1919
2025-01-01 05:12:51 [CRITICAL] Primary database unreachable — all writes failing, queue depth: 2324
2025-01-01 05:12:56 [INFO    ] Scheduled job 'cleanup_temp_files' completed in 2318s
2025-01-01 05:13:04 [WARNING ] Disk usage at 3356% on volume /dev/sda1 — consider cleanup
2025-01-01 05:13:07 [ERROR   ] HTTP 500 returned for request_id=3337 — internal server error
2025-01-01 05:13:17 [WARNING ] Disk usage at 2340% on volume /dev/sda1 — consider cleanup
2025-01-01 05:13:27 [ERROR   ] Failed to connect to database after 3806 retries — giving up
2025-01-01 05:13:28 [ERROR   ] HTTP 500 returned for request_id=2102 — internal server error
2025-01-01 05:13:32 [INFO    ] Database connection pool size: 7966/20
2025-01-01 05:13:38 [WARNING ] Rate limit at 4599% for IP 192.168.8966.4615
2025-01-01 05:13:43 [INFO    ] New session created — session_id=8869
2025-01-01 05:13:46 [INFO    ] User login successful for user_id=909
2025-01-01 05:13:54 [INFO    ] Scheduled job 'cleanup_temp_files' completed in 7887s
2025-01-01 05:14:02 [WARNING ] Response time exceeded threshold: 1869ms (limit: 500ms)
2025-01-01 05:14:07 [INFO    ] Scheduled job 'cleanup_temp_files' completed in 6571s
2025-01-01 05:14:08 [INFO    ] Database connection pool size: 9150/20
2025-01-01 05:14:09 [INFO    ] Database connection pool size: 5939/20
2025-01-01 05:14:18 [INFO    ] User login successful for user_id=8451
2025-01-01 05:14:22 [DEBUG   ] Entering function process_batch() with batch_size=2474
2025-01-01 05:14:25 [INFO    ] Request processed in 3167ms — endpoint /api/v1/data
2025-01-01 05:14:32 [WARNING ] Response time exceeded threshold: 2177ms (limit: 500ms)
2025-01-01 05:14:35 [INFO    ] New session created — session_id=7296
2025-01-01 05:14:42 [INFO    ] User login successful for user_id=1528
2025-01-01 05:14:46 [WARNING ] Rate limit at 3984% for IP 192.168.95.7558
2025-01-01 05:14:56 [ERROR   ] File not found: /var/data/report_8979.csv
2025-01-01 05:15:04 [ERROR   ] NullPointerException in module payments.processor at line 7264
2025-01-01 05:15:13 [INFO    ] User login successful for user_id=5378
2025-01-01 05:15:16 [DEBUG   ] Serializing response object — 1208 fields found
2025-01-01 05:15:18 [INFO    ] Config reloaded from disk — version=5700
2025-01-01 05:15:24 [WARNING ] Retry attempt 1251 of 3 for downstream service call
2025-01-01 05:15:28 [WARNING ] Deprecated API endpoint /v1/legacy called by client 683
2025-01-01 05:15:29 [DEBUG   ] Checkpoint reached at loop iteration 8908
2025-01-01 05:15:33 [DEBUG   ] Cache miss for key='user_profile_8296' — fetching from DB
2025-01-01 05:15:37 [INFO    ] Cache hit ratio at 7613% for the last 60 seconds
2025-01-01 05:15:45 [INFO    ] Database connection pool size: 6966/20
2025-01-01 05:15:53 [ERROR   ] Unhandled exception in worker thread-7215: IndexError
2025-01-01 05:16:01 [INFO    ] Scheduled job 'cleanup_temp_files' completed in 9017s
2025-01-01 05:16:10 [INFO    ] Request processed in 1988ms — endpoint /api/v1/data
2025-01-01 05:16:13 [WARNING ] Response time exceeded threshold: 7354ms (limit: 500ms)
2025-01-01 05:16:23 [DEBUG   ] Cache miss for key='user_profile_9427' — fetching from DB
2025-01-01 05:16:25 [CRITICAL] Security breach detected: 5175 failed login attempts from IP 10.0.257.8435
2025-01-01 05:16:28 [INFO    ] User login successful for user_id=3286
2025-01-01 05:16:33 [DEBUG   ] Entering function process_batch() with batch_size=7457
2025-01-01 05:16:37 [WARNING ] Response time exceeded threshold: 8089ms (limit: 500ms)
2025-01-01 05:16:39 [ERROR   ] File not found: /var/data/report_8632.csv
2025-01-01 05:16:45 [INFO    ] Config reloaded from disk — version=1450
2025-01-01 05:16:49 [WARNING ] Disk usage at 3303% on volume /dev/sda1 — consider cleanup
2025-01-01 05:16:57 [INFO    ] Cache hit ratio at 7440% for the last 60 seconds
2025-01-01 05:16:58 [WARNING ] Retry attempt 7087 of 3 for downstream service call
2025-01-01 05:17:07 [ERROR   ] File not found: /var/data/report_3556.csv
2025-01-01 05:17:13 [DEBUG   ] Serializing response object — 1359 fields found
2025-01-01 05:17:16 [ERROR   ] Unhandled exception in worker thread-4309: IndexError
2025-01-01 05:17:25 [CRITICAL] SSL certificate expires in 1066 hours — immediate action required
2025-01-01 05:17:30 [ERROR   ] HTTP 500 returned for request_id=3247 — internal server error
2025-01-01 05:17:34 [WARNING ] Response time exceeded threshold: 7784ms (limit: 500ms)
2025-01-01 05:17:36 [INFO    ] Request processed in 4185ms — endpoint /api/v1/data
2025-01-01 05:17:41 [INFO    ] Request processed in 8710ms — endpoint /api/v1/data
2025-01-01 05:17:49 [INFO    ] User login successful for user_id=8502
2025-01-01 05:17:56 [ERROR   ] Failed to connect to database after 3756 retries — giving up
2025-01-01 05:17:59 [WARNING ] Response time exceeded threshold: 7250ms (limit: 500ms)
2025-01-01 05:18:00 [DEBUG   ] Lock acquired on resource 'invoice_474' by thread-8575
2025-01-01 05:18:10 [INFO    ] Request processed in 5892ms — endpoint /api/v1/data
2025-01-01 05:18:19 [INFO    ] Scheduled job 'cleanup_temp_files' completed in 3145s
2025-01-01 05:18:27 [ERROR   ] Authentication token expired for user_id=404
2025-01-01 05:18:35 [WARNING ] Retry attempt 4375 of 3 for downstream service call
2025-01-01 05:18:36 [INFO    ] Scheduled job 'cleanup_temp_files' completed in 2415s
2025-01-01 05:18:40 [WARNING ] Disk usage at 406% on volume /dev/sda1 — consider cleanup
2025-01-01 05:18:43 [INFO    ] Database connection pool size: 4537/20
2025-01-01 05:18:51 [INFO    ] User login successful for user_id=6244
2025-01-01 05:18:59 [WARNING ] Response time exceeded threshold: 4349ms (limit: 500ms)
2025-01-01 05:19:04 [ERROR   ] Failed to connect to database after 3395 retries — giving up
2025-01-01 05:19:13 [INFO    ] User login successful for user_id=2938
2025-01-01 05:19:20 [INFO    ] Database connection pool size: 7142/20
2025-01-01 05:19:27 [INFO    ] New session created — session_id=9706
2025-01-01 05:19:31 [ERROR   ] File not found: /var/data/report_3755.csv
2025-01-01 05:19:36 [INFO    ] User login successful for user_id=6602
2025-01-01 05:19:41 [INFO    ] Config reloaded from disk — version=1136
2025-01-01 05:19:50 [INFO    ] Database connection pool size: 9029/20
2025-01-01 05:19:51 [INFO    ] Cache hit ratio at 3318% for the last 60 seconds
2025-01-01 05:19:56 [ERROR   ] Unhandled exception in worker thread-3807: IndexError
2025-01-01 05:19:58 [INFO    ] Cache hit ratio at 1403% for the last 60 seconds
2025-01-01 05:20:07 [ERROR   ] Unhandled exception in worker thread-614: IndexError
2025-01-01 05:20:09 [WARNING ] Response time exceeded threshold: 3994ms (limit: 500ms)
2025-01-01 05:20:15 [ERROR   ] HTTP 500 returned for request_id=6946 — internal server error
2025-01-01 05:20:18 [DEBUG   ] Lock acquired on resource 'invoice_4115' by thread-6094
2025-01-01 05:20:28 [DEBUG   ] Entering function process_batch() with batch_size=3393
2025-01-01 05:20:38 [WARNING ] Disk usage at 6832% on volume /dev/sda1 — consider cleanup
2025-01-01 05:20:48 [ERROR   ] Unhandled exception in worker thread-4326: IndexError
2025-01-01 05:20:51 [ERROR   ] HTTP 500 returned for request_id=1313 — internal server error
2025-01-01 05:20:55 [DEBUG   ] Checkpoint reached at loop iteration 8905
2025-01-01 05:21:00 [WARNING ] Rate limit at 2587% for IP 192.168.8798.2838
2025-01-01 05:21:05 [ERROR   ] HTTP 500 returned for request_id=8408 — internal server error
2025-01-01 05:21:08 [INFO    ] Database connection pool size: 7558/20
2025-01-01 05:21:15 [ERROR   ] HTTP 500 returned for request_id=8295 — internal server error
2025-01-01 05:21:20 [INFO    ] Config reloaded from disk — version=7171
2025-01-01 05:21:29 [INFO    ] Cache hit ratio at 8007% for the last 60 seconds
2025-01-01 05:21:36 [DEBUG   ] Entering function process_batch() with batch_size=3582
2025-01-01 05:21:45 [ERROR   ] HTTP 500 returned for request_id=4823 — internal server error
2025-01-01 05:21:50 [DEBUG   ] Cache miss for key='user_profile_7749' — fetching from DB
2025-01-01 05:21:55 [CRITICAL] Data corruption detected in table 'transactions' at row 1918
2025-01-01 05:22:00 [INFO    ] Config reloaded from disk — version=778
2025-01-01 05:22:06 [INFO    ] Scheduled job 'cleanup_temp_files' completed in 4618s
2025-01-01 05:22:13 [DEBUG   ] Lock acquired on resource 'invoice_8422' by thread-3965
2025-01-01 05:22:16 [INFO    ] User login successful for user_id=2576
2025-01-01 05:22:26 [CRITICAL] SYSTEM SHUTDOWN INITIATED — out of memory (used: 1989MB / 512MB)
2025-01-01 05:22:27 [INFO    ] New session created — session_id=6118
2025-01-01 05:22:31 [INFO    ] New session created — session_id=5323
2025-01-01 05:22:36 [DEBUG   ] Serializing response object — 6343 fields found
2025-01-01 05:22:41 [ERROR   ] Authentication token expired for user_id=9676
2025-01-01 05:22:47 [INFO    ] Scheduled job 'cleanup_temp_files' completed in 387s
2025-01-01 05:22:52 [INFO    ] Cache hit ratio at 4603% for the last 60 seconds
2025-01-01 05:22:55 [INFO    ] Scheduled job 'cleanup_temp_files' completed in 3332s
2025-01-01 05:23:00 [WARNING ] Response time exceeded threshold: 6035ms (limit: 500ms)
2025-01-01 05:23:02 [ERROR   ] Failed to connect to database after 4593 retries — giving up
2025-01-01 05:23:08 [INFO    ] Cache hit ratio at 1556% for the last 60 seconds
2025-01-01 05:23:14 [INFO    ] Request processed in 6695ms — endpoint /api/v1/data
2025-01-01 05:23:17 [WARNING ] Response time exceeded threshold: 1303ms (limit: 500ms)
2025-01-01 05:23:23 [WARNING ] Retry attempt 5496 of 3 for downstream service call
2025-01-01 05:23:27 [DEBUG   ] Lock acquired on resource 'invoice_482' by thread-6564
2025-01-01 05:23:31 [INFO    ] Config reloaded from disk — version=7139
2025-01-01 05:23:34 [INFO    ] User login successful for user_id=9171
2025-01-01 05:23:38 [DEBUG   ] Entering function process_batch() with batch_size=8532
2025-01-01 05:23:47 [INFO    ] New session created — session_id=4775
2025-01-01 05:23:49 [INFO    ] Cache hit ratio at 6779% for the last 60 seconds
2025-01-01 05:23:50 [WARNING ] Retry attempt 3847 of 3 for downstream service call
2025-01-01 05:23:52 [DEBUG   ] Lock acquired on resource 'invoice_2990' by thread-1432
2025-01-01 05:23:58 [WARNING ] Memory usage at 6168MB — approaching soft limit of 512MB
2025-01-01 05:24:02 [WARNING ] Disk usage at 4494% on volume /dev/sda1 — consider cleanup
2025-01-01 05:24:06 [INFO    ] New session created — session_id=6641
2025-01-01 05:24:08 [DEBUG   ] Cache miss for key='user_profile_2356' — fetching from DB
2025-01-01 05:24:16 [INFO    ] Request processed in 952ms — endpoint /api/v1/data
2025-01-01 05:24:24 [INFO    ] Request processed in 8694ms — endpoint /api/v1/data
2025-01-01 05:24:34 [INFO    ] New session created — session_id=8286
2025-01-01 05:24:35 [INFO    ] User login successful for user_id=3862
2025-01-01 05:24:37 [INFO    ] Cache hit ratio at 8569% for the last 60 seconds
2025-01-01 05:24:46 [DEBUG   ] SQL query executed: SELECT * FROM orders WHERE id=3245 (1573ms)
2025-01-01 05:24:50 [WARNING ] Deprecated API endpoint /v1/legacy called by client 5743
2025-01-01 05:24:52 [WARNING ] Response time exceeded threshold: 2939ms (limit: 500ms)
2025-01-01 05:24:54 [INFO    ] Cache hit ratio at 9529% for the last 60 seconds
2025-01-01 05:24:57 [DEBUG   ] Cache miss for key='user_profile_589' — fetching from DB
2025-01-01 05:24:58 [WARNING ] Deprecated API endpoint /v1/legacy called by client 5692
2025-01-01 05:25:08 [ERROR   ] File not found: /var/data/report_7868.csv
2025-01-01 05:25:11 [WARNING ] Deprecated API endpoint /v1/legacy called by client 6172
2025-01-01 05:25:13 [ERROR   ] Failed to connect to database after 3859 retries — giving up
2025-01-01 05:25:21 [INFO    ] Cache hit ratio at 7833% for the last 60 seconds
2025-01-01 05:25:25 [WARNING ] Disk usage at 4267% on volume /dev/sda1 — consider cleanup
2025-01-01 05:25:28 [INFO    ] Database connection pool size: 1/20
2025-01-01 05:25:31 [DEBUG   ] Checkpoint reached at loop iteration 2813
2025-01-01 05:25:40 [WARNING ] Memory usage at 9426MB — approaching soft limit of 512MB
2025-01-01 05:25:42 [INFO    ] Database connection pool size: 1484/20
2025-01-01 05:25:47 [INFO    ] Database connection pool size: 259/20
2025-01-01 05:25:51 [INFO    ] User login successful for user_id=3981
2025-01-01 05:26:01 [INFO    ] User login successful for user_id=6695
2025-01-01 05:26:07 [ERROR   ] Unhandled exception in worker thread-2693: IndexError
2025-01-01 05:26:14 [WARNING ] Retry attempt 2958 of 3 for downstream service call
2025-01-01 05:26:21 [WARNING ] Response time exceeded threshold: 2298ms (limit: 500ms)
2025-01-01 05:26:28 [DEBUG   ] Entering function process_batch() with batch_size=6440
2025-01-01 05:26:31 [INFO    ] Request processed in 5058ms — endpoint /api/v1/data
2025-01-01 05:26:40 [INFO    ] Cache hit ratio at 6989% for the last 60 seconds
2025-01-01 05:26:47 [INFO    ] Config reloaded from disk — version=548
2025-01-01 05:26:51 [INFO    ] Cache hit ratio at 4992% for the last 60 seconds
2025-01-01 05:26:57 [ERROR   ] Failed to connect to database after 7008 retries — giving up
2025-01-01 05:27:01 [INFO    ] Request processed in 9915ms — endpoint /api/v1/data
2025-01-01 05:27:07 [WARNING ] Retry attempt 4649 of 3 for downstream service call
2025-01-01 05:27:14 [WARNING ] Rate limit at 5412% for IP 192.168.18.4520
2025-01-01 05:27:18 [WARNING ] Disk usage at 6820% on volume /dev/sda1 — consider cleanup
2025-01-01 05:27:28 [INFO    ] Request processed in 2359ms — endpoint /api/v1/data
2025-01-01 05:27:30 [CRITICAL] Primary database unreachable — all writes failing, queue depth: 4721
2025-01-01 05:27:39 [ERROR   ] NullPointerException in module payments.processor at line 793
2025-01-01 05:27:49 [INFO    ] User login successful for user_id=2683
2025-01-01 05:27:59 [INFO    ] Config reloaded from disk — version=8334
2025-01-01 05:28:05 [DEBUG   ] SQL query executed: SELECT * FROM orders WHERE id=7069 (9181ms)
2025-01-01 05:28:09 [ERROR   ] Authentication token expired for user_id=5359
2025-01-01 05:28:12 [DEBUG   ] Entering function process_batch() with batch_size=6383
2025-01-01 05:28:22 [DEBUG   ] Serializing response object — 1255 fields found
2025-01-01 05:28:32 [INFO    ] Request processed in 4971ms — endpoint /api/v1/data
2025-01-01 05:28:40 [INFO    ] Config reloaded from disk — version=2864
2025-01-01 05:28:41 [ERROR   ] Failed to connect to database after 3288 retries — giving up
2025-01-01 05:28:46 [INFO    ] New session created — session_id=9783
2025-01-01 05:28:53 [ERROR   ] File not found: /var/data/report_4657.csv
2025-01-01 05:28:58 [INFO    ] Scheduled job 'cleanup_temp_files' completed in 6722s
2025-01-01 05:29:05 [WARNING ] Rate limit at 7300% for IP 192.168.4192.1933
2025-01-01 05:29:15 [DEBUG   ] Checkpoint reached at loop iteration 3942
2025-01-01 05:29:16 [CRITICAL] SYSTEM SHUTDOWN INITIATED — out of memory (used: 2254MB / 512MB)
2025-01-01 05:29:19 [INFO    ] User login successful for user_id=8476
2025-01-01 05:29:29 [ERROR   ] File not found: /var/data/report_7853.csv
2025-01-01 05:29:35 [INFO    ] Config reloaded from disk — version=7188
2025-01-01 05:29:39 [INFO    ] New session created — session_id=3293
2025-01-01 05:29:44 [WARNING ] Memory usage at 5377MB — approaching soft limit of 512MB
2025-01-01 05:29:51 [DEBUG   ] Lock acquired on resource 'invoice_7164' by thread-9283
2025-01-01 05:29:57 [INFO    ] User login successful for user_id=8086
2025-01-01 05:30:00 [INFO    ] Database connection pool size: 2105/20
2025-01-01 05:30:07 [ERROR   ] Unhandled exception in worker thread-4648: IndexError
2025-01-01 05:30:14 [DEBUG   ] Lock acquired on resource 'invoice_9444' by thread-1728
2025-01-01 05:30:21 [INFO    ] Database connection pool size: 5330/20
2025-01-01 05:30:22 [INFO    ] Config reloaded from disk — version=6050
2025-01-01 05:30:25 [DEBUG   ] Serializing response object — 6671 fields found
2025-01-01 05:30:34 [INFO    ] New session created — session_id=2481
2025-01-01 05:30:36 [INFO    ] Request processed in 2602ms — endpoint /api/v1/data
2025-01-01 05:30:43 [WARNING ] Deprecated API endpoint /v1/legacy called by client 2051
2025-01-01 05:30:52 [INFO    ] New session created — session_id=493
2025-01-01 05:31:01 [INFO    ] Request processed in 570ms — endpoint /api/v1/data
2025-01-01 05:31:05 [INFO    ] Scheduled job 'cleanup_temp_files' completed in 8603s
2025-01-01 05:31:08 [DEBUG   ] Entering function process_batch() with batch_size=4113
2025-01-01 05:31:18 [INFO    ] Database connection pool size: 1701/20
2025-01-01 05:31:26 [INFO    ] Cache hit ratio at 4358% for the last 60 seconds
2025-01-01 05:31:29 [WARNING ] Response time exceeded threshold: 1320ms (limit: 500ms)
2025-01-01 05:31:39 [DEBUG   ] SQL query executed: SELECT * FROM orders WHERE id=1327 (7624ms)
2025-01-01 05:31:42 [INFO    ] Cache hit ratio at 2550% for the last 60 seconds
2025-01-01 05:31:43 [INFO    ] Scheduled job 'cleanup_temp_files' completed in 2060s
2025-01-01 05:31:47 [WARNING ] Rate limit at 9513% for IP 192.168.7368.9059
2025-01-01 05:31:48 [WARNING ] Retry attempt 6680 of 3 for downstream service call
2025-01-01 05:31:58 [WARNING ] Rate limit at 7588% for IP 192.168.6415.1260
2025-01-01 05:32:04 [INFO    ] Database connection pool size: 2349/20
2025-01-01 05:32:05 [INFO    ] New session created — session_id=7723
2025-01-01 05:32:12 [ERROR   ] Authentication token expired for user_id=4141
2025-01-01 05:32:22 [INFO    ] Config reloaded from disk — version=2804
2025-01-01 05:32:27 [INFO    ] Database connection pool size: 9103/20
2025-01-01 05:32:32 [INFO    ] Database connection pool size: 7092/20
2025-01-01 05:32:40 [DEBUG   ] SQL query executed: SELECT * FROM orders WHERE id=3984 (5303ms)
2025-01-01 05:32:45 [INFO    ] Database connection pool size: 9070/20
2025-01-01 05:32:46 [ERROR   ] NullPointerException in module payments.processor at line 2115
2025-01-01 05:32:56 [DEBUG   ] Entering function process_batch() with batch_size=1530
2025-01-01 05:32:59 [INFO    ] New session created — session_id=8149
2025-01-01 05:33:04 [DEBUG   ] Lock acquired on resource 'invoice_2662' by thread-7902
2025-01-01 05:33:07 [ERROR   ] NullPointerException in module payments.processor at line 9422
2025-01-01 05:33:10 [INFO    ] Scheduled job 'cleanup_temp_files' completed in 591s
2025-01-01 05:33:13 [WARNING ] Retry attempt 5794 of 3 for downstream service call
2025-01-01 05:33:18 [ERROR   ] Authentication token expired for user_id=8593
2025-01-01 05:33:22 [ERROR   ] Authentication token expired for user_id=7623
2025-01-01 05:33:27 [INFO    ] Request processed in 2275ms — endpoint /api/v1/data
2025-01-01 05:33:28 [INFO    ] New session created — session_id=8235
2025-01-01 05:33:33 [CRITICAL] Data corruption detected in table 'transactions' at row 3308
2025-01-01 05:33:38 [INFO    ] Config reloaded from disk — version=3383
2025-01-01 05:33:41 [DEBUG   ] Serializing response object — 2336 fields found
2025-01-01 05:33:49 [WARNING ] Memory usage at 2774MB — approaching soft limit of 512MB
2025-01-01 05:33:56 [INFO    ] Config reloaded from disk — version=2089
2025-01-01 05:34:05 [INFO    ] Request processed in 2977ms — endpoint /api/v1/data
2025-01-01 05:34:09 [ERROR   ] NullPointerException in module payments.processor at line 527
2025-01-01 05:34:12 [CRITICAL] SSL certificate expires in 2180 hours — immediate action required
2025-01-01 05:34:15 [DEBUG   ] Entering function process_batch() with batch_size=8909
2025-01-01 05:34:17 [INFO    ] Request processed in 9665ms — endpoint /api/v1/data
2025-01-01 05:34:18 [INFO    ] Config reloaded from disk — version=6030
2025-01-01 05:34:27 [WARNING ] Memory usage at 9794MB — approaching soft limit of 512MB
2025-01-01 05:34:36 [INFO    ] User login successful for user_id=8490
2025-01-01 05:34:43 [ERROR   ] NullPointerException in module payments.processor at line 4473
2025-01-01 05:34:48 [WARNING ] Disk usage at 3147% on volume /dev/sda1 — consider cleanup
2025-01-01 05:34:49 [WARNING ] Response time exceeded threshold: 3128ms (limit: 500ms)
2025-01-01 05:34:53 [WARNING ] Response time exceeded threshold: 8949ms (limit: 500ms)
2025-01-01 05:34:55 [INFO    ] Scheduled job 'cleanup_temp_files' completed in 8693s
2025-01-01 05:35:01 [WARNING ] Disk usage at 5437% on volume /dev/sda1 — consider cleanup
2025-01-01 05:35:11 [INFO    ] Cache hit ratio at 6412% for the last 60 seconds
2025-01-01 05:35:16 [ERROR   ] Failed to connect to database after 7174 retries — giving up
2025-01-01 05:35:26 [CRITICAL] SYSTEM SHUTDOWN INITIATED — out of memory (used: 8243MB / 512MB)
2025-01-01 05:35:36 [DEBUG   ] SQL query executed: SELECT * FROM orders WHERE id=8841 (5605ms)
2025-01-01 05:35:41 [INFO    ] Config reloaded from disk — version=6463
2025-01-01 05:35:50 [INFO    ] Scheduled job 'cleanup_temp_files' completed in 511s
2025-01-01 05:35:59 [INFO    ] Config reloaded from disk — version=5049
2025-01-01 05:36:00 [WARNING ] Rate limit at 5082% for IP 192.168.5027.8777
2025-01-01 05:36:10 [ERROR   ] Failed to connect to database after 9626 retries — giving up
2025-01-01 05:36:15 [INFO    ] Config reloaded from disk — version=6786
2025-01-01 05:36:25 [INFO    ] Request processed in 5872ms — endpoint /api/v1/data
2025-01-01 05:36:32 [INFO    ] Cache hit ratio at 2809% for the last 60 seconds
2025-01-01 05:36:36 [WARNING ] Memory usage at 220MB — approaching soft limit of 512MB
2025-01-01 05:36:39 [ERROR   ] HTTP 500 returned for request_id=2299 — internal server error
2025-01-01 05:36:46 [INFO    ] New session created — session_id=3292
2025-01-01 05:36:52 [INFO    ] User login successful for user_id=2866
2025-01-01 05:36:56 [WARNING ] Deprecated API endpoint /v1/legacy called by client 3207
2025-01-01 05:37:02 [INFO    ] New session created — session_id=6765
2025-01-01 05:37:04 [INFO    ] Config reloaded from disk — version=2693
2025-01-01 05:37:10 [ERROR   ] Unhandled exception in worker thread-6868: IndexError
2025-01-01 05:37:13 [WARNING ] Deprecated API endpoint /v1/legacy called by client 5608
2025-01-01 05:37:23 [WARNING ] Memory usage at 6748MB — approaching soft limit of 512MB
2025-01-01 05:37:33 [ERROR   ] Authentication token expired for user_id=7115
2025-01-01 05:37:34 [INFO    ] Request processed in 3831ms — endpoint /api/v1/data
2025-01-01 05:37:36 [ERROR   ] NullPointerException in module payments.processor at line 2600
2025-01-01 05:37:46 [CRITICAL] SYSTEM SHUTDOWN INITIATED — out of memory (used: 7968MB / 512MB)
2025-01-01 05:37:48 [INFO    ] New session created — session_id=3837
2025-01-01 05:37:49 [WARNING ] Disk usage at 9459% on volume /dev/sda1 — consider cleanup
2025-01-01 05:37:55 [INFO    ] Config reloaded from disk — version=5577
2025-01-01 05:38:04 [DEBUG   ] SQL query executed: SELECT * FROM orders WHERE id=845 (9705ms)
2025-01-01 05:38:11 [INFO    ] Config reloaded from disk — version=3598
2025-01-01 05:38:14 [ERROR   ] File not found: /var/data/report_9905.csv
2025-01-01 05:38:16 [INFO    ] Request processed in 749ms — endpoint /api/v1/data
2025-01-01 05:38:20 [INFO    ] Scheduled job 'cleanup_temp_files' completed in 2328s
2025-01-01 05:38:24 [ERROR   ] Failed to connect to database after 6389 retries — giving up
2025-01-01 05:38:31 [WARNING ] Rate limit at 1038% for IP 192.168.1487.7015
2025-01-01 05:38:37 [ERROR   ] Failed to connect to database after 9490 retries — giving up
2025-01-01 05:38:45 [DEBUG   ] Checkpoint reached at loop iteration 7682
2025-01-01 05:38:54 [DEBUG   ] Cache miss for key='user_profile_8622' — fetching from DB
2025-01-01 05:39:00 [INFO    ] New session created — session_id=9901
2025-01-01 05:39:03 [WARNING ] Retry attempt 2365 of 3 for downstream service call
2025-01-01 05:39:04 [INFO    ] Scheduled job 'cleanup_temp_files' completed in 4359s
2025-01-01 05:39:13 [INFO    ] Request processed in 8277ms — endpoint /api/v1/data
2025-01-01 05:39:19 [INFO    ] Cache hit ratio at 6328% for the last 60 seconds
2025-01-01 05:39:25 [INFO    ] Cache hit ratio at 5478% for the last 60 seconds
2025-01-01 05:39:29 [WARNING ] Disk usage at 3135% on volume /dev/sda1 — consider cleanup
2025-01-01 05:39:32 [INFO    ] Database connection pool size: 5999/20
2025-01-01 05:39:40 [INFO    ] New session created — session_id=9383
2025-01-01 05:39:48 [ERROR   ] NullPointerException in module payments.processor at line 2309
2025-01-01 05:39:54 [INFO    ] New session created — session_id=2478
2025-01-01 05:40:03 [DEBUG   ] SQL query executed: SELECT * FROM orders WHERE id=1130 (1722ms)
2025-01-01 05:40:06 [ERROR   ] HTTP 500 returned for request_id=8933 — internal server error
2025-01-01 05:40:07 [INFO    ] Database connection pool size: 1662/20
2025-01-01 05:40:12 [INFO    ] Config reloaded from disk — version=9972
2025-01-01 05:40:14 [WARNING ] Memory usage at 6731MB — approaching soft limit of 512MB
2025-01-01 05:40:24 [INFO    ] User login successful for user_id=3830
2025-01-01 05:40:30 [WARNING ] Deprecated API endpoint /v1/legacy called by client 386
2025-01-01 05:40:32 [WARNING ] Disk usage at 9335% on volume /dev/sda1 — consider cleanup
2025-01-01 05:40:42 [INFO    ] Request processed in 4514ms — endpoint /api/v1/data
2025-01-01 05:40:52 [INFO    ] User login successful for user_id=2014
2025-01-01 05:41:00 [WARNING ] Response time exceeded threshold: 8627ms (limit: 500ms)
2025-01-01 05:41:10 [DEBUG   ] Serializing response object — 3220 fields found
2025-01-01 05:41:14 [INFO    ] Config reloaded from disk — version=381
2025-01-01 05:41:17 [ERROR   ] NullPointerException in module payments.processor at line 3600
2025-01-01 05:41:27 [WARNING ] Memory usage at 1964MB — approaching soft limit of 512MB
2025-01-01 05:41:36 [INFO    ] Request processed in 1768ms — endpoint /api/v1/data
2025-01-01 05:41:41 [INFO    ] Database connection pool size: 1863/20
2025-01-01 05:41:47 [ERROR   ] Unhandled exception in worker thread-5831: IndexError
2025-01-01 05:41:54 [WARNING ] Response time exceeded threshold: 1116ms (limit: 500ms)
2025-01-01 05:42:03 [WARNING ] Rate limit at 6091% for IP 192.168.9329.3382
2025-01-01 05:42:08 [INFO    ] Request processed in 6599ms — endpoint /api/v1/data
2025-01-01 05:42:11 [WARNING ] Deprecated API endpoint /v1/legacy called by client 8483
2025-01-01 05:42:18 [ERROR   ] NullPointerException in module payments.processor at line 8177
2025-01-01 05:42:28 [INFO    ] Cache hit ratio at 3737% for the last 60 seconds
2025-01-01 05:42:36 [ERROR   ] Failed to connect to database after 9939 retries — giving up
2025-01-01 05:42:42 [INFO    ] Request processed in 5202ms — endpoint /api/v1/data
2025-01-01 05:42:43 [INFO    ] Database connection pool size: 157/20
2025-01-01 05:42:51 [INFO    ] Database connection pool size: 9300/20
2025-01-01 05:43:01 [ERROR   ] File not found: /var/data/report_7850.csv
2025-01-01 05:43:02 [DEBUG   ] Cache miss for key='user_profile_7416' — fetching from DB
2025-01-01 05:43:05 [ERROR   ] HTTP 500 returned for request_id=5372 — internal server error
2025-01-01 05:43:12 [ERROR   ] HTTP 500 returned for request_id=7724 — internal server error
2025-01-01 05:43:20 [INFO    ] Request processed in 7701ms — endpoint /api/v1/data
2025-01-01 05:43:24 [CRITICAL] Security breach detected: 2837 failed login attempts from IP 10.0.6408.4500
2025-01-01 05:43:34 [WARNING ] Response time exceeded threshold: 2244ms (limit: 500ms)
2025-01-01 05:43:38 [INFO    ] Scheduled job 'cleanup_temp_files' completed in 8859s
2025-01-01 05:43:45 [INFO    ] Database connection pool size: 5423/20
2025-01-01 05:43:49 [INFO    ] Database connection pool size: 9537/20
2025-01-01 05:43:59 [DEBUG   ] SQL query executed: SELECT * FROM orders WHERE id=8798 (6538ms)
2025-01-01 05:44:01 [ERROR   ] HTTP 500 returned for request_id=292 — internal server error
2025-01-01 05:44:03 [INFO    ] New session created — session_id=420
2025-01-01 05:44:13 [INFO    ] Cache hit ratio at 6517% for the last 60 seconds
2025-01-01 05:44:22 [INFO    ] New session created — session_id=1464
2025-01-01 05:44:32 [INFO    ] User login successful for user_id=3304
2025-01-01 05:44:36 [WARNING ] Retry attempt 5631 of 3 for downstream service call
2025-01-01 05:44:41 [WARNING ] Retry attempt 4396 of 3 for downstream service call
2025-01-01 05:44:50 [INFO    ] Request processed in 7661ms — endpoint /api/v1/data
2025-01-01 05:44:52 [ERROR   ] NullPointerException in module payments.processor at line 3384
2025-01-01 05:44:55 [CRITICAL] Data corruption detected in table 'transactions' at row 708
2025-01-01 05:44:56 [INFO    ] Cache hit ratio at 6220% for the last 60 seconds
2025-01-01 05:45:02 [INFO    ] New session created — session_id=6664
2025-01-01 05:45:09 [INFO    ] User login successful for user_id=1395
2025-01-01 05:45:14 [INFO    ] Database connection pool size: 3179/20
2025-01-01 05:45:15 [INFO    ] Cache hit ratio at 5413% for the last 60 seconds
2025-01-01 05:45:22 [ERROR   ] HTTP 500 returned for request_id=226 — internal server error
2025-01-01 05:45:28 [DEBUG   ] Checkpoint reached at loop iteration 7902
2025-01-01 05:45:34 [INFO    ] Config reloaded from disk — version=5689
2025-01-01 05:45:37 [INFO    ] Scheduled job 'cleanup_temp_files' completed in 5722s
2025-01-01 05:45:45 [ERROR   ] Failed to connect to database after 7901 retries — giving up
2025-01-01 05:45:49 [INFO    ] Request processed in 3716ms — endpoint /api/v1/data
2025-01-01 05:45:53 [ERROR   ] Authentication token expired for user_id=8183
2025-01-01 05:45:56 [INFO    ] Scheduled job 'cleanup_temp_files' completed in 8743s
2025-01-01 05:46:02 [INFO    ] Request processed in 4588ms — endpoint /api/v1/data
2025-01-01 05:46:07 [ERROR   ] Authentication token expired for user_id=5428
2025-01-01 05:46:13 [ERROR   ] Unhandled exception in worker thread-3168: IndexError
2025-01-01 05:46:16 [INFO    ] New session created — session_id=55
2025-01-01 05:46:19 [INFO    ] Database connection pool size: 6049/20
2025-01-01 05:46:24 [INFO    ] Scheduled job 'cleanup_temp_files' completed in 5043s
2025-01-01 05:46:34 [ERROR   ] NullPointerException in module payments.processor at line 488
2025-01-01 05:46:37 [INFO    ] User login successful for user_id=7370
2025-01-01 05:46:39 [ERROR   ] Unhandled exception in worker thread-7772: IndexError
2025-01-01 05:46:42 [WARNING ] Disk usage at 94% on volume /dev/sda1 — consider cleanup
2025-01-01 05:46:51 [WARNING ] Disk usage at 3800% on volume /dev/sda1 — consider cleanup
2025-01-01 05:46:57 [ERROR   ] Authentication token expired for user_id=2802
2025-01-01 05:47:02 [INFO    ] Config reloaded from disk — version=3887
2025-01-01 05:47:09 [INFO    ] New session created — session_id=7985
2025-01-01 05:47:11 [INFO    ] Request processed in 9535ms — endpoint /api/v1/data
2025-01-01 05:47:19 [WARNING ] Rate limit at 5210% for IP 192.168.2987.828
2025-01-01 05:47:23 [INFO    ] User login successful for user_id=7980
2025-01-01 05:47:24 [CRITICAL] Security breach detected: 3592 failed login attempts from IP 10.0.6641.8311
2025-01-01 05:47:26 [INFO    ] Config reloaded from disk — version=3487
2025-01-01 05:47:30 [INFO    ] Scheduled job 'cleanup_temp_files' completed in 3894s
2025-01-01 05:47:36 [WARNING ] Disk usage at 288% on volume /dev/sda1 — consider cleanup
2025-01-01 05:47:46 [CRITICAL] SYSTEM SHUTDOWN INITIATED — out of memory (used: 5399MB / 512MB)
2025-01-01 05:47:48 [INFO    ] Scheduled job 'cleanup_temp_files' completed in 7425s
2025-01-01 05:47:52 [DEBUG   ] Serializing response object — 5415 fields found
2025-01-01 05:47:55 [INFO    ] Cache hit ratio at 4329% for the last 60 seconds
2025-01-01 05:48:03 [INFO    ] Database connection pool size: 4562/20
2025-01-01 05:48:13 [INFO    ] Database connection pool size: 8938/20
2025-01-01 05:48:18 [WARNING ] Deprecated API endpoint /v1/legacy called by client 4808
2025-01-01 05:48:21 [INFO    ] New session created — session_id=6758
2025-01-01 05:48:30 [DEBUG   ] Checkpoint reached at loop iteration 5754
2025-01-01 05:48:34 [ERROR   ] Failed to connect to database after 1678 retries — giving up
2025-01-01 05:48:36 [INFO    ] Config reloaded from disk — version=9530
2025-01-01 05:48:38 [INFO    ] New session created — session_id=9680
2025-01-01 05:48:48 [INFO    ] New session created — session_id=8900
2025-01-01 05:48:57 [INFO    ] Cache hit ratio at 597% for the last 60 seconds
2025-01-01 05:49:00 [WARNING ] Disk usage at 4487% on volume /dev/sda1 — consider cleanup
2025-01-01 05:49:01 [INFO    ] Scheduled job 'cleanup_temp_files' completed in 4666s
2025-01-01 05:49:08 [INFO    ] New session created — session_id=5931
2025-01-01 05:49:13 [INFO    ] Cache hit ratio at 7446% for the last 60 seconds
2025-01-01 05:49:17 [INFO    ] Cache hit ratio at 916% for the last 60 seconds
2025-01-01 05:49:20 [DEBUG   ] Checkpoint reached at loop iteration 4898
2025-01-01 05:49:23 [INFO    ] Cache hit ratio at 847% for the last 60 seconds
2025-01-01 05:49:26 [INFO    ] Config reloaded from disk — version=1363
2025-01-01 05:49:30 [DEBUG   ] Cache miss for key='user_profile_4941' — fetching from DB
2025-01-01 05:49:37 [INFO    ] Request processed in 3052ms — endpoint /api/v1/data
2025-01-01 05:49:44 [INFO    ] Config reloaded from disk — version=1360
2025-01-01 05:49:52 [DEBUG   ] Lock acquired on resource 'invoice_8068' by thread-4041
2025-01-01 05:49:56 [CRITICAL] Primary database unreachable — all writes failing, queue depth: 6630
2025-01-01 05:50:03 [WARNING ] Disk usage at 7665% on volume /dev/sda1 — consider cleanup
2025-01-01 05:50:10 [INFO    ] Cache hit ratio at 2078% for the last 60 seconds
2025-01-01 05:50:17 [INFO    ] Cache hit ratio at 443% for the last 60 seconds
2025-01-01 05:50:18 [WARNING ] Memory usage at 2787MB — approaching soft limit of 512MB
2025-01-01 05:50:23 [CRITICAL] Security breach detected: 7541 failed login attempts from IP 10.0.1411.6718
2025-01-01 05:50:25 [ERROR   ] Authentication token expired for user_id=3655
2025-01-01 05:50:26 [INFO    ] Config reloaded from disk — version=2866
2025-01-01 05:50:31 [INFO    ] Database connection pool size: 3908/20
2025-01-01 05:50:37 [ERROR   ] HTTP 500 returned for request_id=7146 — internal server error
2025-01-01 05:50:43 [WARNING ] Deprecated API endpoint /v1/legacy called by client 7426
2025-01-01 05:50:46 [CRITICAL] Data corruption detected in table 'transactions' at row 2789
2025-01-01 05:50:48 [WARNING ] Memory usage at 9011MB — approaching soft limit of 512MB
2025-01-01 05:50:51 [INFO    ] Database connection pool size: 7823/20
2025-01-01 05:50:54 [WARNING ] Disk usage at 6521% on volume /dev/sda1 — consider cleanup
2025-01-01 05:51:02 [INFO    ] New session created — session_id=2765
2025-01-01 05:51:05 [INFO    ] Cache hit ratio at 2259% for the last 60 seconds
2025-01-01 05:51:10 [INFO    ] Scheduled job 'cleanup_temp_files' completed in 5802s
2025-01-01 05:51:12 [INFO    ] User login successful for user_id=3039
2025-01-01 05:51:18 [INFO    ] Database connection pool size: 714/20
2025-01-01 05:51:22 [ERROR   ] NullPointerException in module payments.processor at line 8623
2025-01-01 05:51:23 [INFO    ] User login successful for user_id=9439
2025-01-01 05:51:33 [DEBUG   ] Checkpoint reached at loop iteration 321
2025-01-01 05:51:36 [DEBUG   ] Entering function process_batch() with batch_size=5407
2025-01-01 05:51:38 [ERROR   ] Authentication token expired for user_id=3012
2025-01-01 05:51:48 [INFO    ] Cache hit ratio at 797% for the last 60 seconds
2025-01-01 05:51:49 [WARNING ] Response time exceeded threshold: 9321ms (limit: 500ms)
2025-01-01 05:51:53 [INFO    ] Database connection pool size: 2634/20
2025-01-01 05:51:59 [INFO    ] Scheduled job 'cleanup_temp_files' completed in 9413s
2025-01-01 05:52:01 [INFO    ] Cache hit ratio at 271% for the last 60 seconds
2025-01-01 05:52:06 [INFO    ] Request processed in 5471ms — endpoint /api/v1/data
2025-01-01 05:52:15 [INFO    ] User login successful for user_id=5157
2025-01-01 05:52:23 [WARNING ] Memory usage at 5057MB — approaching soft limit of 512MB
2025-01-01 05:52:32 [INFO    ] User login successful for user_id=9283
2025-01-01 05:52:36 [ERROR   ] Unhandled exception in worker thread-2113: IndexError
2025-01-01 05:52:39 [INFO    ] User login successful for user_id=1370
2025-01-01 05:52:41 [INFO    ] Request processed in 6838ms — endpoint /api/v1/data
2025-01-01 05:52:43 [WARNING ] Deprecated API endpoint /v1/legacy called by client 3072
2025-01-01 05:52:53 [INFO    ] Database connection pool size: 3586/20
2025-01-01 05:53:00 [WARNING ] Disk usage at 8973% on volume /dev/sda1 — consider cleanup
2025-01-01 05:53:02 [WARNING ] Retry attempt 8260 of 3 for downstream service call
2025-01-01 05:53:08 [DEBUG   ] Cache miss for key='user_profile_6261' — fetching from DB
2025-01-01 05:53:15 [DEBUG   ] Cache miss for key='user_profile_5368' — fetching from DB
2025-01-01 05:53:20 [ERROR   ] Unhandled exception in worker thread-4660: IndexError
2025-01-01 05:53:23 [DEBUG   ] Lock acquired on resource 'invoice_6606' by thread-3795
2025-01-01 05:53:24 [INFO    ] Cache hit ratio at 6207% for the last 60 seconds
2025-01-01 05:53:26 [DEBUG   ] Serializing response object — 9647 fields found
2025-01-01 05:53:32 [INFO    ] New session created — session_id=40
2025-01-01 05:53:41 [INFO    ] Cache hit ratio at 1474% for the last 60 seconds
2025-01-01 05:53:49 [INFO    ] Config reloaded from disk — version=4101
2025-01-01 05:53:55 [DEBUG   ] Checkpoint reached at loop iteration 2789
2025-01-01 05:54:04 [INFO    ] Config reloaded from disk — version=672
2025-01-01 05:54:11 [INFO    ] Cache hit ratio at 7910% for the last 60 seconds
2025-01-01 05:54:21 [CRITICAL] Security breach detected: 4958 failed login attempts from IP 10.0.3171.7079
2025-01-01 05:54:29 [INFO    ] New session created — session_id=6021
2025-01-01 05:54:32 [WARNING ] Response time exceeded threshold: 3610ms (limit: 500ms)
2025-01-01 05:54:38 [ERROR   ] Authentication token expired for user_id=1861
2025-01-01 05:54:45 [ERROR   ] Authentication token expired for user_id=4434
2025-01-01 05:54:49 [INFO    ] Cache hit ratio at 6231% for the last 60 seconds
2025-01-01 05:54:56 [INFO    ] User login successful for user_id=6723
2025-01-01 05:55:03 [INFO    ] Request processed in 3170ms — endpoint /api/v1/data
2025-01-01 05:55:12 [ERROR   ] Unhandled exception in worker thread-4534: IndexError
2025-01-01 05:55:22 [DEBUG   ] Entering function process_batch() with batch_size=9838
2025-01-01 05:55:25 [WARNING ] Retry attempt 4069 of 3 for downstream service call
2025-01-01 05:55:26 [INFO    ] Request processed in 3137ms — endpoint /api/v1/data
2025-01-01 05:55:36 [DEBUG   ] Serializing response object — 4561 fields found
2025-01-01 05:55:41 [DEBUG   ] Serializing response object — 4262 fields found
2025-01-01 05:55:45 [INFO    ] Request processed in 2294ms — endpoint /api/v1/data
2025-01-01 05:55:53 [CRITICAL] Primary database unreachable — all writes failing, queue depth: 7627
2025-01-01 05:55:59 [INFO    ] Request processed in 4403ms — endpoint /api/v1/data
2025-01-01 05:56:03 [WARNING ] Retry attempt 6391 of 3 for downstream service call
2025-01-01 05:56:10 [ERROR   ] Authentication token expired for user_id=4504
2025-01-01 05:56:19 [INFO    ] Database connection pool size: 8782/20
2025-01-01 05:56:24 [INFO    ] Request processed in 5595ms — endpoint /api/v1/data
2025-01-01 05:56:33 [INFO    ] Cache hit ratio at 5285% for the last 60 seconds
2025-01-01 05:56:42 [INFO    ] User login successful for user_id=9762
2025-01-01 05:56:43 [INFO    ] Request processed in 7665ms — endpoint /api/v1/data
2025-01-01 05:56:45 [INFO    ] User login successful for user_id=3669
2025-01-01 05:56:47 [DEBUG   ] Checkpoint reached at loop iteration 780
2025-01-01 05:56:56 [ERROR   ] File not found: /var/data/report_4915.csv
2025-01-01 05:57:06 [DEBUG   ] Cache miss for key='user_profile_5779' — fetching from DB
2025-01-01 05:57:16 [WARNING ] Memory usage at 9483MB — approaching soft limit of 512MB
2025-01-01 05:57:20 [DEBUG   ] Checkpoint reached at loop iteration 4061
2025-01-01 05:57:26 [CRITICAL] Data corruption detected in table 'transactions' at row 139
2025-01-01 05:57:36 [CRITICAL] SYSTEM SHUTDOWN INITIATED — out of memory (used: 4313MB / 512MB)
2025-01-01 05:57:45 [WARNING ] Memory usage at 5821MB — approaching soft limit of 512MB
2025-01-01 05:57:55 [INFO    ] New session created — session_id=9913
2025-01-01 05:58:05 [INFO    ] Scheduled job 'cleanup_temp_files' completed in 5229s
2025-01-01 05:58:08 [ERROR   ] Failed to connect to database after 3324 retries — giving up
2025-01-01 05:58:13 [ERROR   ] Unhandled exception in worker thread-1505: IndexError
2025-01-01 05:58:15 [INFO    ] Request processed in 7912ms — endpoint /api/v1/data
2025-01-01 05:58:16 [CRITICAL] SYSTEM SHUTDOWN INITIATED — out of memory (used: 1269MB / 512MB)
2025-01-01 05:58:26 [WARNING ] Retry attempt 7345 of 3 for downstream service call
2025-01-01 05:58:35 [INFO    ] Config reloaded from disk — version=2151
2025-01-01 05:58:36 [INFO    ] Config reloaded from disk — version=2678
2025-01-01 05:58:44 [DEBUG   ] Serializing response object — 2198 fields found
2025-01-01 05:58:46 [INFO    ] Database connection pool size: 6608/20
2025-01-01 05:58:54 [ERROR   ] Unhandled exception in worker thread-5323: IndexError
2025-01-01 05:59:02 [ERROR   ] Unhandled exception in worker thread-8935: IndexError
2025-01-01 05:59:09 [INFO    ] Config reloaded from disk — version=506
2025-01-01 05:59:19 [ERROR   ] Unhandled exception in worker thread-9918: IndexError
2025-01-01 05:59:25 [CRITICAL] Security breach detected: 2483 failed login attempts from IP 10.0.3250.2241
2025-01-01 05:59:27 [WARNING ] Deprecated API endpoint /v1/legacy called by client 836
2025-01-01 05:59:31 [INFO    ] User login successful for user_id=5208
2025-01-01 05:59:32 [INFO    ] Cache hit ratio at 822% for the last 60 seconds
2025-01-01 05:59:40 [WARNING ] Rate limit at 3109% for IP 192.168.8530.5517
2025-01-01 05:59:45 [WARNING ] Disk usage at 273% on volume /dev/sda1 — consider cleanup
2025-01-01 05:59:50 [INFO    ] Config reloaded from disk — version=4255
2025-01-01 05:59:59 [INFO    ] New session created — session_id=575
2025-01-01 06:00:02 [INFO    ] Request processed in 2796ms — endpoint /api/v1/data
2025-01-01 06:00:10 [WARNING ] Response time exceeded threshold: 4519ms (limit: 500ms)
2025-01-01 06:00:11 [INFO    ] Scheduled job 'cleanup_temp_files' completed in 3340s
2025-01-01 06:00:21 [CRITICAL] Primary database unreachable — all writes failing, queue depth: 5894
2025-01-01 06:00:30 [WARNING ] Memory usage at 5091MB — approaching soft limit of 512MB
2025-01-01 06:00:32 [DEBUG   ] SQL query executed: SELECT * FROM orders WHERE id=2616 (9264ms)
2025-01-01 06:00:34 [ERROR   ] NullPointerException in module payments.processor at line 7820
2025-01-01 06:00:43 [INFO    ] New session created — session_id=5384
2025-01-01 06:00:48 [INFO    ] Cache hit ratio at 3458% for the last 60 seconds
2025-01-01 06:00:57 [WARNING ] Response time exceeded threshold: 4685ms (limit: 500ms)
2025-01-01 06:01:03 [DEBUG   ] Lock acquired on resource 'invoice_8692' by thread-1028
2025-01-01 06:01:11 [INFO    ] Cache hit ratio at 1877% for the last 60 seconds
2025-01-01 06:01:14 [DEBUG   ] Checkpoint reached at loop iteration 7166
2025-01-01 06:01:22 [CRITICAL] Data corruption detected in table 'transactions' at row 9701
2025-01-01 06:01:31 [INFO    ] Request processed in 1907ms — endpoint /api/v1/data
2025-01-01 06:01:39 [INFO    ] User login successful for user_id=5693
2025-01-01 06:01:44 [DEBUG   ] Serializing response object — 3025 fields found
2025-01-01 06:01:52 [INFO    ] Scheduled job 'cleanup_temp_files' completed in 8451s
2025-01-01 06:01:56 [INFO    ] Scheduled job 'cleanup_temp_files' completed in 8549s
2025-01-01 06:02:00 [ERROR   ] NullPointerException in module payments.processor at line 161
2025-01-01 06:02:02 [INFO    ] Scheduled job 'cleanup_temp_files' completed in 9576s
2025-01-01 06:02:06 [DEBUG   ] Cache miss for key='user_profile_9927' — fetching from DB
2025-01-01 06:02:08 [WARNING ] Response time exceeded threshold: 9187ms (limit: 500ms)
2025-01-01 06:02:14 [DEBUG   ] Checkpoint reached at loop iteration 5425
2025-01-01 06:02:24 [ERROR   ] Unhandled exception in worker thread-8340: IndexError
2025-01-01 06:02:28 [CRITICAL] Primary database unreachable — all writes failing, queue depth: 2242
2025-01-01 06:02:30 [INFO    ] Cache hit ratio at 9749% for the last 60 seconds
2025-01-01 06:02:34 [WARNING ] Memory usage at 6029MB — approaching soft limit of 512MB
2025-01-01 06:02:41 [INFO    ] New session created — session_id=2784
2025-01-01 06:02:42 [INFO    ] Database connection pool size: 8750/20
2025-01-01 06:02:51 [ERROR   ] File not found: /var/data/report_1362.csv
2025-01-01 06:03:01 [DEBUG   ] Checkpoint reached at loop iteration 249
2025-01-01 06:03:07 [DEBUG   ] Cache miss for key='user_profile_932' — fetching from DB
2025-01-01 06:03:14 [CRITICAL] Data corruption detected in table 'transactions' at row 6184
2025-01-01 06:03:20 [INFO    ] Database connection pool size: 7520/20
2025-01-01 06:03:27 [INFO    ] Cache hit ratio at 7102% for the last 60 seconds
2025-01-01 06:03:36 [INFO    ] Database connection pool size: 4700/20
2025-01-01 06:03:38 [INFO    ] Database connection pool size: 2578/20
2025-01-01 06:03:46 [ERROR   ] Unhandled exception in worker thread-653: IndexError
2025-01-01 06:03:53 [ERROR   ] Authentication token expired for user_id=5813
2025-01-01 06:04:02 [ERROR   ] Unhandled exception in worker thread-6871: IndexError
2025-01-01 06:04:12 [INFO    ] Request processed in 9676ms — endpoint /api/v1/data
2025-01-01 06:04:19 [INFO    ] Request processed in 1988ms — endpoint /api/v1/data
2025-01-01 06:04:24 [WARNING ] Response time exceeded threshold: 7692ms (limit: 500ms)
2025-01-01 06:04:28 [INFO    ] Config reloaded from disk — version=5309
2025-01-01 06:04:32 [ERROR   ] HTTP 500 returned for request_id=8688 — internal server error
2025-01-01 06:04:35 [INFO    ] New session created — session_id=3916
2025-01-01 06:04:40 [INFO    ] Scheduled job 'cleanup_temp_files' completed in 9480s
2025-01-01 06:04:50 [INFO    ] Request processed in 8755ms — endpoint /api/v1/data
2025-01-01 06:04:57 [WARNING ] Deprecated API endpoint /v1/legacy called by client 6366
2025-01-01 06:05:04 [INFO    ] User login successful for user_id=7286
2025-01-01 06:05:09 [DEBUG   ] Entering function process_batch() with batch_size=810
2025-01-01 06:05:13 [INFO    ] Config reloaded from disk — version=5869
2025-01-01 06:05:17 [INFO    ] Scheduled job 'cleanup_temp_files' completed in 407s
2025-01-01 06:05:25 [INFO    ] Cache hit ratio at 8375% for the last 60 seconds
2025-01-01 06:05:27 [INFO    ] User login successful for user_id=1036
2025-01-01 06:05:36 [ERROR   ] Unhandled exception in worker thread-1504: IndexError
2025-01-01 06:05:45 [WARNING ] Deprecated API endpoint /v1/legacy called by client 8512
2025-01-01 06:05:54 [INFO    ] User login successful for user_id=328
2025-01-01 06:06:00 [WARNING ] Memory usage at 5657MB — approaching soft limit of 512MB
2025-01-01 06:06:05 [WARNING ] Deprecated API endpoint /v1/legacy called by client 5318
2025-01-01 06:06:10 [INFO    ] Cache hit ratio at 4737% for the last 60 seconds
2025-01-01 06:06:15 [INFO    ] Cache hit ratio at 6815% for the last 60 seconds
2025-01-01 06:06:18 [DEBUG   ] Serializing response object — 5887 fields found
2025-01-01 06:06:28 [WARNING ] Rate limit at 3660% for IP 192.168.2744.3399
2025-01-01 06:06:34 [INFO    ] Config reloaded from disk — version=4953
2025-01-01 06:06:36 [WARNING ] Response time exceeded threshold: 6826ms (limit: 500ms)
2025-01-01 06:06:44 [DEBUG   ] Serializing response object — 1857 fields found
2025-01-01 06:06:48 [DEBUG   ] Cache miss for key='user_profile_4670' — fetching from DB
2025-01-01 06:06:49 [INFO    ] Request processed in 6952ms — endpoint /api/v1/data
2025-01-01 06:06:52 [INFO    ] User login successful for user_id=7227
2025-01-01 06:06:55 [WARNING ] Deprecated API endpoint /v1/legacy called by client 5637
2025-01-01 06:06:58 [INFO    ] Config reloaded from disk — version=4379
2025-01-01 06:07:07 [INFO    ] User login successful for user_id=8543
2025-01-01 06:07:09 [INFO    ] New session created — session_id=4216
2025-01-01 06:07:16 [WARNING ] Memory usage at 1280MB — approaching soft limit of 512MB
2025-01-01 06:07:17 [ERROR   ] File not found: /var/data/report_1649.csv
2025-01-01 06:07:27 [INFO    ] User login successful for user_id=7584
2025-01-01 06:07:32 [INFO    ] User login successful for user_id=5708
2025-01-01 06:07:34 [INFO    ] Cache hit ratio at 8375% for the last 60 seconds
2025-01-01 06:07:42 [CRITICAL] Data corruption detected in table 'transactions' at row 422
2025-01-01 06:07:47 [INFO    ] Request processed in 6143ms — endpoint /api/v1/data
2025-01-01 06:07:57 [INFO    ] Config reloaded from disk — version=7837
2025-01-01 06:07:59 [INFO    ] Request processed in 6073ms — endpoint /api/v1/data
2025-01-01 06:08:01 [ERROR   ] Failed to connect to database after 331 retries — giving up
2025-01-01 06:08:04 [INFO    ] New session created — session_id=2803
2025-01-01 06:08:09 [INFO    ] User login successful for user_id=6885
2025-01-01 06:08:17 [WARNING ] Disk usage at 5952% on volume /dev/sda1 — consider cleanup
2025-01-01 06:08:26 [INFO    ] Scheduled job 'cleanup_temp_files' completed in 4994s
2025-01-01 06:08:34 [CRITICAL] Primary database unreachable — all writes failing, queue depth: 8397
2025-01-01 06:08:40 [ERROR   ] HTTP 500 returned for request_id=9410 — internal server error
2025-01-01 06:08:50 [ERROR   ] Failed to connect to database after 673 retries — giving up
2025-01-01 06:08:52 [WARNING ] Response time exceeded threshold: 5467ms (limit: 500ms)
2025-01-01 06:08:55 [ERROR   ] Authentication token expired for user_id=9385
2025-01-01 06:08:57 [INFO    ] Request processed in 6578ms — endpoint /api/v1/data
2025-01-01 06:09:07 [INFO    ] Cache hit ratio at 6795% for the last 60 seconds
2025-01-01 06:09:12 [ERROR   ] NullPointerException in module payments.processor at line 4104
2025-01-01 06:09:18 [INFO    ] Cache hit ratio at 291% for the last 60 seconds
2025-01-01 06:09:26 [INFO    ] Request processed in 6840ms — endpoint /api/v1/data
2025-01-01 06:09:36 [ERROR   ] Authentication token expired for user_id=1219
2025-01-01 06:09:46 [INFO    ] Cache hit ratio at 1183% for the last 60 seconds
2025-01-01 06:09:54 [DEBUG   ] Entering function process_batch() with batch_size=9732
2025-01-01 06:09:59 [INFO    ] New session created — session_id=3370
2025-01-01 06:10:09 [INFO    ] Database connection pool size: 88/20
2025-01-01 06:10:15 [INFO    ] Scheduled job 'cleanup_temp_files' completed in 3995s
2025-01-01 06:10:19 [INFO    ] New session created — session_id=7094
2025-01-01 06:10:26 [INFO    ] Cache hit ratio at 3870% for the last 60 seconds
2025-01-01 06:10:32 [ERROR   ] File not found: /var/data/report_3160.csv
2025-01-01 06:10:37 [INFO    ] Cache hit ratio at 3163% for the last 60 seconds
2025-01-01 06:10:47 [INFO    ] Config reloaded from disk — version=694
2025-01-01 06:10:49 [ERROR   ] File not found: /var/data/report_2129.csv
2025-01-01 06:10:50 [DEBUG   ] Serializing response object — 2853 fields found
2025-01-01 06:10:59 [WARNING ] Memory usage at 5688MB — approaching soft limit of 512MB
2025-01-01 06:11:09 [ERROR   ] Failed to connect to database after 6445 retries — giving up
2025-01-01 06:11:12 [INFO    ] Scheduled job 'cleanup_temp_files' completed in 5933s
2025-01-01 06:11:15 [DEBUG   ] Checkpoint reached at loop iteration 1798
2025-01-01 06:11:17 [WARNING ] Memory usage at 1522MB — approaching soft limit of 512MB
2025-01-01 06:11:22 [INFO    ] Request processed in 7633ms — endpoint /api/v1/data
2025-01-01 06:11:25 [INFO    ] Database connection pool size: 2571/20
2025-01-01 06:11:27 [INFO    ] Cache hit ratio at 6819% for the last 60 seconds
2025-01-01 06:11:33 [ERROR   ] NullPointerException in module payments.processor at line 4589
2025-01-01 06:11:35 [INFO    ] User login successful for user_id=1832
2025-01-01 06:11:38 [WARNING ] Rate limit at 755% for IP 192.168.6454.8541
2025-01-01 06:11:41 [INFO    ] Database connection pool size: 2233/20
2025-01-01 06:11:51 [INFO    ] Database connection pool size: 3563/20
2025-01-01 06:11:57 [INFO    ] Cache hit ratio at 3740% for the last 60 seconds
2025-01-01 06:11:58 [WARNING ] Disk usage at 2281% on volume /dev/sda1 — consider cleanup
2025-01-01 06:12:03 [INFO    ] Database connection pool size: 6816/20
2025-01-01 06:12:04 [INFO    ] Request processed in 1157ms — endpoint /api/v1/data
2025-01-01 06:12:07 [INFO    ] Scheduled job 'cleanup_temp_files' completed in 1575s
2025-01-01 06:12:12 [WARNING ] Deprecated API endpoint /v1/legacy called by client 8851
2025-01-01 06:12:22 [INFO    ] Cache hit ratio at 3091% for the last 60 seconds
2025-01-01 06:12:28 [ERROR   ] HTTP 500 returned for request_id=7152 — internal server error
2025-01-01 06:12:38 [INFO    ] Cache hit ratio at 2381% for the last 60 seconds
2025-01-01 06:12:39 [INFO    ] Config reloaded from disk — version=9669
2025-01-01 06:12:46 [INFO    ] Request processed in 51ms — endpoint /api/v1/data
2025-01-01 06:12:52 [DEBUG   ] Cache miss for key='user_profile_2526' — fetching from DB
2025-01-01 06:12:59 [INFO    ] Config reloaded from disk — version=46
2025-01-01 06:13:05 [INFO    ] Request processed in 9941ms — endpoint /api/v1/data
2025-01-01 06:13:14 [DEBUG   ] Cache miss for key='user_profile_5953' — fetching from DB
2025-01-01 06:13:15 [INFO    ] Config reloaded from disk — version=4849
2025-01-01 06:13:25 [CRITICAL] SYSTEM SHUTDOWN INITIATED — out of memory (used: 7333MB / 512MB)
2025-01-01 06:13:30 [ERROR   ] NullPointerException in module payments.processor at line 4568
2025-01-01 06:13:34 [WARNING ] Response time exceeded threshold: 3077ms (limit: 500ms)
2025-01-01 06:13:35 [DEBUG   ] Serializing response object — 2409 fields found
2025-01-01 06:13:40 [INFO    ] Cache hit ratio at 5779% for the last 60 seconds
2025-01-01 06:13:47 [ERROR   ] HTTP 500 returned for request_id=2582 — internal server error
2025-01-01 06:13:50 [INFO    ] Cache hit ratio at 3202% for the last 60 seconds
2025-01-01 06:13:59 [INFO    ] Scheduled job 'cleanup_temp_files' completed in 8536s
2025-01-01 06:14:02 [WARNING ] Rate limit at 5632% for IP 192.168.7155.6559
2025-01-01 06:14:10 [CRITICAL] Primary database unreachable — all writes failing, queue depth: 9477
2025-01-01 06:14:19 [WARNING ] Rate limit at 1984% for IP 192.168.8624.7912
2025-01-01 06:14:21 [INFO    ] Cache hit ratio at 107% for the last 60 seconds
2025-01-01 06:14:26 [WARNING ] Deprecated API endpoint /v1/legacy called by client 8463
2025-01-01 06:14:28 [INFO    ] User login successful for user_id=8547
2025-01-01 06:14:34 [INFO    ] Request processed in 2085ms — endpoint /api/v1/data
2025-01-01 06:14:38 [INFO    ] New session created — session_id=8149
2025-01-01 06:14:45 [CRITICAL] SYSTEM SHUTDOWN INITIATED — out of memory (used: 6920MB / 512MB)
2025-01-01 06:14:48 [CRITICAL] SSL certificate expires in 9120 hours — immediate action required
2025-01-01 06:14:55 [INFO    ] Config reloaded from disk — version=4728
2025-01-01 06:14:58 [INFO    ] Cache hit ratio at 9653% for the last 60 seconds
2025-01-01 06:15:05 [ERROR   ] Unhandled exception in worker thread-6498: IndexError
2025-01-01 06:15:09 [DEBUG   ] Checkpoint reached at loop iteration 94
2025-01-01 06:15:10 [INFO    ] New session created — session_id=1864
2025-01-01 06:15:15 [WARNING ] Retry attempt 9392 of 3 for downstream service call
2025-01-01 06:15:22 [ERROR   ] Authentication token expired for user_id=3715
2025-01-01 06:15:31 [ERROR   ] Failed to connect to database after 2948 retries — giving up
2025-01-01 06:15:39 [INFO    ] Scheduled job 'cleanup_temp_files' completed in 8907s
2025-01-01 06:15:42 [DEBUG   ] Lock acquired on resource 'invoice_4253' by thread-6721
2025-01-01 06:15:47 [DEBUG   ] Entering function process_batch() with batch_size=3439
2025-01-01 06:15:49 [WARNING ] Memory usage at 5628MB — approaching soft limit of 512MB
2025-01-01 06:15:55 [WARNING ] Disk usage at 7057% on volume /dev/sda1 — consider cleanup
2025-01-01 06:15:58 [INFO    ] User login successful for user_id=7097
2025-01-01 06:16:08 [INFO    ] Request processed in 8023ms — endpoint /api/v1/data
2025-01-01 06:16:16 [WARNING ] Rate limit at 7025% for IP 192.168.282.7865
2025-01-01 06:16:21 [INFO    ] Config reloaded from disk — version=8080
2025-01-01 06:16:23 [WARNING ] Retry attempt 98 of 3 for downstream service call
2025-01-01 06:16:28 [WARNING ] Disk usage at 5438% on volume /dev/sda1 — consider cleanup
2025-01-01 06:16:32 [DEBUG   ] Cache miss for key='user_profile_4753' — fetching from DB
2025-01-01 06:16:35 [INFO    ] New session created — session_id=7697
2025-01-01 06:16:45 [INFO    ] User login successful for user_id=7273
2025-01-01 06:16:51 [ERROR   ] File not found: /var/data/report_8314.csv
2025-01-01 06:16:56 [INFO    ] Config reloaded from disk — version=5786
2025-01-01 06:17:03 [DEBUG   ] Cache miss for key='user_profile_3800' — fetching from DB
2025-01-01 06:17:05 [WARNING ] Disk usage at 1033% on volume /dev/sda1 — consider cleanup
2025-01-01 06:17:12 [INFO    ] New session created — session_id=6715
2025-01-01 06:17:16 [INFO    ] Cache hit ratio at 5314% for the last 60 seconds
2025-01-01 06:17:24 [CRITICAL] Security breach detected: 9622 failed login attempts from IP 10.0.5951.4988
2025-01-01 06:17:26 [INFO    ] Cache hit ratio at 8762% for the last 60 seconds
2025-01-01 06:17:36 [INFO    ] User login successful for user_id=950
2025-01-01 06:17:44 [INFO    ] Config reloaded from disk — version=5450
2025-01-01 06:17:52 [INFO    ] Scheduled job 'cleanup_temp_files' completed in 4537s
2025-01-01 06:17:59 [WARNING ] Retry attempt 9308 of 3 for downstream service call
2025-01-01 06:18:01 [WARNING ] Rate limit at 5543% for IP 192.168.3384.8243
2025-01-01 06:18:07 [INFO    ] User login successful for user_id=4467
2025-01-01 06:18:12 [ERROR   ] Unhandled exception in worker thread-364: IndexError
2025-01-01 06:18:14 [INFO    ] Scheduled job 'cleanup_temp_files' completed in 1086s
2025-01-01 06:18:15 [ERROR   ] File not found: /var/data/report_9923.csv
2025-01-01 06:18:18 [INFO    ] Config reloaded from disk — version=8476
2025-01-01 06:18:20 [WARNING ] Rate limit at 5816% for IP 192.168.4483.805
2025-01-01 06:18:25 [INFO    ] Cache hit ratio at 8196% for the last 60 seconds
2025-01-01 06:18:31 [INFO    ] Config reloaded from disk — version=8099
2025-01-01 06:18:32 [WARNING ] Disk usage at 1096% on volume /dev/sda1 — consider cleanup
2025-01-01 06:18:35 [ERROR   ] Authentication token expired for user_id=2364
2025-01-01 06:18:39 [INFO    ] Cache hit ratio at 480% for the last 60 seconds
2025-01-01 06:18:43 [INFO    ] Database connection pool size: 9227/20
2025-01-01 06:18:53 [INFO    ] Request processed in 1589ms — endpoint /api/v1/data
2025-01-01 06:18:54 [INFO    ] Cache hit ratio at 9352% for the last 60 seconds
2025-01-01 06:18:57 [WARNING ] Rate limit at 1010% for IP 192.168.7706.7277
2025-01-01 06:19:05 [INFO    ] Config reloaded from disk — version=6797
2025-01-01 06:19:11 [INFO    ] New session created — session_id=201
2025-01-01 06:19:20 [INFO    ] New session created — session_id=1754
2025-01-01 06:19:25 [DEBUG   ] Lock acquired on resource 'invoice_8777' by thread-8359
2025-01-01 06:19:33 [WARNING ] Deprecated API endpoint /v1/legacy called by client 8530
2025-01-01 06:19:40 [WARNING ] Retry attempt 6567 of 3 for downstream service call
2025-01-01 06:19:46 [INFO    ] Database connection pool size: 3656/20
2025-01-01 06:19:50 [INFO    ] Config reloaded from disk — version=3947
2025-01-01 06:19:55 [INFO    ] User login successful for user_id=5494
2025-01-01 06:19:58 [DEBUG   ] Lock acquired on resource 'invoice_4645' by thread-5369
2025-01-01 06:20:08 [WARNING ] Memory usage at 8813MB — approaching soft limit of 512MB
2025-01-01 06:20:17 [INFO    ] Config reloaded from disk — version=7953
2025-01-01 06:20:24 [INFO    ] Database connection pool size: 8200/20
2025-01-01 06:20:33 [INFO    ] Database connection pool size: 1350/20
2025-01-01 06:20:36 [WARNING ] Deprecated API endpoint /v1/legacy called by client 1722
2025-01-01 06:20:39 [INFO    ] Request processed in 1349ms — endpoint /api/v1/data
2025-01-01 06:20:40 [ERROR   ] Unhandled exception in worker thread-7519: IndexError
2025-01-01 06:20:48 [INFO    ] Scheduled job 'cleanup_temp_files' completed in 4149s
2025-01-01 06:20:54 [DEBUG   ] SQL query executed: SELECT * FROM orders WHERE id=1319 (7362ms)
2025-01-01 06:20:56 [INFO    ] Request processed in 7854ms — endpoint /api/v1/data
2025-01-01 06:20:59 [CRITICAL] Data corruption detected in table 'transactions' at row 729
2025-01-01 06:21:01 [WARNING ] Rate limit at 5404% for IP 192.168.395.37
2025-01-01 06:21:11 [INFO    ] Cache hit ratio at 5946% for the last 60 seconds
2025-01-01 06:21:21 [WARNING ] Retry attempt 7583 of 3 for downstream service call
2025-01-01 06:21:30 [INFO    ] Scheduled job 'cleanup_temp_files' completed in 4066s
2025-01-01 06:21:37 [WARNING ] Disk usage at 795% on volume /dev/sda1 — consider cleanup
2025-01-01 06:21:41 [ERROR   ] Failed to connect to database after 5211 retries — giving up
2025-01-01 06:21:44 [INFO    ] Cache hit ratio at 3631% for the last 60 seconds
2025-01-01 06:21:47 [INFO    ] Database connection pool size: 8640/20
2025-01-01 06:21:53 [DEBUG   ] Cache miss for key='user_profile_794' — fetching from DB
2025-01-01 06:22:00 [ERROR   ] File not found: /var/data/report_7902.csv
2025-01-01 06:22:04 [INFO    ] Cache hit ratio at 8840% for the last 60 seconds
2025-01-01 06:22:11 [INFO    ] Cache hit ratio at 7353% for the last 60 seconds
2025-01-01 06:22:18 [CRITICAL] SYSTEM SHUTDOWN INITIATED — out of memory (used: 8232MB / 512MB)
2025-01-01 06:22:28 [INFO    ] New session created — session_id=7445
2025-01-01 06:22:30 [INFO    ] Config reloaded from disk — version=6663
2025-01-01 06:22:32 [INFO    ] Request processed in 5914ms — endpoint /api/v1/data
2025-01-01 06:22:34 [WARNING ] Memory usage at 2144MB — approaching soft limit of 512MB
2025-01-01 06:22:43 [INFO    ] Cache hit ratio at 5888% for the last 60 seconds
2025-01-01 06:22:48 [INFO    ] Cache hit ratio at 4413% for the last 60 seconds
2025-01-01 06:22:51 [INFO    ] Scheduled job 'cleanup_temp_files' completed in 9325s
2025-01-01 06:22:55 [INFO    ] Cache hit ratio at 5656% for the last 60 seconds
2025-01-01 06:23:00 [WARNING ] Deprecated API endpoint /v1/legacy called by client 5439
2025-01-01 06:23:08 [INFO    ] Database connection pool size: 7899/20
2025-01-01 06:23:12 [ERROR   ] Failed to connect to database after 8848 retries — giving up
2025-01-01 06:23:14 [WARNING ] Disk usage at 504% on volume /dev/sda1 — consider cleanup
2025-01-01 06:23:23 [DEBUG   ] Checkpoint reached at loop iteration 9965
2025-01-01 06:23:24 [INFO    ] Database connection pool size: 5771/20
2025-01-01 06:23:34 [DEBUG   ] Cache miss for key='user_profile_8798' — fetching from DB
2025-01-01 06:23:35 [INFO    ] Scheduled job 'cleanup_temp_files' completed in 7236s
2025-01-01 06:23:37 [DEBUG   ] Serializing response object — 6814 fields found
2025-01-01 06:23:38 [INFO    ] New session created — session_id=3842
2025-01-01 06:23:46 [DEBUG   ] Entering function process_batch() with batch_size=2954
2025-01-01 06:23:49 [INFO    ] Request processed in 4417ms — endpoint /api/v1/data
2025-01-01 06:23:59 [ERROR   ] HTTP 500 returned for request_id=945 — internal server error
2025-01-01 06:24:08 [INFO    ] Cache hit ratio at 8607% for the last 60 seconds
2025-01-01 06:24:14 [INFO    ] Scheduled job 'cleanup_temp_files' completed in 1077s
2025-01-01 06:24:16 [INFO    ] Database connection pool size: 666/20
2025-01-01 06:24:17 [CRITICAL] Primary database unreachable — all writes failing, queue depth: 4772
2025-01-01 06:24:26 [INFO    ] Cache hit ratio at 1555% for the last 60 seconds
2025-01-01 06:24:30 [INFO    ] New session created — session_id=8036
2025-01-01 06:24:37 [DEBUG   ] Cache miss for key='user_profile_8267' — fetching from DB
2025-01-01 06:24:47 [INFO    ] Request processed in 4813ms — endpoint /api/v1/data
2025-01-01 06:24:56 [ERROR   ] NullPointerException in module payments.processor at line 7588
2025-01-01 06:25:02 [INFO    ] Cache hit ratio at 3677% for the last 60 seconds
2025-01-01 06:25:08 [INFO    ] Scheduled job 'cleanup_temp_files' completed in 4182s
2025-01-01 06:25:09 [ERROR   ] File not found: /var/data/report_5231.csv
2025-01-01 06:25:10 [ERROR   ] NullPointerException in module payments.processor at line 7894
2025-01-01 06:25:20 [WARNING ] Retry attempt 8816 of 3 for downstream service call
2025-01-01 06:25:24 [INFO    ] Config reloaded from disk — version=3219
2025-01-01 06:25:27 [INFO    ] Database connection pool size: 1182/20
2025-01-01 06:25:30 [INFO    ] Scheduled job 'cleanup_temp_files' completed in 1687s
2025-01-01 06:25:35 [INFO    ] User login successful for user_id=6928
2025-01-01 06:25:38 [DEBUG   ] Cache miss for key='user_profile_2416' — fetching from DB
2025-01-01 06:25:41 [INFO    ] New session created — session_id=2780
2025-01-01 06:25:50 [INFO    ] Cache hit ratio at 2634% for the last 60 seconds
2025-01-01 06:25:51 [INFO    ] Scheduled job 'cleanup_temp_files' completed in 972s
2025-01-01 06:25:54 [INFO    ] Config reloaded from disk — version=3629
2025-01-01 06:26:03 [DEBUG   ] Cache miss for key='user_profile_6926' — fetching from DB
2025-01-01 06:26:08 [DEBUG   ] SQL query executed: SELECT * FROM orders WHERE id=7941 (278ms)
2025-01-01 06:26:18 [CRITICAL] SYSTEM SHUTDOWN INITIATED — out of memory (used: 106MB / 512MB)
2025-01-01 06:26:22 [INFO    ] Config reloaded from disk — version=4289
2025-01-01 06:26:23 [ERROR   ] Failed to connect to database after 9971 retries — giving up
2025-01-01 06:26:24 [CRITICAL] Security breach detected: 9445 failed login attempts from IP 10.0.7846.3571
2025-01-01 06:26:25 [INFO    ] Request processed in 4792ms — endpoint /api/v1/data
2025-01-01 06:26:34 [INFO    ] Scheduled job 'cleanup_temp_files' completed in 4928s
2025-01-01 06:26:36 [CRITICAL] SYSTEM SHUTDOWN INITIATED — out of memory (used: 4242MB / 512MB)
2025-01-01 06:26:40 [INFO    ] New session created — session_id=362
2025-01-01 06:26:47 [INFO    ] Database connection pool size: 2762/20
2025-01-01 06:26:51 [INFO    ] Scheduled job 'cleanup_temp_files' completed in 351s
2025-01-01 06:26:59 [WARNING ] Memory usage at 2290MB — approaching soft limit of 512MB
2025-01-01 06:27:09 [WARNING ] Retry attempt 9294 of 3 for downstream service call
2025-01-01 06:27:18 [INFO    ] User login successful for user_id=8900
2025-01-01 06:27:22 [ERROR   ] Failed to connect to database after 7358 retries — giving up
2025-01-01 06:27:28 [INFO    ] Request processed in 4662ms — endpoint /api/v1/data
2025-01-01 06:27:29 [INFO    ] New session created — session_id=6517
2025-01-01 06:27:38 [DEBUG   ] SQL query executed: SELECT * FROM orders WHERE id=9453 (7660ms)
2025-01-01 06:27:42 [WARNING ] Disk usage at 3484% on volume /dev/sda1 — consider cleanup
2025-01-01 06:27:48 [WARNING ] Response time exceeded threshold: 6527ms (limit: 500ms)
2025-01-01 06:27:51 [WARNING ] Disk usage at 489% on volume /dev/sda1 — consider cleanup
2025-01-01 06:27:57 [ERROR   ] Failed to connect to database after 4948 retries — giving up
2025-01-01 06:27:59 [INFO    ] User login successful for user_id=7784
2025-01-01 06:28:03 [INFO    ] Request processed in 6562ms — endpoint /api/v1/data
2025-01-01 06:28:05 [CRITICAL] Primary database unreachable — all writes failing, queue depth: 1741
2025-01-01 06:28:08 [WARNING ] Response time exceeded threshold: 1617ms (limit: 500ms)
2025-01-01 06:28:16 [WARNING ] Rate limit at 2336% for IP 192.168.1261.3205
2025-01-01 06:28:18 [ERROR   ] HTTP 500 returned for request_id=2746 — internal server error
2025-01-01 06:28:27 [WARNING ] Deprecated API endpoint /v1/legacy called by client 6701
2025-01-01 06:28:32 [DEBUG   ] Serializing response object — 7748 fields found
2025-01-01 06:28:33 [INFO    ] User login successful for user_id=9981
2025-01-01 06:28:36 [INFO    ] Config reloaded from disk — version=7926
2025-01-01 06:28:39 [INFO    ] Cache hit ratio at 3126% for the last 60 seconds
2025-01-01 06:28:49 [INFO    ] Config reloaded from disk — version=3683
2025-01-01 06:28:53 [CRITICAL] Primary database unreachable — all writes failing, queue depth: 7957
2025-01-01 06:28:54 [ERROR   ] Unhandled exception in worker thread-5422: IndexError
2025-01-01 06:28:58 [WARNING ] Retry attempt 2009 of 3 for downstream service call
2025-01-01 06:29:07 [WARNING ] Response time exceeded threshold: 7317ms (limit: 500ms)
2025-01-01 06:29:08 [WARNING ] Disk usage at 3237% on volume /dev/sda1 — consider cleanup
2025-01-01 06:29:15 [INFO    ] Cache hit ratio at 766% for the last 60 seconds
2025-01-01 06:29:23 [WARNING ] Memory usage at 9020MB — approaching soft limit of 512MB
2025-01-01 06:29:31 [ERROR   ] Failed to connect to database after 2389 retries — giving up
2025-01-01 06:29:41 [INFO    ] Scheduled job 'cleanup_temp_files' completed in 4796s
2025-01-01 06:29:42 [ERROR   ] File not found: /var/data/report_5454.csv
2025-01-01 06:29:49 [WARNING ] Rate limit at 3653% for IP 192.168.9322.6296
2025-01-01 06:29:57 [ERROR   ] File not found: /var/data/report_1645.csv
2025-01-01 06:30:04 [INFO    ] Request processed in 8540ms — endpoint /api/v1/data
2025-01-01 06:30:07 [WARNING ] Deprecated API endpoint /v1/legacy called by client 7426
2025-01-01 06:30:10 [INFO    ] Database connection pool size: 3349/20
2025-01-01 06:30:20 [INFO    ] Request processed in 6214ms — endpoint /api/v1/data
2025-01-01 06:30:27 [INFO    ] Config reloaded from disk — version=9220
2025-01-01 06:30:35 [INFO    ] Database connection pool size: 656/20
2025-01-01 06:30:40 [INFO    ] Request processed in 4545ms — endpoint /api/v1/data
2025-01-01 06:30:44 [INFO    ] Cache hit ratio at 3342% for the last 60 seconds
2025-01-01 06:30:46 [INFO    ] Cache hit ratio at 4230% for the last 60 seconds
2025-01-01 06:30:52 [INFO    ] Scheduled job 'cleanup_temp_files' completed in 6095s
2025-01-01 06:30:53 [WARNING ] Memory usage at 1706MB — approaching soft limit of 512MB
2025-01-01 06:30:55 [WARNING ] Disk usage at 4839% on volume /dev/sda1 — consider cleanup
2025-01-01 06:31:03 [WARNING ] Disk usage at 4917% on volume /dev/sda1 — consider cleanup
2025-01-01 06:31:09 [WARNING ] Response time exceeded threshold: 3500ms (limit: 500ms)
2025-01-01 06:31:10 [WARNING ] Deprecated API endpoint /v1/legacy called by client 1687
2025-01-01 06:31:17 [INFO    ] New session created — session_id=7995
2025-01-01 06:31:25 [DEBUG   ] Checkpoint reached at loop iteration 3270
2025-01-01 06:31:34 [WARNING ] Memory usage at 9658MB — approaching soft limit of 512MB
2025-01-01 06:31:44 [WARNING ] Deprecated API endpoint /v1/legacy called by client 8522
2025-01-01 06:31:51 [WARNING ] Response time exceeded threshold: 590ms (limit: 500ms)
2025-01-01 06:31:57 [CRITICAL] Primary database unreachable — all writes failing, queue depth: 8205
2025-01-01 06:32:07 [DEBUG   ] Checkpoint reached at loop iteration 2265
2025-01-01 06:32:14 [INFO    ] New session created — session_id=5259
2025-01-01 06:32:19 [WARNING ] Disk usage at 1862% on volume /dev/sda1 — consider cleanup
2025-01-01 06:32:27 [WARNING ] Response time exceeded threshold: 4807ms (limit: 500ms)
2025-01-01 06:32:31 [CRITICAL] SSL certificate expires in 5551 hours — immediate action required
2025-01-01 06:32:34 [WARNING ] Rate limit at 9873% for IP 192.168.3027.1397
2025-01-01 06:32:38 [WARNING ] Rate limit at 555% for IP 192.168.1006.2539
2025-01-01 06:32:42 [ERROR   ] Unhandled exception in worker thread-7423: IndexError
2025-01-01 06:32:48 [INFO    ] Cache hit ratio at 4948% for the last 60 seconds
2025-01-01 06:32:55 [DEBUG   ] SQL query executed: SELECT * FROM orders WHERE id=1336 (9400ms)
2025-01-01 06:33:02 [INFO    ] User login successful for user_id=1210
2025-01-01 06:33:11 [INFO    ] Config reloaded from disk — version=7749
2025-01-01 06:33:12 [ERROR   ] NullPointerException in module payments.processor at line 2235
2025-01-01 06:33:17 [INFO    ] Scheduled job 'cleanup_temp_files' completed in 460s
2025-01-01 06:33:23 [WARNING ] Disk usage at 8592% on volume /dev/sda1 — consider cleanup
2025-01-01 06:33:33 [INFO    ] Cache hit ratio at 3719% for the last 60 seconds
2025-01-01 06:33:43 [CRITICAL] Security breach detected: 5832 failed login attempts from IP 10.0.9536.8501
2025-01-01 06:33:52 [CRITICAL] Data corruption detected in table 'transactions' at row 3171
2025-01-01 06:33:54 [INFO    ] Database connection pool size: 4803/20
2025-01-01 06:33:59 [WARNING ] Rate limit at 9387% for IP 192.168.2560.6375
2025-01-01 06:34:05 [WARNING ] Deprecated API endpoint /v1/legacy called by client 3579
2025-01-01 06:34:09 [ERROR   ] Failed to connect to database after 6139 retries — giving up
2025-01-01 06:34:16 [CRITICAL] Data corruption detected in table 'transactions' at row 7615
2025-01-01 06:34:25 [WARNING ] Retry attempt 4470 of 3 for downstream service call
2025-01-01 06:34:35 [INFO    ] Request processed in 3387ms — endpoint /api/v1/data
2025-01-01 06:34:40 [DEBUG   ] Entering function process_batch() with batch_size=3667
2025-01-01 06:34:45 [INFO    ] Cache hit ratio at 8483% for the last 60 seconds
2025-01-01 06:34:54 [WARNING ] Disk usage at 1536% on volume /dev/sda1 — consider cleanup
2025-01-01 06:35:00 [INFO    ] Database connection pool size: 5153/20
2025-01-01 06:35:07 [INFO    ] New session created — session_id=8819
2025-01-01 06:35:15 [CRITICAL] Primary database unreachable — all writes failing, queue depth: 4966
2025-01-01 06:35:18 [WARNING ] Deprecated API endpoint /v1/legacy called by client 7064
2025-01-01 06:35:26 [WARNING ] Retry attempt 9806 of 3 for downstream service call
2025-01-01 06:35:28 [INFO    ] Database connection pool size: 1079/20
2025-01-01 06:35:30 [ERROR   ] Unhandled exception in worker thread-2061: IndexError
2025-01-01 06:35:32 [INFO    ] Database connection pool size: 3303/20
2025-01-01 06:35:33 [WARNING ] Retry attempt 2363 of 3 for downstream service call
2025-01-01 06:35:36 [INFO    ] User login successful for user_id=4908
2025-01-01 06:35:37 [INFO    ] New session created — session_id=3828
2025-01-01 06:35:40 [INFO    ] New session created — session_id=9330
2025-01-01 06:35:43 [INFO    ] Request processed in 2025ms — endpoint /api/v1/data
2025-01-01 06:35:46 [CRITICAL] SYSTEM SHUTDOWN INITIATED — out of memory (used: 1777MB / 512MB)
2025-01-01 06:35:54 [ERROR   ] Failed to connect to database after 1708 retries — giving up
2025-01-01 06:36:02 [ERROR   ] File not found: /var/data/report_1603.csv
2025-01-01 06:36:05 [INFO    ] Config reloaded from disk — version=6542
2025-01-01 06:36:08 [INFO    ] Request processed in 3756ms — endpoint /api/v1/data
2025-01-01 06:36:11 [INFO    ] Scheduled job 'cleanup_temp_files' completed in 2041s
2025-01-01 06:36:17 [WARNING ] Memory usage at 2423MB — approaching soft limit of 512MB
2025-01-01 06:36:24 [CRITICAL] Data corruption detected in table 'transactions' at row 5253
2025-01-01 06:36:25 [INFO    ] New session created — session_id=9809
2025-01-01 06:36:30 [ERROR   ] Failed to connect to database after 5765 retries — giving up
2025-01-01 06:36:37 [INFO    ] Request processed in 4293ms — endpoint /api/v1/data
2025-01-01 06:36:44 [WARNING ] Deprecated API endpoint /v1/legacy called by client 4787
2025-01-01 06:36:46 [WARNING ] Disk usage at 2101% on volume /dev/sda1 — consider cleanup
2025-01-01 06:36:53 [WARNING ] Memory usage at 3844MB — approaching soft limit of 512MB
2025-01-01 06:36:57 [DEBUG   ] Cache miss for key='user_profile_1348' — fetching from DB
2025-01-01 06:37:07 [INFO    ] Database connection pool size: 7735/20
2025-01-01 06:37:15 [INFO    ] Cache hit ratio at 8859% for the last 60 seconds
2025-01-01 06:37:21 [INFO    ] Request processed in 3617ms — endpoint /api/v1/data
2025-01-01 06:37:26 [INFO    ] User login successful for user_id=5570
2025-01-01 06:37:30 [WARNING ] Disk usage at 481% on volume /dev/sda1 — consider cleanup
2025-01-01 06:37:37 [INFO    ] Scheduled job 'cleanup_temp_files' completed in 3839s
2025-01-01 06:37:46 [INFO    ] Request processed in 9824ms — endpoint /api/v1/data
2025-01-01 06:37:55 [WARNING ] Retry attempt 957 of 3 for downstream service call
2025-01-01 06:38:03 [INFO    ] User login successful for user_id=214
2025-01-01 06:38:08 [INFO    ] Request processed in 9932ms — endpoint /api/v1/data
2025-01-01 06:38:16 [WARNING ] Memory usage at 2491MB — approaching soft limit of 512MB
2025-01-01 06:38:17 [WARNING ] Deprecated API endpoint /v1/legacy called by client 3894
2025-01-01 06:38:25 [ERROR   ] HTTP 500 returned for request_id=9079 — internal server error
2025-01-01 06:38:27 [WARNING ] Response time exceeded threshold: 2146ms (limit: 500ms)
2025-01-01 06:38:35 [ERROR   ] File not found: /var/data/report_9918.csv
2025-01-01 06:38:39 [DEBUG   ] Checkpoint reached at loop iteration 733
2025-01-01 06:38:40 [ERROR   ] File not found: /var/data/report_7036.csv
2025-01-01 06:38:46 [ERROR   ] File not found: /var/data/report_8330.csv
2025-01-01 06:38:54 [CRITICAL] SYSTEM SHUTDOWN INITIATED — out of memory (used: 4258MB / 512MB)
2025-01-01 06:39:04 [WARNING ] Disk usage at 4175% on volume /dev/sda1 — consider cleanup
2025-01-01 06:39:12 [ERROR   ] Authentication token expired for user_id=7716
2025-01-01 06:39:22 [INFO    ] Database connection pool size: 8705/20
2025-01-01 06:39:30 [WARNING ] Response time exceeded threshold: 9578ms (limit: 500ms)
2025-01-01 06:39:38 [INFO    ] User login successful for user_id=2949
2025-01-01 06:39:47 [WARNING ] Memory usage at 1543MB — approaching soft limit of 512MB
2025-01-01 06:39:57 [DEBUG   ] Lock acquired on resource 'invoice_7325' by thread-5284
2025-01-01 06:40:00 [INFO    ] Database connection pool size: 6780/20
2025-01-01 06:40:10 [CRITICAL] Security breach detected: 6926 failed login attempts from IP 10.0.2842.941
2025-01-01 06:40:16 [WARNING ] Response time exceeded threshold: 3502ms (limit: 500ms)
2025-01-01 06:40:19 [INFO    ] New session created — session_id=7582
2025-01-01 06:40:28 [INFO    ] Request processed in 380ms — endpoint /api/v1/data
2025-01-01 06:40:33 [INFO    ] Cache hit ratio at 705% for the last 60 seconds
2025-01-01 06:40:35 [DEBUG   ] Serializing response object — 1494 fields found
2025-01-01 06:40:37 [INFO    ] User login successful for user_id=9703
2025-01-01 06:40:43 [INFO    ] Cache hit ratio at 3524% for the last 60 seconds
2025-01-01 06:40:44 [WARNING ] Response time exceeded threshold: 56ms (limit: 500ms)
2025-01-01 06:40:53 [INFO    ] Request processed in 3102ms — endpoint /api/v1/data
2025-01-01 06:41:03 [ERROR   ] NullPointerException in module payments.processor at line 5211
2025-01-01 06:41:06 [WARNING ] Rate limit at 8051% for IP 192.168.2506.3764
2025-01-01 06:41:11 [DEBUG   ] Checkpoint reached at loop iteration 9310
2025-01-01 06:41:14 [ERROR   ] File not found: /var/data/report_1946.csv
2025-01-01 06:41:15 [DEBUG   ] Cache miss for key='user_profile_1003' — fetching from DB
2025-01-01 06:41:23 [CRITICAL] Primary database unreachable — all writes failing, queue depth: 8173
2025-01-01 06:41:27 [INFO    ] Scheduled job 'cleanup_temp_files' completed in 6878s
2025-01-01 06:41:28 [INFO    ] Request processed in 5054ms — endpoint /api/v1/data
2025-01-01 06:41:30 [WARNING ] Disk usage at 8420% on volume /dev/sda1 — consider cleanup
2025-01-01 06:41:37 [WARNING ] Disk usage at 1069% on volume /dev/sda1 — consider cleanup
2025-01-01 06:41:39 [INFO    ] Scheduled job 'cleanup_temp_files' completed in 9944s
2025-01-01 06:41:49 [INFO    ] Scheduled job 'cleanup_temp_files' completed in 8570s
2025-01-01 06:41:57 [INFO    ] New session created — session_id=6752
2025-01-01 06:42:06 [INFO    ] Cache hit ratio at 6721% for the last 60 seconds
2025-01-01 06:42:16 [WARNING ] Memory usage at 436MB — approaching soft limit of 512MB
2025-01-01 06:42:26 [INFO    ] Scheduled job 'cleanup_temp_files' completed in 6560s
2025-01-01 06:42:36 [WARNING ] Rate limit at 5707% for IP 192.168.2802.7425
2025-01-01 06:42:44 [INFO    ] Cache hit ratio at 9351% for the last 60 seconds
2025-01-01 06:42:49 [ERROR   ] NullPointerException in module payments.processor at line 4073
2025-01-01 06:42:55 [WARNING ] Response time exceeded threshold: 2249ms (limit: 500ms)
2025-01-01 06:42:57 [INFO    ] Database connection pool size: 6289/20
2025-01-01 06:42:58 [ERROR   ] Failed to connect to database after 1801 retries — giving up
2025-01-01 06:43:05 [DEBUG   ] Checkpoint reached at loop iteration 3522
2025-01-01 06:43:13 [INFO    ] User login successful for user_id=1290
2025-01-01 06:43:21 [ERROR   ] File not found: /var/data/report_904.csv
2025-01-01 06:43:22 [DEBUG   ] Checkpoint reached at loop iteration 6069
2025-01-01 06:43:23 [WARNING ] Retry attempt 4895 of 3 for downstream service call
2025-01-01 06:43:27 [INFO    ] Request processed in 1520ms — endpoint /api/v1/data
2025-01-01 06:43:36 [INFO    ] Scheduled job 'cleanup_temp_files' completed in 2350s
2025-01-01 06:43:37 [ERROR   ] Failed to connect to database after 2170 retries — giving up
2025-01-01 06:43:41 [INFO    ] Request processed in 2464ms — endpoint /api/v1/data
2025-01-01 06:43:49 [ERROR   ] Failed to connect to database after 7464 retries — giving up
2025-01-01 06:43:55 [INFO    ] Request processed in 1320ms — endpoint /api/v1/data
2025-01-01 06:44:03 [WARNING ] Rate limit at 2462% for IP 192.168.5510.4897
2025-01-01 06:44:06 [INFO    ] User login successful for user_id=5095
2025-01-01 06:44:08 [INFO    ] User login successful for user_id=6601
2025-01-01 06:44:18 [WARNING ] Retry attempt 2594 of 3 for downstream service call
2025-01-01 06:44:24 [INFO    ] Database connection pool size: 2145/20
2025-01-01 06:44:31 [WARNING ] Disk usage at 417% on volume /dev/sda1 — consider cleanup
2025-01-01 06:44:37 [INFO    ] Request processed in 553ms — endpoint /api/v1/data
2025-01-01 06:44:47 [DEBUG   ] Entering function process_batch() with batch_size=8790
2025-01-01 06:44:54 [INFO    ] Scheduled job 'cleanup_temp_files' completed in 3714s
2025-01-01 06:45:03 [DEBUG   ] SQL query executed: SELECT * FROM orders WHERE id=1723 (5114ms)
2025-01-01 06:45:09 [ERROR   ] Unhandled exception in worker thread-3787: IndexError
2025-01-01 06:45:14 [CRITICAL] Primary database unreachable — all writes failing, queue depth: 4750
2025-01-01 06:45:22 [INFO    ] Scheduled job 'cleanup_temp_files' completed in 5612s
2025-01-01 06:45:30 [INFO    ] Cache hit ratio at 1189% for the last 60 seconds
2025-01-01 06:45:38 [INFO    ] New session created — session_id=4103
2025-01-01 06:45:42 [INFO    ] User login successful for user_id=3419
2025-01-01 06:45:50 [INFO    ] User login successful for user_id=5973
2025-01-01 06:45:55 [WARNING ] Disk usage at 184% on volume /dev/sda1 — consider cleanup
2025-01-01 06:46:05 [INFO    ] Request processed in 6076ms — endpoint /api/v1/data
2025-01-01 06:46:07 [ERROR   ] File not found: /var/data/report_8218.csv
2025-01-01 06:46:13 [DEBUG   ] Lock acquired on resource 'invoice_1729' by thread-1951
2025-01-01 06:46:21 [DEBUG   ] Serializing response object — 9644 fields found
2025-01-01 06:46:31 [INFO    ] Request processed in 9768ms — endpoint /api/v1/data
2025-01-01 06:46:36 [WARNING ] Retry attempt 961 of 3 for downstream service call
2025-01-01 06:46:39 [INFO    ] User login successful for user_id=9230
2025-01-01 06:46:44 [INFO    ] Cache hit ratio at 8021% for the last 60 seconds
2025-01-01 06:46:46 [INFO    ] Request processed in 3618ms — endpoint /api/v1/data
2025-01-01 06:46:54 [ERROR   ] Unhandled exception in worker thread-3789: IndexError
2025-01-01 06:47:00 [WARNING ] Rate limit at 7816% for IP 192.168.5458.9449
2025-01-01 06:47:01 [WARNING ] Response time exceeded threshold: 247ms (limit: 500ms)
2025-01-01 06:47:05 [INFO    ] Scheduled job 'cleanup_temp_files' completed in 1574s
2025-01-01 06:47:15 [INFO    ] New session created — session_id=5402
2025-01-01 06:47:17 [INFO    ] Request processed in 5409ms — endpoint /api/v1/data
2025-01-01 06:47:25 [ERROR   ] File not found: /var/data/report_2043.csv
2025-01-01 06:47:35 [INFO    ] Cache hit ratio at 7749% for the last 60 seconds
2025-01-01 06:47:42 [INFO    ] Scheduled job 'cleanup_temp_files' completed in 7053s
2025-01-01 06:47:51 [INFO    ] Database connection pool size: 9448/20
2025-01-01 06:47:59 [WARNING ] Memory usage at 9931MB — approaching soft limit of 512MB
2025-01-01 06:48:02 [INFO    ] Config reloaded from disk — version=898
2025-01-01 06:48:03 [INFO    ] Cache hit ratio at 4639% for the last 60 seconds
2025-01-01 06:48:06 [DEBUG   ] Entering function process_batch() with batch_size=4809
2025-01-01 06:48:08 [WARNING ] Disk usage at 8805% on volume /dev/sda1 — consider cleanup
2025-01-01 06:48:14 [INFO    ] Request processed in 2776ms — endpoint /api/v1/data
2025-01-01 06:48:22 [WARNING ] Retry attempt 4698 of 3 for downstream service call
2025-01-01 06:48:26 [CRITICAL] Primary database unreachable — all writes failing, queue depth: 3774
2025-01-01 06:48:28 [INFO    ] Config reloaded from disk — version=9945
2025-01-01 06:48:36 [CRITICAL] Data corruption detected in table 'transactions' at row 4542
2025-01-01 06:48:44 [INFO    ] User login successful for user_id=9321
2025-01-01 06:48:46 [WARNING ] Response time exceeded threshold: 9744ms (limit: 500ms)
2025-01-01 06:48:53 [WARNING ] Retry attempt 4387 of 3 for downstream service call
2025-01-01 06:49:02 [ERROR   ] NullPointerException in module payments.processor at line 5566
2025-01-01 06:49:11 [WARNING ] Disk usage at 7244% on volume /dev/sda1 — consider cleanup
2025-01-01 06:49:21 [INFO    ] User login successful for user_id=2838
2025-01-01 06:49:22 [INFO    ] Request processed in 6103ms — endpoint /api/v1/data
2025-01-01 06:49:32 [ERROR   ] File not found: /var/data/report_2879.csv
2025-01-01 06:49:36 [WARNING ] Disk usage at 619% on volume /dev/sda1 — consider cleanup
2025-01-01 06:49:46 [INFO    ] Cache hit ratio at 4485% for the last 60 seconds
2025-01-01 06:49:56 [WARNING ] Deprecated API endpoint /v1/legacy called by client 427
2025-01-01 06:50:04 [INFO    ] Cache hit ratio at 3566% for the last 60 seconds
2025-01-01 06:50:09 [ERROR   ] HTTP 500 returned for request_id=7252 — internal server error
2025-01-01 06:50:17 [DEBUG   ] Cache miss for key='user_profile_1229' — fetching from DB
2025-01-01 06:50:21 [DEBUG   ] Serializing response object — 6652 fields found
2025-01-01 06:50:31 [ERROR   ] HTTP 500 returned for request_id=1039 — internal server error
2025-01-01 06:50:39 [INFO    ] Request processed in 4598ms — endpoint /api/v1/data
2025-01-01 06:50:45 [WARNING ] Memory usage at 6932MB — approaching soft limit of 512MB
2025-01-01 06:50:49 [WARNING ] Response time exceeded threshold: 9090ms (limit: 500ms)
2025-01-01 06:50:54 [INFO    ] Request processed in 4055ms — endpoint /api/v1/data
2025-01-01 06:50:59 [CRITICAL] Primary database unreachable — all writes failing, queue depth: 1546
2025-01-01 06:51:08 [ERROR   ] Failed to connect to database after 2565 retries — giving up
2025-01-01 06:51:17 [INFO    ] Database connection pool size: 4447/20
2025-01-01 06:51:26 [INFO    ] User login successful for user_id=3258
2025-01-01 06:51:30 [DEBUG   ] Cache miss for key='user_profile_4875' — fetching from DB
2025-01-01 06:51:32 [INFO    ] Database connection pool size: 2321/20
2025-01-01 06:51:39 [INFO    ] Database connection pool size: 1778/20
2025-01-01 06:51:42 [WARNING ] Response time exceeded threshold: 2982ms (limit: 500ms)
2025-01-01 06:51:49 [WARNING ] Response time exceeded threshold: 8977ms (limit: 500ms)
2025-01-01 06:51:51 [INFO    ] New session created — session_id=9742
2025-01-01 06:51:56 [INFO    ] Scheduled job 'cleanup_temp_files' completed in 2797s
2025-01-01 06:52:04 [ERROR   ] File not found: /var/data/report_9449.csv
2025-01-01 06:52:07 [INFO    ] Config reloaded from disk — version=4108
2025-01-01 06:52:10 [DEBUG   ] Lock acquired on resource 'invoice_3805' by thread-7322
2025-01-01 06:52:18 [WARNING ] Rate limit at 3528% for IP 192.168.8050.10
2025-01-01 06:52:21 [INFO    ] Scheduled job 'cleanup_temp_files' completed in 8793s
2025-01-01 06:52:26 [ERROR   ] Unhandled exception in worker thread-8385: IndexError
2025-01-01 06:52:31 [INFO    ] Cache hit ratio at 338% for the last 60 seconds
2025-01-01 06:52:38 [DEBUG   ] Checkpoint reached at loop iteration 6859
2025-01-01 06:52:43 [INFO    ] User login successful for user_id=7000
2025-01-01 06:52:48 [INFO    ] Cache hit ratio at 1811% for the last 60 seconds
2025-01-01 06:52:58 [INFO    ] Scheduled job 'cleanup_temp_files' completed in 1266s
2025-01-01 06:53:02 [WARNING ] Disk usage at 7780% on volume /dev/sda1 — consider cleanup
2025-01-01 06:53:12 [ERROR   ] Unhandled exception in worker thread-8196: IndexError
2025-01-01 06:53:16 [DEBUG   ] SQL query executed: SELECT * FROM orders WHERE id=9567 (1039ms)
2025-01-01 06:53:23 [INFO    ] Config reloaded from disk — version=3997
2025-01-01 06:53:25 [INFO    ] Database connection pool size: 2215/20
2025-01-01 06:53:35 [ERROR   ] Failed to connect to database after 1281 retries — giving up
2025-01-01 06:53:42 [ERROR   ] NullPointerException in module payments.processor at line 6644
2025-01-01 06:53:52 [ERROR   ] Failed to connect to database after 8110 retries — giving up
2025-01-01 06:53:57 [INFO    ] Cache hit ratio at 5687% for the last 60 seconds
2025-01-01 06:54:07 [INFO    ] New session created — session_id=9287
2025-01-01 06:54:11 [WARNING ] Deprecated API endpoint /v1/legacy called by client 8811
2025-01-01 06:54:12 [INFO    ] Request processed in 4826ms — endpoint /api/v1/data
2025-01-01 06:54:19 [WARNING ] Response time exceeded threshold: 9077ms (limit: 500ms)
2025-01-01 06:54:24 [INFO    ] Config reloaded from disk — version=8724
2025-01-01 06:54:33 [INFO    ] Config reloaded from disk — version=2240
2025-01-01 06:54:37 [ERROR   ] Authentication token expired for user_id=5852
2025-01-01 06:54:41 [INFO    ] Config reloaded from disk — version=4834
2025-01-01 06:54:49 [WARNING ] Rate limit at 3266% for IP 192.168.3137.9845
2025-01-01 06:54:56 [INFO    ] Scheduled job 'cleanup_temp_files' completed in 5389s
2025-01-01 06:55:05 [INFO    ] New session created — session_id=3921
2025-01-01 06:55:14 [INFO    ] User login successful for user_id=2047
2025-01-01 06:55:21 [CRITICAL] SSL certificate expires in 2186 hours — immediate action required
2025-01-01 06:55:22 [INFO    ] Config reloaded from disk — version=617
2025-01-01 06:55:23 [INFO    ] Cache hit ratio at 4356% for the last 60 seconds
2025-01-01 06:55:27 [INFO    ] Cache hit ratio at 2602% for the last 60 seconds
2025-01-01 06:55:32 [DEBUG   ] SQL query executed: SELECT * FROM orders WHERE id=7574 (8296ms)
2025-01-01 06:55:37 [CRITICAL] Primary database unreachable — all writes failing, queue depth: 7058
2025-01-01 06:55:44 [WARNING ] Retry attempt 5883 of 3 for downstream service call
2025-01-01 06:55:50 [WARNING ] Rate limit at 5852% for IP 192.168.5092.604
2025-01-01 06:55:55 [WARNING ] Disk usage at 9288% on volume /dev/sda1 — consider cleanup
2025-01-01 06:56:04 [DEBUG   ] SQL query executed: SELECT * FROM orders WHERE id=1893 (3632ms)
2025-01-01 06:56:07 [ERROR   ] File not found: /var/data/report_9033.csv
2025-01-01 06:56:10 [DEBUG   ] SQL query executed: SELECT * FROM orders WHERE id=7893 (9566ms)
2025-01-01 06:56:18 [INFO    ] Config reloaded from disk — version=5393
2025-01-01 06:56:19 [INFO    ] Request processed in 1242ms — endpoint /api/v1/data
2025-01-01 06:56:22 [INFO    ] Cache hit ratio at 1616% for the last 60 seconds
2025-01-01 06:56:26 [ERROR   ] File not found: /var/data/report_7401.csv
2025-01-01 06:56:30 [INFO    ] Config reloaded from disk — version=3594
2025-01-01 06:56:34 [INFO    ] User login successful for user_id=3048
2025-01-01 06:56:40 [ERROR   ] Failed to connect to database after 4078 retries — giving up
2025-01-01 06:56:44 [INFO    ] Config reloaded from disk — version=7551
2025-01-01 06:56:53 [ERROR   ] File not found: /var/data/report_6611.csv
2025-01-01 06:57:02 [ERROR   ] HTTP 500 returned for request_id=2163 — internal server error
2025-01-01 06:57:07 [INFO    ] New session created — session_id=1097
2025-01-01 06:57:17 [INFO    ] Request processed in 4299ms — endpoint /api/v1/data
2025-01-01 06:57:26 [INFO    ] User login successful for user_id=498
2025-01-01 06:57:32 [INFO    ] Database connection pool size: 2680/20
2025-01-01 06:57:37 [INFO    ] Database connection pool size: 4022/20
2025-01-01 06:57:40 [CRITICAL] Data corruption detected in table 'transactions' at row 1853
2025-01-01 06:57:47 [INFO    ] Request processed in 6164ms — endpoint /api/v1/data
2025-01-01 06:57:48 [INFO    ] Database connection pool size: 5536/20
2025-01-01 06:57:57 [ERROR   ] HTTP 500 returned for request_id=4674 — internal server error
2025-01-01 06:58:03 [CRITICAL] Primary database unreachable — all writes failing, queue depth: 7522
2025-01-01 06:58:09 [ERROR   ] Unhandled exception in worker thread-1330: IndexError
2025-01-01 06:58:19 [INFO    ] Scheduled job 'cleanup_temp_files' completed in 3075s
2025-01-01 06:58:29 [INFO    ] User login successful for user_id=3007
2025-01-01 06:58:31 [INFO    ] Scheduled job 'cleanup_temp_files' completed in 6340s
2025-01-01 06:58:41 [WARNING ] Retry attempt 1834 of 3 for downstream service call
2025-01-01 06:58:49 [WARNING ] Response time exceeded threshold: 5991ms (limit: 500ms)
2025-01-01 06:58:58 [ERROR   ] File not found: /var/data/report_3736.csv
2025-01-01 06:59:02 [INFO    ] Database connection pool size: 1589/20
2025-01-01 06:59:04 [WARNING ] Memory usage at 9045MB — approaching soft limit of 512MB
2025-01-01 06:59:10 [DEBUG   ] Entering function process_batch() with batch_size=7891
2025-01-01 06:59:14 [INFO    ] Config reloaded from disk — version=6825
2025-01-01 06:59:21 [INFO    ] Cache hit ratio at 8425% for the last 60 seconds
2025-01-01 06:59:29 [INFO    ] Cache hit ratio at 6367% for the last 60 seconds
2025-01-01 06:59:33 [INFO    ] Request processed in 9544ms — endpoint /api/v1/data
2025-01-01 06:59:35 [INFO    ] Scheduled job 'cleanup_temp_files' completed in 2314s
2025-01-01 06:59:37 [WARNING ] Response time exceeded threshold: 5647ms (limit: 500ms)
2025-01-01 06:59:46 [WARNING ] Disk usage at 7202% on volume /dev/sda1 — consider cleanup
2025-01-01 06:59:53 [INFO    ] User login successful for user_id=4394
2025-01-01 07:00:01 [DEBUG   ] Checkpoint reached at loop iteration 4466
2025-01-01 07:00:10 [DEBUG   ] Entering function process_batch() with batch_size=9031
2025-01-01 07:00:16 [INFO    ] New session created — session_id=8797
2025-01-01 07:00:19 [CRITICAL] SSL certificate expires in 8699 hours — immediate action required
2025-01-01 07:00:27 [INFO    ] Config reloaded from disk — version=2106
2025-01-01 07:00:34 [CRITICAL] Data corruption detected in table 'transactions' at row 1219
2025-01-01 07:00:37 [INFO    ] New session created — session_id=9060
2025-01-01 07:00:38 [INFO    ] User login successful for user_id=2468
2025-01-01 07:00:41 [DEBUG   ] SQL query executed: SELECT * FROM orders WHERE id=4244 (2114ms)
2025-01-01 07:00:46 [INFO    ] Scheduled job 'cleanup_temp_files' completed in 288s
2025-01-01 07:00:48 [INFO    ] Cache hit ratio at 6687% for the last 60 seconds
2025-01-01 07:00:49 [WARNING ] Disk usage at 8318% on volume /dev/sda1 — consider cleanup
2025-01-01 07:00:51 [ERROR   ] HTTP 500 returned for request_id=3300 — internal server error
2025-01-01 07:00:52 [INFO    ] Cache hit ratio at 2200% for the last 60 seconds
2025-01-01 07:00:58 [INFO    ] Config reloaded from disk — version=9608
2025-01-01 07:01:05 [ERROR   ] File not found: /var/data/report_8631.csv
2025-01-01 07:01:06 [WARNING ] Deprecated API endpoint /v1/legacy called by client 8558
2025-01-01 07:01:15 [INFO    ] Config reloaded from disk — version=8754
2025-01-01 07:01:24 [CRITICAL] SSL certificate expires in 4039 hours — immediate action required
2025-01-01 07:01:28 [WARNING ] Disk usage at 6383% on volume /dev/sda1 — consider cleanup
2025-01-01 07:01:35 [INFO    ] New session created — session_id=1421
2025-01-01 07:01:44 [INFO    ] Database connection pool size: 4903/20
2025-01-01 07:01:46 [INFO    ] Database connection pool size: 4624/20
2025-01-01 07:01:53 [WARNING ] Rate limit at 5548% for IP 192.168.413.7299
2025-01-01 07:01:54 [DEBUG   ] Checkpoint reached at loop iteration 5797
2025-01-01 07:01:58 [INFO    ] New session created — session_id=489
2025-01-01 07:02:06 [INFO    ] Request processed in 7071ms — endpoint /api/v1/data
2025-01-01 07:02:12 [INFO    ] Database connection pool size: 532/20
2025-01-01 07:02:15 [INFO    ] Database connection pool size: 3715/20
2025-01-01 07:02:25 [INFO    ] Database connection pool size: 2657/20
2025-01-01 07:02:26 [INFO    ] Request processed in 1125ms — endpoint /api/v1/data
2025-01-01 07:02:30 [INFO    ] Scheduled job 'cleanup_temp_files' completed in 6487s
2025-01-01 07:02:38 [INFO    ] Config reloaded from disk — version=7893
2025-01-01 07:02:46 [INFO    ] Config reloaded from disk — version=2199
2025-01-01 07:02:54 [ERROR   ] Unhandled exception in worker thread-133: IndexError
2025-01-01 07:02:55 [INFO    ] Config reloaded from disk — version=2337
2025-01-01 07:02:57 [INFO    ] New session created — session_id=3781
2025-01-01 07:03:06 [WARNING ] Retry attempt 4183 of 3 for downstream service call
2025-01-01 07:03:08 [ERROR   ] Authentication token expired for user_id=1394
2025-01-01 07:03:14 [ERROR   ] Failed to connect to database after 2936 retries — giving up
2025-01-01 07:03:22 [CRITICAL] Primary database unreachable — all writes failing, queue depth: 6443
2025-01-01 07:03:32 [INFO    ] Request processed in 2889ms — endpoint /api/v1/data
2025-01-01 07:03:40 [INFO    ] Database connection pool size: 4856/20
2025-01-01 07:03:50 [WARNING ] Disk usage at 5509% on volume /dev/sda1 — consider cleanup
2025-01-01 07:04:00 [INFO    ] New session created — session_id=2997
2025-01-01 07:04:10 [CRITICAL] Data corruption detected in table 'transactions' at row 8684
2025-01-01 07:04:16 [ERROR   ] Failed to connect to database after 4431 retries — giving up
2025-01-01 07:04:17 [ERROR   ] File not found: /var/data/report_120.csv
2025-01-01 07:04:26 [WARNING ] Memory usage at 2690MB — approaching soft limit of 512MB
2025-01-01 07:04:29 [CRITICAL] SSL certificate expires in 5018 hours — immediate action required
2025-01-01 07:04:33 [INFO    ] Config reloaded from disk — version=1984
2025-01-01 07:04:35 [INFO    ] User login successful for user_id=7037
2025-01-01 07:04:38 [INFO    ] Scheduled job 'cleanup_temp_files' completed in 5609s
2025-01-01 07:04:48 [WARNING ] Disk usage at 5055% on volume /dev/sda1 — consider cleanup
2025-01-01 07:04:58 [WARNING ] Retry attempt 1613 of 3 for downstream service call
2025-01-01 07:05:02 [CRITICAL] SSL certificate expires in 7256 hours — immediate action required
2025-01-01 07:05:07 [DEBUG   ] Serializing response object — 81 fields found
2025-01-01 07:05:15 [WARNING ] Retry attempt 2560 of 3 for downstream service call
2025-01-01 07:05:25 [INFO    ] Config reloaded from disk — version=5625
2025-01-01 07:05:34 [INFO    ] Database connection pool size: 871/20
2025-01-01 07:05:35 [WARNING ] Retry attempt 6892 of 3 for downstream service call
2025-01-01 07:05:38 [INFO    ] Request processed in 1828ms — endpoint /api/v1/data
2025-01-01 07:05:40 [INFO    ] Database connection pool size: 4971/20
2025-01-01 07:05:41 [INFO    ] Config reloaded from disk — version=6977
2025-01-01 07:05:44 [ERROR   ] HTTP 500 returned for request_id=6492 — internal server error
2025-01-01 07:05:51 [INFO    ] Database connection pool size: 5253/20
2025-01-01 07:05:56 [ERROR   ] NullPointerException in module payments.processor at line 1657
2025-01-01 07:06:05 [INFO    ] Database connection pool size: 9546/20
2025-01-01 07:06:07 [INFO    ] Scheduled job 'cleanup_temp_files' completed in 3642s
2025-01-01 07:06:10 [WARNING ] Retry attempt 3733 of 3 for downstream service call
2025-01-01 07:06:12 [INFO    ] New session created — session_id=3435
2025-01-01 07:06:20 [INFO    ] New session created — session_id=6762
2025-01-01 07:06:24 [ERROR   ] NullPointerException in module payments.processor at line 4519
2025-01-01 07:06:29 [CRITICAL] SYSTEM SHUTDOWN INITIATED — out of memory (used: 7197MB / 512MB)
2025-01-01 07:06:38 [ERROR   ] HTTP 500 returned for request_id=5419 — internal server error
2025-01-01 07:06:44 [INFO    ] Request processed in 9376ms — endpoint /api/v1/data
2025-01-01 07:06:49 [DEBUG   ] Serializing response object — 5419 fields found
2025-01-01 07:06:59 [INFO    ] Config reloaded from disk — version=7966
2025-01-01 07:07:09 [CRITICAL] Security breach detected: 3936 failed login attempts from IP 10.0.5739.5072
2025-01-01 07:07:11 [WARNING ] Response time exceeded threshold: 7045ms (limit: 500ms)
2025-01-01 07:07:18 [INFO    ] Config reloaded from disk — version=6602
2025-01-01 07:07:25 [ERROR   ] File not found: /var/data/report_9122.csv
2025-01-01 07:07:31 [INFO    ] Config reloaded from disk — version=8444
2025-01-01 07:07:36 [WARNING ] Disk usage at 3004% on volume /dev/sda1 — consider cleanup
2025-01-01 07:07:41 [WARNING ] Retry attempt 3439 of 3 for downstream service call
2025-01-01 07:07:45 [ERROR   ] HTTP 500 returned for request_id=7824 — internal server error
2025-01-01 07:07:53 [WARNING ] Disk usage at 465% on volume /dev/sda1 — consider cleanup
2025-01-01 07:07:55 [ERROR   ] Authentication token expired for user_id=4349
2025-01-01 07:08:05 [WARNING ] Retry attempt 9165 of 3 for downstream service call
2025-01-01 07:08:08 [WARNING ] Response time exceeded threshold: 8636ms (limit: 500ms)
2025-01-01 07:08:15 [ERROR   ] Authentication token expired for user_id=5389
2025-01-01 07:08:18 [WARNING ] Retry attempt 7912 of 3 for downstream service call
2025-01-01 07:08:23 [INFO    ] New session created — session_id=7102
2025-01-01 07:08:30 [ERROR   ] Authentication token expired for user_id=4684
2025-01-01 07:08:36 [DEBUG   ] Checkpoint reached at loop iteration 7240
2025-01-01 07:08:45 [INFO    ] Database connection pool size: 8526/20
2025-01-01 07:08:48 [ERROR   ] Unhandled exception in worker thread-8634: IndexError
2025-01-01 07:08:56 [WARNING ] Memory usage at 6062MB — approaching soft limit of 512MB
2025-01-01 07:08:58 [WARNING ] Rate limit at 6218% for IP 192.168.7706.9218
2025-01-01 07:09:03 [CRITICAL] Primary database unreachable — all writes failing, queue depth: 2556
2025-01-01 07:09:06 [INFO    ] Config reloaded from disk — version=6514
2025-01-01 07:09:07 [INFO    ] Cache hit ratio at 2634% for the last 60 seconds
2025-01-01 07:09:09 [WARNING ] Disk usage at 9758% on volume /dev/sda1 — consider cleanup
2025-01-01 07:09:12 [CRITICAL] SYSTEM SHUTDOWN INITIATED — out of memory (used: 7087MB / 512MB)
2025-01-01 07:09:21 [INFO    ] User login successful for user_id=8647
2025-01-01 07:09:22 [CRITICAL] Security breach detected: 1443 failed login attempts from IP 10.0.4308.908
2025-01-01 07:09:27 [CRITICAL] Security breach detected: 9935 failed login attempts from IP 10.0.3363.7425
2025-01-01 07:09:30 [INFO    ] User login successful for user_id=817
2025-01-01 07:09:35 [WARNING ] Deprecated API endpoint /v1/legacy called by client 3871
2025-01-01 07:09:40 [INFO    ] Scheduled job 'cleanup_temp_files' completed in 607s
2025-01-01 07:09:48 [ERROR   ] Unhandled exception in worker thread-1311: IndexError
2025-01-01 07:09:56 [ERROR   ] Authentication token expired for user_id=120
2025-01-01 07:09:58 [INFO    ] User login successful for user_id=3191
2025-01-01 07:10:03 [ERROR   ] Authentication token expired for user_id=8132
2025-01-01 07:10:09 [INFO    ] Cache hit ratio at 3996% for the last 60 seconds
2025-01-01 07:10:18 [CRITICAL] SSL certificate expires in 7467 hours — immediate action required
2025-01-01 07:10:21 [CRITICAL] SYSTEM SHUTDOWN INITIATED — out of memory (used: 3269MB / 512MB)
2025-01-01 07:10:27 [INFO    ] Database connection pool size: 5748/20
2025-01-01 07:10:28 [CRITICAL] Data corruption detected in table 'transactions' at row 7932
2025-01-01 07:10:30 [WARNING ] Response time exceeded threshold: 905ms (limit: 500ms)
2025-01-01 07:10:37 [INFO    ] Database connection pool size: 2775/20
2025-01-01 07:10:43 [INFO    ] Config reloaded from disk — version=4250
2025-01-01 07:10:44 [WARNING ] Retry attempt 4705 of 3 for downstream service call
2025-01-01 07:10:53 [INFO    ] Config reloaded from disk — version=2194
2025-01-01 07:10:59 [INFO    ] Scheduled job 'cleanup_temp_files' completed in 1764s
2025-01-01 07:11:02 [DEBUG   ] Lock acquired on resource 'invoice_4154' by thread-8063
2025-01-01 07:11:10 [INFO    ] Request processed in 3526ms — endpoint /api/v1/data
2025-01-01 07:11:19 [WARNING ] Disk usage at 8874% on volume /dev/sda1 — consider cleanup
2025-01-01 07:11:28 [WARNING ] Disk usage at 2178% on volume /dev/sda1 — consider cleanup
2025-01-01 07:11:37 [WARNING ] Disk usage at 4686% on volume /dev/sda1 — consider cleanup
2025-01-01 07:11:40 [ERROR   ] HTTP 500 returned for request_id=653 — internal server error
2025-01-01 07:11:49 [ERROR   ] Unhandled exception in worker thread-1449: IndexError
2025-01-01 07:11:50 [ERROR   ] HTTP 500 returned for request_id=4632 — internal server error
2025-01-01 07:11:51 [INFO    ] Config reloaded from disk — version=1512
2025-01-01 07:11:53 [ERROR   ] Failed to connect to database after 9830 retries — giving up
2025-01-01 07:11:59 [INFO    ] Config reloaded from disk — version=5993
2025-01-01 07:12:00 [INFO    ] Database connection pool size: 6808/20
2025-01-01 07:12:01 [DEBUG   ] Checkpoint reached at loop iteration 5575
2025-01-01 07:12:02 [INFO    ] Database connection pool size: 1888/20
2025-01-01 07:12:07 [INFO    ] Scheduled job 'cleanup_temp_files' completed in 9190s
2025-01-01 07:12:13 [WARNING ] Response time exceeded threshold: 8226ms (limit: 500ms)
2025-01-01 07:12:14 [CRITICAL] Primary database unreachable — all writes failing, queue depth: 628
2025-01-01 07:12:18 [INFO    ] Config reloaded from disk — version=9066
2025-01-01 07:12:24 [INFO    ] Cache hit ratio at 8462% for the last 60 seconds
2025-01-01 07:12:28 [ERROR   ] NullPointerException in module payments.processor at line 8539
2025-01-01 07:12:33 [INFO    ] New session created — session_id=1131
2025-01-01 07:12:40 [WARNING ] Rate limit at 9357% for IP 192.168.4305.4742
2025-01-01 07:12:42 [INFO    ] User login successful for user_id=4664
2025-01-01 07:12:43 [INFO    ] User login successful for user_id=4867
2025-01-01 07:12:45 [INFO    ] Config reloaded from disk — version=5732
2025-01-01 07:12:49 [INFO    ] User login successful for user_id=9089
2025-01-01 07:12:51 [WARNING ] Response time exceeded threshold: 3163ms (limit: 500ms)
2025-01-01 07:12:56 [INFO    ] User login successful for user_id=1801
2025-01-01 07:13:04 [INFO    ] Scheduled job 'cleanup_temp_files' completed in 7310s
2025-01-01 07:13:12 [INFO    ] Database connection pool size: 6212/20
2025-01-01 07:13:17 [WARNING ] Response time exceeded threshold: 59ms (limit: 500ms)
2025-01-01 07:13:19 [INFO    ] New session created — session_id=571
2025-01-01 07:13:25 [ERROR   ] NullPointerException in module payments.processor at line 3271
2025-01-01 07:13:28 [INFO    ] Cache hit ratio at 5628% for the last 60 seconds
2025-01-01 07:13:36 [INFO    ] Database connection pool size: 3583/20
2025-01-01 07:13:40 [INFO    ] User login successful for user_id=262
2025-01-01 07:13:50 [ERROR   ] HTTP 500 returned for request_id=7155 — internal server error
2025-01-01 07:13:59 [INFO    ] Request processed in 9222ms — endpoint /api/v1/data
2025-01-01 07:14:02 [INFO    ] Database connection pool size: 8839/20
2025-01-01 07:14:05 [INFO    ] Cache hit ratio at 3809% for the last 60 seconds
2025-01-01 07:14:09 [ERROR   ] NullPointerException in module payments.processor at line 2424
2025-01-01 07:14:12 [WARNING ] Rate limit at 2885% for IP 192.168.4550.5775
2025-01-01 07:14:17 [WARNING ] Rate limit at 3647% for IP 192.168.3778.5242
2025-01-01 07:14:22 [INFO    ] New session created — session_id=5847
2025-01-01 07:14:28 [WARNING ] Rate limit at 6679% for IP 192.168.4885.699
2025-01-01 07:14:37 [INFO    ] Cache hit ratio at 6581% for the last 60 seconds
2025-01-01 07:14:39 [INFO    ] Scheduled job 'cleanup_temp_files' completed in 1427s
2025-01-01 07:14:42 [WARNING ] Memory usage at 2531MB — approaching soft limit of 512MB
2025-01-01 07:14:46 [INFO    ] Request processed in 8299ms — endpoint /api/v1/data
2025-01-01 07:14:53 [CRITICAL] Primary database unreachable — all writes failing, queue depth: 9075
2025-01-01 07:15:01 [INFO    ] Cache hit ratio at 4570% for the last 60 seconds
2025-01-01 07:15:07 [WARNING ] Disk usage at 501% on volume /dev/sda1 — consider cleanup
2025-01-01 07:15:10 [ERROR   ] Authentication token expired for user_id=2387
2025-01-01 07:15:19 [WARNING ] Memory usage at 6625MB — approaching soft limit of 512MB
2025-01-01 07:15:29 [DEBUG   ] Lock acquired on resource 'invoice_3176' by thread-3431
2025-01-01 07:15:35 [ERROR   ] HTTP 500 returned for request_id=6345 — internal server error
2025-01-01 07:15:45 [ERROR   ] NullPointerException in module payments.processor at line 8995
2025-01-01 07:15:51 [DEBUG   ] Checkpoint reached at loop iteration 1615
2025-01-01 07:15:54 [INFO    ] Scheduled job 'cleanup_temp_files' completed in 3288s
2025-01-01 07:16:00 [INFO    ] Request processed in 463ms — endpoint /api/v1/data
2025-01-01 07:16:08 [WARNING ] Memory usage at 8587MB — approaching soft limit of 512MB
2025-01-01 07:16:13 [ERROR   ] HTTP 500 returned for request_id=1682 — internal server error
2025-01-01 07:16:19 [WARNING ] Memory usage at 945MB — approaching soft limit of 512MB
2025-01-01 07:16:21 [ERROR   ] Unhandled exception in worker thread-378: IndexError
2025-01-01 07:16:28 [INFO    ] Config reloaded from disk — version=6906
2025-01-01 07:16:36 [ERROR   ] Failed to connect to database after 1616 retries — giving up
2025-01-01 07:16:46 [INFO    ] Request processed in 3887ms — endpoint /api/v1/data
2025-01-01 07:16:50 [WARNING ] Response time exceeded threshold: 1810ms (limit: 500ms)
2025-01-01 07:16:51 [ERROR   ] HTTP 500 returned for request_id=4661 — internal server error
2025-01-01 07:16:58 [DEBUG   ] Lock acquired on resource 'invoice_4535' by thread-2089
2025-01-01 07:17:08 [INFO    ] Database connection pool size: 86/20
2025-01-01 07:17:13 [DEBUG   ] Serializing response object — 2229 fields found
2025-01-01 07:17:21 [ERROR   ] Authentication token expired for user_id=652
2025-01-01 07:17:29 [ERROR   ] HTTP 500 returned for request_id=133 — internal server error
2025-01-01 07:17:37 [INFO    ] Config reloaded from disk — version=6422
2025-01-01 07:17:41 [DEBUG   ] SQL query executed: SELECT * FROM orders WHERE id=4712 (854ms)
2025-01-01 07:17:51 [INFO    ] Scheduled job 'cleanup_temp_files' completed in 5098s
2025-01-01 07:17:53 [INFO    ] Scheduled job 'cleanup_temp_files' completed in 50s
2025-01-01 07:17:55 [INFO    ] Cache hit ratio at 2691% for the last 60 seconds
2025-01-01 07:17:57 [DEBUG   ] Entering function process_batch() with batch_size=6836
2025-01-01 07:18:07 [DEBUG   ] Serializing response object — 6969 fields found
2025-01-01 07:18:08 [DEBUG   ] Entering function process_batch() with batch_size=6752
2025-01-01 07:18:09 [INFO    ] Config reloaded from disk — version=1010
2025-01-01 07:18:16 [WARNING ] Rate limit at 498% for IP 192.168.6593.1850
2025-01-01 07:18:21 [WARNING ] Response time exceeded threshold: 2234ms (limit: 500ms)
2025-01-01 07:18:24 [INFO    ] Database connection pool size: 4844/20
2025-01-01 07:18:28 [ERROR   ] Failed to connect to database after 3892 retries — giving up
2025-01-01 07:18:38 [WARNING ] Disk usage at 9692% on volume /dev/sda1 — consider cleanup
2025-01-01 07:18:42 [INFO    ] Database connection pool size: 1138/20
2025-01-01 07:18:49 [INFO    ] Cache hit ratio at 1645% for the last 60 seconds
2025-01-01 07:18:54 [CRITICAL] SYSTEM SHUTDOWN INITIATED — out of memory (used: 2135MB / 512MB)
2025-01-01 07:18:55 [ERROR   ] Unhandled exception in worker thread-3618: IndexError
2025-01-01 07:19:00 [WARNING ] Response time exceeded threshold: 6153ms (limit: 500ms)
2025-01-01 07:19:05 [CRITICAL] Primary database unreachable — all writes failing, queue depth: 3401
2025-01-01 07:19:12 [INFO    ] Request processed in 1952ms — endpoint /api/v1/data
2025-01-01 07:19:15 [INFO    ] Request processed in 9781ms — endpoint /api/v1/data
2025-01-01 07:19:17 [CRITICAL] SYSTEM SHUTDOWN INITIATED — out of memory (used: 537MB / 512MB)
2025-01-01 07:19:21 [WARNING ] Rate limit at 2413% for IP 192.168.5413.4636
2025-01-01 07:19:29 [DEBUG   ] Cache miss for key='user_profile_150' — fetching from DB
2025-01-01 07:19:30 [INFO    ] Config reloaded from disk — version=3347
2025-01-01 07:19:40 [DEBUG   ] Entering function process_batch() with batch_size=4443
2025-01-01 07:19:47 [INFO    ] Cache hit ratio at 7320% for the last 60 seconds
2025-01-01 07:19:57 [DEBUG   ] SQL query executed: SELECT * FROM orders WHERE id=7886 (1066ms)
2025-01-01 07:20:07 [DEBUG   ] Serializing response object — 3472 fields found
2025-01-01 07:20:14 [INFO    ] User login successful for user_id=2729
2025-01-01 07:20:22 [INFO    ] Request processed in 9667ms — endpoint /api/v1/data
2025-01-01 07:20:28 [CRITICAL] Security breach detected: 9673 failed login attempts from IP 10.0.3490.8529
2025-01-01 07:20:37 [INFO    ] Request processed in 3536ms — endpoint /api/v1/data
2025-01-01 07:20:44 [INFO    ] Config reloaded from disk — version=3201
2025-01-01 07:20:48 [ERROR   ] Failed to connect to database after 3505 retries — giving up
2025-01-01 07:20:56 [INFO    ] Database connection pool size: 9196/20
2025-01-01 07:20:59 [WARNING ] Memory usage at 8927MB — approaching soft limit of 512MB
2025-01-01 07:21:04 [ERROR   ] File not found: /var/data/report_2232.csv
2025-01-01 07:21:12 [INFO    ] Cache hit ratio at 4928% for the last 60 seconds
2025-01-01 07:21:15 [INFO    ] Database connection pool size: 5166/20
2025-01-01 07:21:20 [WARNING ] Deprecated API endpoint /v1/legacy called by client 4626
2025-01-01 07:21:22 [CRITICAL] SSL certificate expires in 6534 hours — immediate action required
2025-01-01 07:21:30 [INFO    ] Request processed in 158ms — endpoint /api/v1/data
2025-01-01 07:21:32 [INFO    ] Config reloaded from disk — version=8040
2025-01-01 07:21:36 [CRITICAL] Data corruption detected in table 'transactions' at row 8905
2025-01-01 07:21:40 [ERROR   ] Authentication token expired for user_id=1528
2025-01-01 07:21:50 [ERROR   ] Failed to connect to database after 5006 retries — giving up
2025-01-01 07:21:59 [ERROR   ] Failed to connect to database after 1037 retries — giving up
2025-01-01 07:22:02 [INFO    ] New session created — session_id=220
2025-01-01 07:22:12 [WARNING ] Rate limit at 264% for IP 192.168.1315.2886
2025-01-01 07:22:22 [DEBUG   ] Checkpoint reached at loop iteration 5234
2025-01-01 07:22:29 [WARNING ] Memory usage at 9211MB — approaching soft limit of 512MB
2025-01-01 07:22:31 [INFO    ] Database connection pool size: 7114/20
2025-01-01 07:22:40 [WARNING ] Retry attempt 1681 of 3 for downstream service call
2025-01-01 07:22:48 [INFO    ] Database connection pool size: 9616/20
2025-01-01 07:22:52 [INFO    ] Database connection pool size: 2858/20
2025-01-01 07:23:00 [INFO    ] Config reloaded from disk — version=1816
2025-01-01 07:23:04 [ERROR   ] HTTP 500 returned for request_id=2038 — internal server error
2025-01-01 07:23:12 [INFO    ] New session created — session_id=4729
2025-01-01 07:23:13 [INFO    ] Request processed in 8578ms — endpoint /api/v1/data
2025-01-01 07:23:16 [WARNING ] Disk usage at 4727% on volume /dev/sda1 — consider cleanup
2025-01-01 07:23:24 [CRITICAL] Data corruption detected in table 'transactions' at row 5366
2025-01-01 07:23:30 [INFO    ] Scheduled job 'cleanup_temp_files' completed in 5s
2025-01-01 07:23:39 [INFO    ] Request processed in 3011ms — endpoint /api/v1/data
2025-01-01 07:23:43 [DEBUG   ] Lock acquired on resource 'invoice_2349' by thread-3651
2025-01-01 07:23:48 [ERROR   ] Authentication token expired for user_id=9039
2025-01-01 07:23:50 [INFO    ] New session created — session_id=1174
2025-01-01 07:23:58 [DEBUG   ] Checkpoint reached at loop iteration 1869
2025-01-01 07:24:08 [DEBUG   ] Serializing response object — 7283 fields found
2025-01-01 07:24:11 [WARNING ] Retry attempt 5075 of 3 for downstream service call
2025-01-01 07:24:18 [INFO    ] User login successful for user_id=6606
2025-01-01 07:24:23 [WARNING ] Retry attempt 5854 of 3 for downstream service call
2025-01-01 07:24:27 [INFO    ] Cache hit ratio at 8883% for the last 60 seconds
2025-01-01 07:24:32 [INFO    ] User login successful for user_id=2656
2025-01-01 07:24:38 [ERROR   ] Unhandled exception in worker thread-7414: IndexError
2025-01-01 07:24:42 [DEBUG   ] Checkpoint reached at loop iteration 5527
2025-01-01 07:24:47 [DEBUG   ] Serializing response object — 9239 fields found
2025-01-01 07:24:53 [INFO    ] Request processed in 8034ms — endpoint /api/v1/data
2025-01-01 07:24:56 [ERROR   ] HTTP 500 returned for request_id=5986 — internal server error
2025-01-01 07:25:00 [INFO    ] Request processed in 2060ms — endpoint /api/v1/data
2025-01-01 07:25:08 [WARNING ] Memory usage at 8282MB — approaching soft limit of 512MB
2025-01-01 07:25:16 [DEBUG   ] Checkpoint reached at loop iteration 2219
2025-01-01 07:25:19 [CRITICAL] Data corruption detected in table 'transactions' at row 7322
2025-01-01 07:25:29 [DEBUG   ] Checkpoint reached at loop iteration 2739
2025-01-01 07:25:35 [INFO    ] Request processed in 7148ms — endpoint /api/v1/data
2025-01-01 07:25:40 [INFO    ] Request processed in 7236ms — endpoint /api/v1/data
2025-01-01 07:25:45 [ERROR   ] Authentication token expired for user_id=1663
2025-01-01 07:25:46 [INFO    ] Cache hit ratio at 3638% for the last 60 seconds
2025-01-01 07:25:51 [INFO    ] New session created — session_id=9864
2025-01-01 07:25:55 [INFO    ] User login successful for user_id=4823
2025-01-01 07:25:59 [INFO    ] User login successful for user_id=2908
2025-01-01 07:26:05 [INFO    ] Database connection pool size: 4669/20
2025-01-01 07:26:09 [WARNING ] Memory usage at 2360MB — approaching soft limit of 512MB
2025-01-01 07:26:11 [INFO    ] Database connection pool size: 8081/20
2025-01-01 07:26:15 [WARNING ] Rate limit at 7438% for IP 192.168.2961.2132
2025-01-01 07:26:25 [ERROR   ] Failed to connect to database after 9726 retries — giving up
2025-01-01 07:26:31 [INFO    ] Database connection pool size: 4996/20
2025-01-01 07:26:37 [INFO    ] Cache hit ratio at 5161% for the last 60 seconds
2025-01-01 07:26:40 [ERROR   ] File not found: /var/data/report_5033.csv
2025-01-01 07:26:50 [CRITICAL] Data corruption detected in table 'transactions' at row 2460
2025-01-01 07:26:53 [WARNING ] Rate limit at 6154% for IP 192.168.7968.5781
2025-01-01 07:26:57 [DEBUG   ] Checkpoint reached at loop iteration 5594
2025-01-01 07:26:58 [WARNING ] Retry attempt 9819 of 3 for downstream service call
2025-01-01 07:27:00 [CRITICAL] Data corruption detected in table 'transactions' at row 7903
2025-01-01 07:27:02 [WARNING ] Memory usage at 2665MB — approaching soft limit of 512MB
2025-01-01 07:27:04 [INFO    ] New session created — session_id=8751
2025-01-01 07:27:12 [INFO    ] Config reloaded from disk — version=5334
2025-01-01 07:27:15 [WARNING ] Response time exceeded threshold: 3286ms (limit: 500ms)
2025-01-01 07:27:18 [ERROR   ] Authentication token expired for user_id=7824
2025-01-01 07:27:23 [DEBUG   ] Cache miss for key='user_profile_9914' — fetching from DB
2025-01-01 07:27:24 [ERROR   ] NullPointerException in module payments.processor at line 329
2025-01-01 07:27:32 [INFO    ] New session created — session_id=8242
2025-01-01 07:27:37 [ERROR   ] Unhandled exception in worker thread-1455: IndexError
2025-01-01 07:27:45 [INFO    ] New session created — session_id=2937
2025-01-01 07:27:47 [INFO    ] Config reloaded from disk — version=6281
2025-01-01 07:27:50 [WARNING ] Disk usage at 2939% on volume /dev/sda1 — consider cleanup
2025-01-01 07:27:56 [DEBUG   ] SQL query executed: SELECT * FROM orders WHERE id=9387 (5389ms)
2025-01-01 07:27:57 [DEBUG   ] Checkpoint reached at loop iteration 2675
2025-01-01 07:28:05 [WARNING ] Memory usage at 6047MB — approaching soft limit of 512MB
2025-01-01 07:28:11 [INFO    ] Config reloaded from disk — version=4580
2025-01-01 07:28:16 [DEBUG   ] Cache miss for key='user_profile_8307' — fetching from DB
2025-01-01 07:28:25 [ERROR   ] Unhandled exception in worker thread-9605: IndexError
2025-01-01 07:28:34 [INFO    ] User login successful for user_id=8948
2025-01-01 07:28:35 [INFO    ] Cache hit ratio at 3586% for the last 60 seconds
2025-01-01 07:28:40 [WARNING ] Response time exceeded threshold: 38ms (limit: 500ms)
2025-01-01 07:28:47 [INFO    ] Scheduled job 'cleanup_temp_files' completed in 6774s
2025-01-01 07:28:53 [INFO    ] Config reloaded from disk — version=6767
2025-01-01 07:29:01 [WARNING ] Rate limit at 8651% for IP 192.168.608.5699
2025-01-01 07:29:07 [WARNING ] Rate limit at 2272% for IP 192.168.9044.4350
2025-01-01 07:29:09 [ERROR   ] Authentication token expired for user_id=5363
2025-01-01 07:29:15 [ERROR   ] Unhandled exception in worker thread-1708: IndexError
2025-01-01 07:29:17 [ERROR   ] Authentication token expired for user_id=7028
2025-01-01 07:29:21 [INFO    ] User login successful for user_id=4151
2025-01-01 07:29:31 [INFO    ] Request processed in 6124ms — endpoint /api/v1/data
2025-01-01 07:29:37 [INFO    ] Database connection pool size: 5817/20
2025-01-01 07:29:46 [INFO    ] Cache hit ratio at 3514% for the last 60 seconds
2025-01-01 07:29:55 [INFO    ] Request processed in 2085ms — endpoint /api/v1/data
2025-01-01 07:30:01 [INFO    ] Scheduled job 'cleanup_temp_files' completed in 6967s
2025-01-01 07:30:03 [WARNING ] Disk usage at 4538% on volume /dev/sda1 — consider cleanup
2025-01-01 07:30:12 [ERROR   ] HTTP 500 returned for request_id=2526 — internal server error
2025-01-01 07:30:17 [INFO    ] Cache hit ratio at 7106% for the last 60 seconds
2025-01-01 07:30:25 [WARNING ] Disk usage at 8527% on volume /dev/sda1 — consider cleanup
2025-01-01 07:30:27 [INFO    ] User login successful for user_id=9706
2025-01-01 07:30:29 [INFO    ] New session created — session_id=3280
2025-01-01 07:30:39 [INFO    ] Config reloaded from disk — version=998
2025-01-01 07:30:40 [ERROR   ] HTTP 500 returned for request_id=2465 — internal server error
2025-01-01 07:30:49 [WARNING ] Response time exceeded threshold: 4671ms (limit: 500ms)
2025-01-01 07:30:55 [INFO    ] Scheduled job 'cleanup_temp_files' completed in 2196s
2025-01-01 07:30:58 [CRITICAL] Security breach detected: 8755 failed login attempts from IP 10.0.4988.3698
2025-01-01 07:31:01 [INFO    ] Cache hit ratio at 4468% for the last 60 seconds
2025-01-01 07:31:04 [WARNING ] Retry attempt 8884 of 3 for downstream service call
2025-01-01 07:31:14 [INFO    ] User login successful for user_id=6601
2025-01-01 07:31:17 [INFO    ] Cache hit ratio at 5170% for the last 60 seconds
2025-01-01 07:31:24 [DEBUG   ] SQL query executed: SELECT * FROM orders WHERE id=6109 (5964ms)
2025-01-01 07:31:33 [WARNING ] Deprecated API endpoint /v1/legacy called by client 190
2025-01-01 07:31:36 [INFO    ] Database connection pool size: 2075/20
2025-01-01 07:31:44 [WARNING ] Disk usage at 2051% on volume /dev/sda1 — consider cleanup
2025-01-01 07:31:47 [INFO    ] Cache hit ratio at 219% for the last 60 seconds
2025-01-01 07:31:57 [WARNING ] Rate limit at 8835% for IP 192.168.7713.8056
2025-01-01 07:32:05 [ERROR   ] NullPointerException in module payments.processor at line 2462
2025-01-01 07:32:14 [CRITICAL] SYSTEM SHUTDOWN INITIATED — out of memory (used: 7106MB / 512MB)
2025-01-01 07:32:19 [INFO    ] Database connection pool size: 4682/20
2025-01-01 07:32:25 [WARNING ] Disk usage at 2773% on volume /dev/sda1 — consider cleanup
2025-01-01 07:32:26 [INFO    ] Config reloaded from disk — version=565
2025-01-01 07:32:30 [ERROR   ] HTTP 500 returned for request_id=2314 — internal server error
2025-01-01 07:32:33 [INFO    ] Scheduled job 'cleanup_temp_files' completed in 5661s
2025-01-01 07:32:38 [WARNING ] Deprecated API endpoint /v1/legacy called by client 6688
2025-01-01 07:32:43 [CRITICAL] SSL certificate expires in 3222 hours — immediate action required
2025-01-01 07:32:51 [WARNING ] Deprecated API endpoint /v1/legacy called by client 7623
2025-01-01 07:32:54 [CRITICAL] Security breach detected: 5007 failed login attempts from IP 10.0.5816.5738
2025-01-01 07:32:58 [INFO    ] New session created — session_id=4489
2025-01-01 07:33:05 [ERROR   ] NullPointerException in module payments.processor at line 3089
2025-01-01 07:33:14 [INFO    ] Scheduled job 'cleanup_temp_files' completed in 4612s
2025-01-01 07:33:16 [INFO    ] Config reloaded from disk — version=1482
2025-01-01 07:33:25 [INFO    ] Request processed in 1099ms — endpoint /api/v1/data
2025-01-01 07:33:31 [INFO    ] Cache hit ratio at 9795% for the last 60 seconds
2025-01-01 07:33:38 [INFO    ] Scheduled job 'cleanup_temp_files' completed in 9010s
2025-01-01 07:33:39 [INFO    ] Request processed in 7994ms — endpoint /api/v1/data
2025-01-01 07:33:42 [INFO    ] Scheduled job 'cleanup_temp_files' completed in 1794s
2025-01-01 07:33:43 [WARNING ] Retry attempt 9170 of 3 for downstream service call
2025-01-01 07:33:49 [WARNING ] Memory usage at 9821MB — approaching soft limit of 512MB
2025-01-01 07:33:53 [INFO    ] Cache hit ratio at 4312% for the last 60 seconds
2025-01-01 07:33:58 [INFO    ] Cache hit ratio at 4120% for the last 60 seconds
2025-01-01 07:34:07 [WARNING ] Disk usage at 5617% on volume /dev/sda1 — consider cleanup
2025-01-01 07:34:08 [CRITICAL] SYSTEM SHUTDOWN INITIATED — out of memory (used: 3371MB / 512MB)
2025-01-01 07:34:13 [WARNING ] Retry attempt 8548 of 3 for downstream service call
2025-01-01 07:34:16 [INFO    ] New session created — session_id=6063
2025-01-01 07:34:18 [WARNING ] Disk usage at 766% on volume /dev/sda1 — consider cleanup
2025-01-01 07:34:21 [INFO    ] Database connection pool size: 6/20
2025-01-01 07:34:23 [WARNING ] Deprecated API endpoint /v1/legacy called by client 6493
2025-01-01 07:34:33 [INFO    ] New session created — session_id=1277
2025-01-01 07:34:35 [INFO    ] User login successful for user_id=3117
2025-01-01 07:34:41 [DEBUG   ] Serializing response object — 6898 fields found
2025-01-01 07:34:42 [INFO    ] Scheduled job 'cleanup_temp_files' completed in 840s
2025-01-01 07:34:47 [DEBUG   ] Entering function process_batch() with batch_size=935
2025-01-01 07:34:57 [INFO    ] Config reloaded from disk — version=2401
2025-01-01 07:35:04 [DEBUG   ] Serializing response object — 5218 fields found
2025-01-01 07:35:05 [DEBUG   ] Checkpoint reached at loop iteration 2518
2025-01-01 07:35:09 [CRITICAL] Data corruption detected in table 'transactions' at row 1654
2025-01-01 07:35:12 [WARNING ] Response time exceeded threshold: 3165ms (limit: 500ms)
2025-01-01 07:35:15 [CRITICAL] SSL certificate expires in 3846 hours — immediate action required
2025-01-01 07:35:25 [ERROR   ] NullPointerException in module payments.processor at line 3823
2025-01-01 07:35:31 [WARNING ] Deprecated API endpoint /v1/legacy called by client 6857
2025-01-01 07:35:40 [ERROR   ] NullPointerException in module payments.processor at line 9251
2025-01-01 07:35:44 [INFO    ] New session created — session_id=1424
2025-01-01 07:35:53 [INFO    ] Cache hit ratio at 5334% for the last 60 seconds
2025-01-01 07:35:57 [INFO    ] Database connection pool size: 2026/20
2025-01-01 07:36:03 [ERROR   ] NullPointerException in module payments.processor at line 9796
2025-01-01 07:36:04 [INFO    ] Config reloaded from disk — version=6775
2025-01-01 07:36:10 [INFO    ] Scheduled job 'cleanup_temp_files' completed in 8276s
2025-01-01 07:36:11 [DEBUG   ] Checkpoint reached at loop iteration 9629
2025-01-01 07:36:20 [WARNING ] Rate limit at 4210% for IP 192.168.1237.6634
2025-01-01 07:36:26 [INFO    ] Scheduled job 'cleanup_temp_files' completed in 5045s
2025-01-01 07:36:35 [INFO    ] Database connection pool size: 2873/20
2025-01-01 07:36:36 [INFO    ] Database connection pool size: 9080/20
2025-01-01 07:36:38 [INFO    ] Scheduled job 'cleanup_temp_files' completed in 7513s
2025-01-01 07:36:40 [WARNING ] Response time exceeded threshold: 6430ms (limit: 500ms)
2025-01-01 07:36:46 [CRITICAL] Data corruption detected in table 'transactions' at row 191
2025-01-01 07:36:56 [WARNING ] Deprecated API endpoint /v1/legacy called by client 4813
2025-01-01 07:37:04 [INFO    ] Request processed in 7113ms — endpoint /api/v1/data
2025-01-01 07:37:11 [INFO    ] User login successful for user_id=8679
2025-01-01 07:37:19 [INFO    ] Request processed in 8128ms — endpoint /api/v1/data
2025-01-01 07:37:29 [INFO    ] Request processed in 3006ms — endpoint /api/v1/data
2025-01-01 07:37:38 [DEBUG   ] Serializing response object — 8118 fields found
2025-01-01 07:37:46 [INFO    ] Cache hit ratio at 5717% for the last 60 seconds
2025-01-01 07:37:49 [DEBUG   ] Entering function process_batch() with batch_size=3568
2025-01-01 07:37:54 [ERROR   ] Authentication token expired for user_id=8886
2025-01-01 07:37:58 [CRITICAL] Data corruption detected in table 'transactions' at row 4354
2025-01-01 07:37:59 [WARNING ] Retry attempt 5274 of 3 for downstream service call
2025-01-01 07:38:00 [INFO    ] Cache hit ratio at 4236% for the last 60 seconds
2025-01-01 07:38:04 [WARNING ] Memory usage at 8991MB — approaching soft limit of 512MB
2025-01-01 07:38:14 [DEBUG   ] Checkpoint reached at loop iteration 2675
2025-01-01 07:38:21 [DEBUG   ] Serializing response object — 9703 fields found
2025-01-01 07:38:23 [INFO    ] New session created — session_id=8017
2025-01-01 07:38:33 [INFO    ] New session created — session_id=8042
2025-01-01 07:38:41 [INFO    ] User login successful for user_id=5477
2025-01-01 07:38:45 [WARNING ] Response time exceeded threshold: 3672ms (limit: 500ms)
2025-01-01 07:38:48 [DEBUG   ] Lock acquired on resource 'invoice_5996' by thread-6605
2025-01-01 07:38:50 [WARNING ] Memory usage at 9713MB — approaching soft limit of 512MB
2025-01-01 07:39:00 [INFO    ] Config reloaded from disk — version=8868
2025-01-01 07:39:07 [ERROR   ] Unhandled exception in worker thread-41: IndexError
2025-01-01 07:39:10 [INFO    ] User login successful for user_id=3152
2025-01-01 07:39:15 [INFO    ] Database connection pool size: 5795/20
2025-01-01 07:39:16 [INFO    ] User login successful for user_id=1069
2025-01-01 07:39:21 [INFO    ] User login successful for user_id=1450
2025-01-01 07:39:31 [INFO    ] Cache hit ratio at 4188% for the last 60 seconds
2025-01-01 07:39:32 [INFO    ] Request processed in 709ms — endpoint /api/v1/data
2025-01-01 07:39:34 [INFO    ] Cache hit ratio at 2997% for the last 60 seconds
2025-01-01 07:39:40 [INFO    ] Config reloaded from disk — version=6243
2025-01-01 07:39:42 [WARNING ] Memory usage at 5808MB — approaching soft limit of 512MB
2025-01-01 07:39:46 [INFO    ] New session created — session_id=8478
2025-01-01 07:39:53 [DEBUG   ] Checkpoint reached at loop iteration 3052
2025-01-01 07:39:58 [INFO    ] User login successful for user_id=8095
2025-01-01 07:40:02 [INFO    ] Config reloaded from disk — version=6917
2025-01-01 07:40:10 [INFO    ] New session created — session_id=2601
2025-01-01 07:40:19 [INFO    ] New session created — session_id=6928
2025-01-01 07:40:21 [INFO    ] Database connection pool size: 6539/20
2025-01-01 07:40:26 [DEBUG   ] Checkpoint reached at loop iteration 7187
2025-01-01 07:40:35 [WARNING ] Response time exceeded threshold: 3356ms (limit: 500ms)
2025-01-01 07:40:39 [ERROR   ] Failed to connect to database after 8639 retries — giving up
2025-01-01 07:40:42 [WARNING ] Response time exceeded threshold: 8815ms (limit: 500ms)
2025-01-01 07:40:52 [ERROR   ] Unhandled exception in worker thread-152: IndexError
2025-01-01 07:41:02 [INFO    ] Config reloaded from disk — version=2939
2025-01-01 07:41:08 [INFO    ] Config reloaded from disk — version=4647
2025-01-01 07:41:15 [INFO    ] Database connection pool size: 3142/20
2025-01-01 07:41:16 [ERROR   ] Authentication token expired for user_id=6291
2025-01-01 07:41:21 [ERROR   ] Unhandled exception in worker thread-9122: IndexError
2025-01-01 07:41:31 [INFO    ] Database connection pool size: 9335/20
2025-01-01 07:41:39 [INFO    ] Request processed in 1421ms — endpoint /api/v1/data
2025-01-01 07:41:49 [INFO    ] User login successful for user_id=5585
2025-01-01 07:41:56 [INFO    ] User login successful for user_id=6211
2025-01-01 07:41:57 [ERROR   ] Failed to connect to database after 8409 retries — giving up
2025-01-01 07:42:05 [INFO    ] New session created — session_id=9353
2025-01-01 07:42:14 [INFO    ] Config reloaded from disk — version=512
2025-01-01 07:42:18 [ERROR   ] HTTP 500 returned for request_id=3626 — internal server error
2025-01-01 07:42:19 [INFO    ] Database connection pool size: 5748/20
2025-01-01 07:42:24 [WARNING ] Disk usage at 8262% on volume /dev/sda1 — consider cleanup
2025-01-01 07:42:28 [ERROR   ] HTTP 500 returned for request_id=4662 — internal server error
2025-01-01 07:42:30 [INFO    ] Cache hit ratio at 9026% for the last 60 seconds
2025-01-01 07:42:32 [ERROR   ] File not found: /var/data/report_6773.csv
2025-01-01 07:42:40 [CRITICAL] SYSTEM SHUTDOWN INITIATED — out of memory (used: 874MB / 512MB)
2025-01-01 07:42:43 [ERROR   ] HTTP 500 returned for request_id=7291 — internal server error
2025-01-01 07:42:49 [INFO    ] Database connection pool size: 9185/20
2025-01-01 07:42:58 [INFO    ] Request processed in 6385ms — endpoint /api/v1/data
2025-01-01 07:43:05 [INFO    ] Database connection pool size: 2544/20
2025-01-01 07:43:11 [INFO    ] Scheduled job 'cleanup_temp_files' completed in 7502s
2025-01-01 07:43:19 [INFO    ] Request processed in 4620ms — endpoint /api/v1/data
2025-01-01 07:43:27 [WARNING ] Retry attempt 2880 of 3 for downstream service call
2025-01-01 07:43:32 [DEBUG   ] Serializing response object — 9241 fields found
2025-01-01 07:43:37 [INFO    ] Database connection pool size: 9519/20
2025-01-01 07:43:43 [INFO    ] User login successful for user_id=7600
2025-01-01 07:43:50 [INFO    ] Scheduled job 'cleanup_temp_files' completed in 7843s
2025-01-01 07:43:59 [WARNING ] Disk usage at 1265% on volume /dev/sda1 — consider cleanup
2025-01-01 07:44:07 [INFO    ] User login successful for user_id=6080
2025-01-01 07:44:08 [INFO    ] Request processed in 7898ms — endpoint /api/v1/data
2025-01-01 07:44:14 [ERROR   ] Unhandled exception in worker thread-6151: IndexError
2025-01-01 07:44:20 [WARNING ] Disk usage at 2260% on volume /dev/sda1 — consider cleanup
2025-01-01 07:44:23 [INFO    ] Config reloaded from disk — version=3119
2025-01-01 07:44:25 [INFO    ] Cache hit ratio at 1517% for the last 60 seconds
2025-01-01 07:44:33 [WARNING ] Response time exceeded threshold: 7685ms (limit: 500ms)
2025-01-01 07:44:37 [INFO    ] Cache hit ratio at 8618% for the last 60 seconds
2025-01-01 07:44:38 [ERROR   ] Unhandled exception in worker thread-9726: IndexError
2025-01-01 07:44:41 [ERROR   ] NullPointerException in module payments.processor at line 9848
2025-01-01 07:44:44 [DEBUG   ] Checkpoint reached at loop iteration 3587
2025-01-01 07:44:50 [INFO    ] Cache hit ratio at 3335% for the last 60 seconds
2025-01-01 07:44:57 [INFO    ] User login successful for user_id=2982
2025-01-01 07:45:02 [INFO    ] Request processed in 1927ms — endpoint /api/v1/data
2025-01-01 07:45:06 [ERROR   ] File not found: /var/data/report_7879.csv
2025-01-01 07:45:16 [INFO    ] User login successful for user_id=4644
2025-01-01 07:45:23 [INFO    ] Request processed in 6971ms — endpoint /api/v1/data
2025-01-01 07:45:29 [WARNING ] Rate limit at 4025% for IP 192.168.3729.6432
2025-01-01 07:45:37 [ERROR   ] Failed to connect to database after 5173 retries — giving up
2025-01-01 07:45:38 [DEBUG   ] Cache miss for key='user_profile_7699' — fetching from DB
2025-01-01 07:45:44 [INFO    ] Config reloaded from disk — version=4477
2025-01-01 07:45:53 [DEBUG   ] Entering function process_batch() with batch_size=3108
2025-01-01 07:45:58 [DEBUG   ] Checkpoint reached at loop iteration 5481
2025-01-01 07:46:01 [WARNING ] Rate limit at 2170% for IP 192.168.2007.1700
2025-01-01 07:46:06 [ERROR   ] HTTP 500 returned for request_id=3189 — internal server error
2025-01-01 07:46:12 [INFO    ] Database connection pool size: 4346/20
2025-01-01 07:46:22 [WARNING ] Memory usage at 447MB — approaching soft limit of 512MB
2025-01-01 07:46:32 [WARNING ] Deprecated API endpoint /v1/legacy called by client 5499
2025-01-01 07:46:35 [INFO    ] New session created — session_id=375
2025-01-01 07:46:45 [CRITICAL] Security breach detected: 6599 failed login attempts from IP 10.0.6080.6121
2025-01-01 07:46:55 [DEBUG   ] SQL query executed: SELECT * FROM orders WHERE id=1080 (6433ms)
2025-01-01 07:46:56 [ERROR   ] File not found: /var/data/report_1145.csv
2025-01-01 07:47:01 [CRITICAL] SSL certificate expires in 5153 hours — immediate action required
2025-01-01 07:47:05 [ERROR   ] HTTP 500 returned for request_id=7103 — internal server error
2025-01-01 07:47:12 [WARNING ] Response time exceeded threshold: 979ms (limit: 500ms)
2025-01-01 07:47:17 [INFO    ] Request processed in 6826ms — endpoint /api/v1/data
2025-01-01 07:47:25 [INFO    ] Cache hit ratio at 6203% for the last 60 seconds
2025-01-01 07:47:28 [DEBUG   ] Serializing response object — 2885 fields found
2025-01-01 07:47:31 [ERROR   ] NullPointerException in module payments.processor at line 7256
2025-01-01 07:47:41 [INFO    ] User login successful for user_id=4883
2025-01-01 07:47:49 [INFO    ] Config reloaded from disk — version=5296
2025-01-01 07:47:51 [INFO    ] Scheduled job 'cleanup_temp_files' completed in 6588s
2025-01-01 07:47:58 [WARNING ] Memory usage at 2869MB — approaching soft limit of 512MB
2025-01-01 07:48:02 [ERROR   ] NullPointerException in module payments.processor at line 7407
2025-01-01 07:48:11 [INFO    ] Config reloaded from disk — version=6932
2025-01-01 07:48:19 [INFO    ] Cache hit ratio at 6477% for the last 60 seconds
2025-01-01 07:48:27 [INFO    ] Database connection pool size: 485/20
2025-01-01 07:48:37 [WARNING ] Memory usage at 5250MB — approaching soft limit of 512MB
2025-01-01 07:48:47 [INFO    ] Database connection pool size: 5996/20
2025-01-01 07:48:52 [INFO    ] Database connection pool size: 8112/20
2025-01-01 07:49:01 [CRITICAL] Security breach detected: 1227 failed login attempts from IP 10.0.7248.8920
2025-01-01 07:49:09 [ERROR   ] Unhandled exception in worker thread-1226: IndexError
2025-01-01 07:49:19 [INFO    ] Request processed in 5591ms — endpoint /api/v1/data
2025-01-01 07:49:29 [ERROR   ] Authentication token expired for user_id=9557
2025-01-01 07:49:37 [ERROR   ] HTTP 500 returned for request_id=8086 — internal server error
2025-01-01 07:49:43 [INFO    ] Database connection pool size: 2333/20
2025-01-01 07:49:52 [DEBUG   ] SQL query executed: SELECT * FROM orders WHERE id=9267 (492ms)
2025-01-01 07:49:56 [WARNING ] Retry attempt 7232 of 3 for downstream service call
2025-01-01 07:50:04 [WARNING ] Retry attempt 3215 of 3 for downstream service call
2025-01-01 07:50:09 [INFO    ] Cache hit ratio at 6287% for the last 60 seconds
2025-01-01 07:50:12 [INFO    ] New session created — session_id=4385
2025-01-01 07:50:18 [INFO    ] Scheduled job 'cleanup_temp_files' completed in 6750s
2025-01-01 07:50:27 [INFO    ] User login successful for user_id=7304
2025-01-01 07:50:28 [CRITICAL] SSL certificate expires in 9572 hours — immediate action required
2025-01-01 07:50:38 [INFO    ] Scheduled job 'cleanup_temp_files' completed in 9328s
2025-01-01 07:50:40 [DEBUG   ] Serializing response object — 6132 fields found
2025-01-01 07:50:44 [ERROR   ] Unhandled exception in worker thread-1996: IndexError
2025-01-01 07:50:47 [INFO    ] New session created — session_id=166
2025-01-01 07:50:52 [DEBUG   ] Serializing response object — 4597 fields found
2025-01-01 07:50:58 [INFO    ] Request processed in 4525ms — endpoint /api/v1/data
2025-01-01 07:51:03 [WARNING ] Response time exceeded threshold: 2440ms (limit: 500ms)
2025-01-01 07:51:04 [INFO    ] User login successful for user_id=9386
2025-01-01 07:51:12 [WARNING ] Retry attempt 1340 of 3 for downstream service call
2025-01-01 07:51:16 [DEBUG   ] Cache miss for key='user_profile_1195' — fetching from DB
2025-01-01 07:51:20 [INFO    ] Database connection pool size: 4378/20
2025-01-01 07:51:24 [DEBUG   ] Cache miss for key='user_profile_5392' — fetching from DB
2025-01-01 07:51:26 [DEBUG   ] Serializing response object — 7281 fields found
2025-01-01 07:51:33 [DEBUG   ] Serializing response object — 4363 fields found
2025-01-01 07:51:41 [ERROR   ] Authentication token expired for user_id=4713
2025-01-01 07:51:49 [ERROR   ] Failed to connect to database after 4537 retries — giving up
2025-01-01 07:51:59 [INFO    ] Request processed in 3582ms — endpoint /api/v1/data
2025-01-01 07:52:04 [INFO    ] Config reloaded from disk — version=3675
2025-01-01 07:52:07 [INFO    ] Cache hit ratio at 7155% for the last 60 seconds
2025-01-01 07:52:15 [INFO    ] Request processed in 3423ms — endpoint /api/v1/data
2025-01-01 07:52:18 [INFO    ] Config reloaded from disk — version=8914
2025-01-01 07:52:26 [ERROR   ] File not found: /var/data/report_9891.csv
2025-01-01 07:52:27 [ERROR   ] Authentication token expired for user_id=9960
2025-01-01 07:52:29 [INFO    ] Cache hit ratio at 5554% for the last 60 seconds
2025-01-01 07:52:39 [INFO    ] Cache hit ratio at 5767% for the last 60 seconds
2025-01-01 07:52:40 [WARNING ] Deprecated API endpoint /v1/legacy called by client 1340
2025-01-01 07:52:41 [WARNING ] Rate limit at 9607% for IP 192.168.5428.2427
2025-01-01 07:52:50 [WARNING ] Disk usage at 5810% on volume /dev/sda1 — consider cleanup
2025-01-01 07:52:57 [INFO    ] New session created — session_id=7901
2025-01-01 07:53:00 [ERROR   ] Unhandled exception in worker thread-2649: IndexError
2025-01-01 07:53:01 [DEBUG   ] Cache miss for key='user_profile_1568' — fetching from DB
2025-01-01 07:53:09 [DEBUG   ] Serializing response object — 9289 fields found
2025-01-01 07:53:14 [ERROR   ] Authentication token expired for user_id=8289
2025-01-01 07:53:22 [CRITICAL] SYSTEM SHUTDOWN INITIATED — out of memory (used: 2318MB / 512MB)
2025-01-01 07:53:29 [INFO    ] Config reloaded from disk — version=5894
2025-01-01 07:53:33 [ERROR   ] NullPointerException in module payments.processor at line 8878
2025-01-01 07:53:36 [INFO    ] Request processed in 358ms — endpoint /api/v1/data
2025-01-01 07:53:44 [DEBUG   ] SQL query executed: SELECT * FROM orders WHERE id=495 (5529ms)
2025-01-01 07:53:50 [CRITICAL] Security breach detected: 3830 failed login attempts from IP 10.0.2424.7924
2025-01-01 07:53:54 [INFO    ] Request processed in 5214ms — endpoint /api/v1/data
2025-01-01 07:53:58 [INFO    ] Request processed in 8470ms — endpoint /api/v1/data
2025-01-01 07:53:59 [INFO    ] Scheduled job 'cleanup_temp_files' completed in 472s
2025-01-01 07:54:03 [WARNING ] Response time exceeded threshold: 2434ms (limit: 500ms)
2025-01-01 07:54:11 [WARNING ] Retry attempt 241 of 3 for downstream service call
2025-01-01 07:54:21 [INFO    ] Scheduled job 'cleanup_temp_files' completed in 6252s
2025-01-01 07:54:25 [ERROR   ] Failed to connect to database after 395 retries — giving up
2025-01-01 07:54:30 [ERROR   ] HTTP 500 returned for request_id=6135 — internal server error
2025-01-01 07:54:34 [INFO    ] Request processed in 949ms — endpoint /api/v1/data
2025-01-01 07:54:44 [INFO    ] New session created — session_id=8656
2025-01-01 07:54:49 [WARNING ] Deprecated API endpoint /v1/legacy called by client 2272
2025-01-01 07:54:50 [INFO    ] New session created — session_id=3098
2025-01-01 07:54:59 [INFO    ] Database connection pool size: 7098/20
2025-01-01 07:55:09 [WARNING ] Disk usage at 8071% on volume /dev/sda1 — consider cleanup
2025-01-01 07:55:16 [CRITICAL] Primary database unreachable — all writes failing, queue depth: 7706
2025-01-01 07:55:24 [DEBUG   ] Checkpoint reached at loop iteration 6530
2025-01-01 07:55:31 [INFO    ] Scheduled job 'cleanup_temp_files' completed in 6902s
2025-01-01 07:55:33 [WARNING ] Response time exceeded threshold: 5587ms (limit: 500ms)
2025-01-01 07:55:39 [DEBUG   ] SQL query executed: SELECT * FROM orders WHERE id=5357 (1538ms)
2025-01-01 07:55:42 [INFO    ] Cache hit ratio at 2% for the last 60 seconds
2025-01-01 07:55:45 [ERROR   ] Authentication token expired for user_id=7267
2025-01-01 07:55:51 [INFO    ] Cache hit ratio at 7166% for the last 60 seconds
2025-01-01 07:55:55 [INFO    ] Cache hit ratio at 2887% for the last 60 seconds
2025-01-01 07:55:56 [DEBUG   ] Cache miss for key='user_profile_1332' — fetching from DB
2025-01-01 07:56:01 [INFO    ] Config reloaded from disk — version=160
2025-01-01 07:56:05 [WARNING ] Rate limit at 2329% for IP 192.168.8423.374
2025-01-01 07:56:15 [ERROR   ] Authentication token expired for user_id=339
2025-01-01 07:56:20 [DEBUG   ] Serializing response object — 4954 fields found
2025-01-01 07:56:25 [WARNING ] Deprecated API endpoint /v1/legacy called by client 2648
2025-01-01 07:56:32 [CRITICAL] SSL certificate expires in 3559 hours — immediate action required
2025-01-01 07:56:38 [WARNING ] Rate limit at 6236% for IP 192.168.4760.4176
2025-01-01 07:56:48 [INFO    ] Scheduled job 'cleanup_temp_files' completed in 3847s
2025-01-01 07:56:56 [CRITICAL] Data corruption detected in table 'transactions' at row 7357
2025-01-01 07:57:05 [INFO    ] Database connection pool size: 2959/20
2025-01-01 07:57:12 [CRITICAL] Data corruption detected in table 'transactions' at row 756
2025-01-01 07:57:19 [INFO    ] Request processed in 8586ms — endpoint /api/v1/data
2025-01-01 07:57:25 [INFO    ] Database connection pool size: 9615/20
2025-01-01 07:57:33 [INFO    ] New session created — session_id=6981
2025-01-01 07:57:39 [WARNING ] Disk usage at 449% on volume /dev/sda1 — consider cleanup
2025-01-01 07:57:46 [INFO    ] Database connection pool size: 5326/20
2025-01-01 07:57:51 [WARNING ] Rate limit at 3823% for IP 192.168.9248.6975
2025-01-01 07:57:54 [INFO    ] Config reloaded from disk — version=4681
2025-01-01 07:57:59 [INFO    ] Database connection pool size: 6138/20
2025-01-01 07:58:06 [WARNING ] Disk usage at 8299% on volume /dev/sda1 — consider cleanup
2025-01-01 07:58:08 [WARNING ] Retry attempt 8611 of 3 for downstream service call
2025-01-01 07:58:10 [DEBUG   ] Checkpoint reached at loop iteration 2161
2025-01-01 07:58:12 [DEBUG   ] Serializing response object — 9471 fields found
2025-01-01 07:58:14 [ERROR   ] File not found: /var/data/report_7881.csv
2025-01-01 07:58:23 [INFO    ] Config reloaded from disk — version=8693
2025-01-01 07:58:27 [INFO    ] User login successful for user_id=7871
2025-01-01 07:58:36 [INFO    ] Cache hit ratio at 6100% for the last 60 seconds
2025-01-01 07:58:46 [WARNING ] Rate limit at 6497% for IP 192.168.620.8345
2025-01-01 07:58:52 [ERROR   ] File not found: /var/data/report_5281.csv
2025-01-01 07:58:53 [INFO    ] New session created — session_id=24
2025-01-01 07:58:56 [WARNING ] Retry attempt 1249 of 3 for downstream service call
2025-01-01 07:58:57 [INFO    ] Database connection pool size: 6553/20
2025-01-01 07:59:05 [INFO    ] Request processed in 2550ms — endpoint /api/v1/data
2025-01-01 07:59:06 [WARNING ] Response time exceeded threshold: 9303ms (limit: 500ms)
2025-01-01 07:59:13 [WARNING ] Retry attempt 5269 of 3 for downstream service call
2025-01-01 07:59:15 [INFO    ] Config reloaded from disk — version=9791
2025-01-01 07:59:18 [CRITICAL] SYSTEM SHUTDOWN INITIATED — out of memory (used: 2764MB / 512MB)
2025-01-01 07:59:21 [DEBUG   ] Cache miss for key='user_profile_6948' — fetching from DB
2025-01-01 07:59:22 [INFO    ] Cache hit ratio at 7409% for the last 60 seconds
2025-01-01 07:59:26 [INFO    ] Cache hit ratio at 4795% for the last 60 seconds
2025-01-01 07:59:35 [WARNING ] Memory usage at 3077MB — approaching soft limit of 512MB
2025-01-01 07:59:43 [INFO    ] Request processed in 1756ms — endpoint /api/v1/data
2025-01-01 07:59:48 [INFO    ] Scheduled job 'cleanup_temp_files' completed in 1534s
2025-01-01 07:59:53 [INFO    ] Scheduled job 'cleanup_temp_files' completed in 4085s
2025-01-01 08:00:00 [WARNING ] Retry attempt 3904 of 3 for downstream service call
2025-01-01 08:00:09 [INFO    ] Request processed in 8155ms — endpoint /api/v1/data
2025-01-01 08:00:12 [ERROR   ] Failed to connect to database after 6814 retries — giving up
2025-01-01 08:00:13 [INFO    ] Scheduled job 'cleanup_temp_files' completed in 360s
2025-01-01 08:00:17 [WARNING ] Retry attempt 3096 of 3 for downstream service call
2025-01-01 08:00:27 [DEBUG   ] Entering function process_batch() with batch_size=2617
2025-01-01 08:00:28 [INFO    ] Database connection pool size: 5014/20
2025-01-01 08:00:30 [INFO    ] User login successful for user_id=1149
2025-01-01 08:00:34 [INFO    ] New session created — session_id=7454
2025-01-01 08:00:42 [INFO    ] Cache hit ratio at 1931% for the last 60 seconds
2025-01-01 08:00:51 [INFO    ] New session created — session_id=981
2025-01-01 08:00:55 [INFO    ] Cache hit ratio at 5689% for the last 60 seconds
2025-01-01 08:01:04 [INFO    ] Cache hit ratio at 9630% for the last 60 seconds
2025-01-01 08:01:13 [DEBUG   ] Serializing response object — 1909 fields found
2025-01-01 08:01:16 [DEBUG   ] Serializing response object — 6579 fields found
2025-01-01 08:01:20 [INFO    ] Request processed in 9035ms — endpoint /api/v1/data
2025-01-01 08:01:23 [INFO    ] Cache hit ratio at 9371% for the last 60 seconds
2025-01-01 08:01:33 [CRITICAL] SSL certificate expires in 9279 hours — immediate action required
2025-01-01 08:01:35 [INFO    ] Config reloaded from disk — version=2894
2025-01-01 08:01:36 [INFO    ] User login successful for user_id=3538
2025-01-01 08:01:38 [CRITICAL] Data corruption detected in table 'transactions' at row 7413
2025-01-01 08:01:44 [DEBUG   ] Cache miss for key='user_profile_2898' — fetching from DB
2025-01-01 08:01:48 [ERROR   ] Unhandled exception in worker thread-6144: IndexError
2025-01-01 08:01:54 [INFO    ] Database connection pool size: 1975/20
2025-01-01 08:02:00 [ERROR   ] NullPointerException in module payments.processor at line 8648
2025-01-01 08:02:09 [INFO    ] User login successful for user_id=3150
2025-01-01 08:02:11 [WARNING ] Rate limit at 2424% for IP 192.168.6905.4679
2025-01-01 08:02:18 [CRITICAL] Primary database unreachable — all writes failing, queue depth: 5160
2025-01-01 08:02:27 [ERROR   ] HTTP 500 returned for request_id=170 — internal server error
2025-01-01 08:02:34 [ERROR   ] Authentication token expired for user_id=5188
2025-01-01 08:02:39 [ERROR   ] NullPointerException in module payments.processor at line 8407
2025-01-01 08:02:40 [DEBUG   ] Cache miss for key='user_profile_7843' — fetching from DB
2025-01-01 08:02:42 [INFO    ] Scheduled job 'cleanup_temp_files' completed in 9007s
2025-01-01 08:02:45 [ERROR   ] Authentication token expired for user_id=953
2025-01-01 08:02:55 [CRITICAL] SSL certificate expires in 2900 hours — immediate action required
2025-01-01 08:03:04 [ERROR   ] File not found: /var/data/report_8814.csv
2025-01-01 08:03:05 [WARNING ] Retry attempt 9773 of 3 for downstream service call
2025-01-01 08:03:14 [DEBUG   ] Lock acquired on resource 'invoice_3489' by thread-9517
2025-01-01 08:03:24 [INFO    ] User login successful for user_id=5562
2025-01-01 08:03:28 [INFO    ] Config reloaded from disk — version=2651
2025-01-01 08:03:38 [WARNING ] Response time exceeded threshold: 1179ms (limit: 500ms)
2025-01-01 08:03:46 [WARNING ] Rate limit at 886% for IP 192.168.3841.7542
2025-01-01 08:03:52 [INFO    ] User login successful for user_id=8231
2025-01-01 08:03:54 [INFO    ] User login successful for user_id=7610
2025-01-01 08:04:01 [WARNING ] Disk usage at 8221% on volume /dev/sda1 — consider cleanup
2025-01-01 08:04:05 [ERROR   ] Authentication token expired for user_id=5998
2025-01-01 08:04:13 [DEBUG   ] Serializing response object — 3699 fields found
2025-01-01 08:04:21 [INFO    ] User login successful for user_id=2771
2025-01-01 08:04:25 [INFO    ] User login successful for user_id=234
2025-01-01 08:04:35 [INFO    ] Request processed in 1799ms — endpoint /api/v1/data
2025-01-01 08:04:39 [WARNING ] Retry attempt 2946 of 3 for downstream service call
2025-01-01 08:04:44 [WARNING ] Memory usage at 9822MB — approaching soft limit of 512MB
2025-01-01 08:04:49 [WARNING ] Response time exceeded threshold: 7986ms (limit: 500ms)
2025-01-01 08:04:52 [INFO    ] Database connection pool size: 9098/20
2025-01-01 08:04:56 [INFO    ] Scheduled job 'cleanup_temp_files' completed in 1844s
2025-01-01 08:04:59 [DEBUG   ] Lock acquired on resource 'invoice_7496' by thread-425
2025-01-01 08:05:07 [CRITICAL] Primary database unreachable — all writes failing, queue depth: 1444
2025-01-01 08:05:16 [INFO    ] Cache hit ratio at 114% for the last 60 seconds
2025-01-01 08:05:24 [ERROR   ] NullPointerException in module payments.processor at line 7872
2025-01-01 08:05:27 [WARNING ] Response time exceeded threshold: 7634ms (limit: 500ms)
2025-01-01 08:05:28 [WARNING ] Rate limit at 434% for IP 192.168.5106.8474
2025-01-01 08:05:31 [ERROR   ] Unhandled exception in worker thread-6391: IndexError
2025-01-01 08:05:32 [INFO    ] Request processed in 3405ms — endpoint /api/v1/data
2025-01-01 08:05:41 [INFO    ] Request processed in 299ms — endpoint /api/v1/data
2025-01-01 08:05:46 [WARNING ] Retry attempt 4597 of 3 for downstream service call
2025-01-01 08:05:54 [INFO    ] Database connection pool size: 4723/20
2025-01-01 08:06:03 [WARNING ] Rate limit at 714% for IP 192.168.2667.8189
2025-01-01 08:06:05 [ERROR   ] Unhandled exception in worker thread-8656: IndexError
2025-01-01 08:06:12 [INFO    ] Request processed in 3644ms — endpoint /api/v1/data
2025-01-01 08:06:16 [ERROR   ] Authentication token expired for user_id=8941
2025-01-01 08:06:21 [INFO    ] Scheduled job 'cleanup_temp_files' completed in 8889s
2025-01-01 08:06:29 [INFO    ] Config reloaded from disk — version=4282
2025-01-01 08:06:34 [INFO    ] Database connection pool size: 9446/20
2025-01-01 08:06:40 [WARNING ] Memory usage at 7277MB — approaching soft limit of 512MB
2025-01-01 08:06:50 [INFO    ] Request processed in 1234ms — endpoint /api/v1/data
2025-01-01 08:06:51 [INFO    ] Cache hit ratio at 8045% for the last 60 seconds
2025-01-01 08:06:58 [ERROR   ] Unhandled exception in worker thread-1556: IndexError
2025-01-01 08:07:08 [INFO    ] Request processed in 1273ms — endpoint /api/v1/data
2025-01-01 08:07:18 [WARNING ] Memory usage at 2382MB — approaching soft limit of 512MB
2025-01-01 08:07:19 [DEBUG   ] Checkpoint reached at loop iteration 1438
2025-01-01 08:07:20 [ERROR   ] File not found: /var/data/report_9085.csv
2025-01-01 08:07:22 [WARNING ] Rate limit at 9024% for IP 192.168.1573.3349
2025-01-01 08:07:29 [INFO    ] Scheduled job 'cleanup_temp_files' completed in 667s
2025-01-01 08:07:36 [INFO    ] New session created — session_id=2972
2025-01-01 08:07:42 [INFO    ] Cache hit ratio at 6407% for the last 60 seconds
2025-01-01 08:07:52 [DEBUG   ] Entering function process_batch() with batch_size=3481
2025-01-01 08:07:57 [WARNING ] Rate limit at 9618% for IP 192.168.2646.8341
2025-01-01 08:08:00 [WARNING ] Rate limit at 5717% for IP 192.168.7805.8919
2025-01-01 08:08:01 [INFO    ] User login successful for user_id=3329
2025-01-01 08:08:07 [INFO    ] Database connection pool size: 2913/20
2025-01-01 08:08:12 [INFO    ] Database connection pool size: 4216/20
2025-01-01 08:08:20 [INFO    ] Scheduled job 'cleanup_temp_files' completed in 3707s
2025-01-01 08:08:26 [INFO    ] Request processed in 5590ms — endpoint /api/v1/data
2025-01-01 08:08:31 [INFO    ] Config reloaded from disk — version=5112
2025-01-01 08:08:41 [WARNING ] Deprecated API endpoint /v1/legacy called by client 7308
2025-01-01 08:08:49 [WARNING ] Disk usage at 7160% on volume /dev/sda1 — consider cleanup
2025-01-01 08:08:50 [INFO    ] Config reloaded from disk — version=8717
2025-01-01 08:08:54 [DEBUG   ] Checkpoint reached at loop iteration 994
2025-01-01 08:09:04 [INFO    ] Database connection pool size: 7946/20
2025-01-01 08:09:13 [WARNING ] Response time exceeded threshold: 1875ms (limit: 500ms)
2025-01-01 08:09:19 [WARNING ] Disk usage at 7382% on volume /dev/sda1 — consider cleanup
2025-01-01 08:09:28 [WARNING ] Memory usage at 123MB — approaching soft limit of 512MB
2025-01-01 08:09:29 [INFO    ] User login successful for user_id=4450
2025-01-01 08:09:37 [INFO    ] Request processed in 1981ms — endpoint /api/v1/data
2025-01-01 08:09:45 [INFO    ] Cache hit ratio at 5395% for the last 60 seconds
2025-01-01 08:09:50 [WARNING ] Rate limit at 9186% for IP 192.168.6340.9540
2025-01-01 08:09:59 [INFO    ] Scheduled job 'cleanup_temp_files' completed in 6858s
2025-01-01 08:10:05 [INFO    ] Scheduled job 'cleanup_temp_files' completed in 1072s
2025-01-01 08:10:12 [WARNING ] Retry attempt 6747 of 3 for downstream service call
2025-01-01 08:10:15 [DEBUG   ] Entering function process_batch() with batch_size=5385
2025-01-01 08:10:16 [ERROR   ] File not found: /var/data/report_7508.csv
2025-01-01 08:10:25 [INFO    ] Database connection pool size: 1962/20
2025-01-01 08:10:26 [CRITICAL] SYSTEM SHUTDOWN INITIATED — out of memory (used: 5119MB / 512MB)
2025-01-01 08:10:30 [INFO    ] Database connection pool size: 2401/20
2025-01-01 08:10:38 [INFO    ] Cache hit ratio at 572% for the last 60 seconds
2025-01-01 08:10:45 [WARNING ] Memory usage at 5755MB — approaching soft limit of 512MB
2025-01-01 08:10:46 [ERROR   ] Authentication token expired for user_id=5878
2025-01-01 08:10:52 [INFO    ] Cache hit ratio at 384% for the last 60 seconds
2025-01-01 08:11:01 [ERROR   ] Failed to connect to database after 9660 retries — giving up
2025-01-01 08:11:05 [INFO    ] Scheduled job 'cleanup_temp_files' completed in 4864s
2025-01-01 08:11:10 [WARNING ] Response time exceeded threshold: 5708ms (limit: 500ms)
2025-01-01 08:11:19 [INFO    ] Database connection pool size: 1441/20
2025-01-01 08:11:23 [ERROR   ] Authentication token expired for user_id=6016
2025-01-01 08:11:29 [INFO    ] New session created — session_id=4401
2025-01-01 08:11:30 [INFO    ] Config reloaded from disk — version=7200
2025-01-01 08:11:36 [INFO    ] Cache hit ratio at 2156% for the last 60 seconds
2025-01-01 08:11:42 [ERROR   ] Authentication token expired for user_id=8973
2025-01-01 08:11:46 [INFO    ] New session created — session_id=3041
2025-01-01 08:11:51 [DEBUG   ] Cache miss for key='user_profile_4520' — fetching from DB
2025-01-01 08:12:00 [INFO    ] New session created — session_id=5409
2025-01-01 08:12:07 [ERROR   ] NullPointerException in module payments.processor at line 7838
2025-01-01 08:12:09 [WARNING ] Memory usage at 9655MB — approaching soft limit of 512MB
2025-01-01 08:12:16 [ERROR   ] Authentication token expired for user_id=4387
2025-01-01 08:12:18 [WARNING ] Deprecated API endpoint /v1/legacy called by client 3139
2025-01-01 08:12:24 [WARNING ] Disk usage at 3215% on volume /dev/sda1 — consider cleanup
2025-01-01 08:12:31 [INFO    ] New session created — session_id=6849
2025-01-01 08:12:33 [INFO    ] Cache hit ratio at 4818% for the last 60 seconds
2025-01-01 08:12:35 [ERROR   ] NullPointerException in module payments.processor at line 6352
2025-01-01 08:12:39 [WARNING ] Disk usage at 9477% on volume /dev/sda1 — consider cleanup
2025-01-01 08:12:45 [INFO    ] Request processed in 4696ms — endpoint /api/v1/data
2025-01-01 08:12:52 [WARNING ] Retry attempt 7501 of 3 for downstream service call
2025-01-01 08:12:58 [WARNING ] Retry attempt 8303 of 3 for downstream service call
2025-01-01 08:12:59 [DEBUG   ] SQL query executed: SELECT * FROM orders WHERE id=7135 (8758ms)
2025-01-01 08:13:03 [INFO    ] Cache hit ratio at 5018% for the last 60 seconds
2025-01-01 08:13:09 [WARNING ] Response time exceeded threshold: 8770ms (limit: 500ms)
2025-01-01 08:13:14 [ERROR   ] File not found: /var/data/report_7690.csv
2025-01-01 08:13:20 [DEBUG   ] SQL query executed: SELECT * FROM orders WHERE id=5426 (9444ms)
2025-01-01 08:13:23 [WARNING ] Retry attempt 1110 of 3 for downstream service call
2025-01-01 08:13:29 [INFO    ] Scheduled job 'cleanup_temp_files' completed in 5822s
2025-01-01 08:13:37 [ERROR   ] Authentication token expired for user_id=6349
2025-01-01 08:13:42 [INFO    ] Database connection pool size: 3776/20
2025-01-01 08:13:46 [INFO    ] New session created — session_id=4412
2025-01-01 08:13:52 [DEBUG   ] Lock acquired on resource 'invoice_4539' by thread-7235
2025-01-01 08:14:01 [ERROR   ] Failed to connect to database after 8864 retries — giving up
2025-01-01 08:14:06 [INFO    ] Database connection pool size: 2062/20
2025-01-01 08:14:15 [INFO    ] Scheduled job 'cleanup_temp_files' completed in 5822s
2025-01-01 08:14:24 [WARNING ] Memory usage at 4591MB — approaching soft limit of 512MB
2025-01-01 08:14:32 [INFO    ] Request processed in 4730ms — endpoint /api/v1/data
2025-01-01 08:14:38 [INFO    ] Config reloaded from disk — version=6019
2025-01-01 08:14:39 [DEBUG   ] Checkpoint reached at loop iteration 9783
2025-01-01 08:14:46 [WARNING ] Rate limit at 9311% for IP 192.168.2454.5446
2025-01-01 08:14:49 [INFO    ] User login successful for user_id=1220
2025-01-01 08:14:56 [CRITICAL] Security breach detected: 2137 failed login attempts from IP 10.0.5098.1987
2025-01-01 08:15:03 [INFO    ] Cache hit ratio at 3995% for the last 60 seconds
2025-01-01 08:15:12 [WARNING ] Memory usage at 9412MB — approaching soft limit of 512MB
2025-01-01 08:15:14 [ERROR   ] Unhandled exception in worker thread-3687: IndexError
2025-01-01 08:15:15 [CRITICAL] Data corruption detected in table 'transactions' at row 1516
2025-01-01 08:15:18 [INFO    ] New session created — session_id=1513
2025-01-01 08:15:19 [INFO    ] Cache hit ratio at 3020% for the last 60 seconds
2025-01-01 08:15:28 [DEBUG   ] Cache miss for key='user_profile_8724' — fetching from DB
2025-01-01 08:15:37 [INFO    ] Request processed in 6375ms — endpoint /api/v1/data
2025-01-01 08:15:38 [INFO    ] Cache hit ratio at 3404% for the last 60 seconds
2025-01-01 08:15:40 [ERROR   ] HTTP 500 returned for request_id=13 — internal server error
2025-01-01 08:15:45 [WARNING ] Memory usage at 7295MB — approaching soft limit of 512MB
2025-01-01 08:15:54 [DEBUG   ] SQL query executed: SELECT * FROM orders WHERE id=7042 (4944ms)
2025-01-01 08:15:59 [ERROR   ] File not found: /var/data/report_9117.csv
2025-01-01 08:16:01 [INFO    ] Request processed in 5847ms — endpoint /api/v1/data
2025-01-01 08:16:07 [WARNING ] Rate limit at 9588% for IP 192.168.2039.330
2025-01-01 08:16:08 [ERROR   ] Failed to connect to database after 4632 retries — giving up
2025-01-01 08:16:09 [INFO    ] Request processed in 539ms — endpoint /api/v1/data
2025-01-01 08:16:11 [INFO    ] User login successful for user_id=2963
2025-01-01 08:16:14 [WARNING ] Deprecated API endpoint /v1/legacy called by client 6696
2025-01-01 08:16:19 [WARNING ] Disk usage at 4055% on volume /dev/sda1 — consider cleanup
2025-01-01 08:16:21 [INFO    ] Scheduled job 'cleanup_temp_files' completed in 7603s
2025-01-01 08:16:29 [INFO    ] Config reloaded from disk — version=3100
2025-01-01 08:16:31 [INFO    ] Request processed in 3900ms — endpoint /api/v1/data
2025-01-01 08:16:37 [WARNING ] Deprecated API endpoint /v1/legacy called by client 9319
2025-01-01 08:16:43 [INFO    ] Database connection pool size: 8719/20
2025-01-01 08:16:48 [WARNING ] Rate limit at 2325% for IP 192.168.5204.6937
2025-01-01 08:16:51 [INFO    ] User login successful for user_id=9821
2025-01-01 08:17:01 [INFO    ] Scheduled job 'cleanup_temp_files' completed in 4800s
2025-01-01 08:17:11 [ERROR   ] Unhandled exception in worker thread-799: IndexError
2025-01-01 08:17:19 [INFO    ] Database connection pool size: 4386/20
2025-01-01 08:17:22 [WARNING ] Disk usage at 4875% on volume /dev/sda1 — consider cleanup
2025-01-01 08:17:29 [INFO    ] User login successful for user_id=9126
2025-01-01 08:17:36 [WARNING ] Rate limit at 6818% for IP 192.168.7.5492
2025-01-01 08:17:46 [WARNING ] Response time exceeded threshold: 4069ms (limit: 500ms)
2025-01-01 08:17:55 [INFO    ] Cache hit ratio at 9476% for the last 60 seconds
2025-01-01 08:17:59 [WARNING ] Disk usage at 1729% on volume /dev/sda1 — consider cleanup
2025-01-01 08:18:04 [WARNING ] Deprecated API endpoint /v1/legacy called by client 8650
2025-01-01 08:18:05 [INFO    ] User login successful for user_id=541
2025-01-01 08:18:11 [WARNING ] Retry attempt 8570 of 3 for downstream service call
2025-01-01 08:18:20 [CRITICAL] Primary database unreachable — all writes failing, queue depth: 3420
2025-01-01 08:18:24 [INFO    ] Request processed in 9405ms — endpoint /api/v1/data
2025-01-01 08:18:27 [DEBUG   ] SQL query executed: SELECT * FROM orders WHERE id=9600 (3983ms)
2025-01-01 08:18:30 [WARNING ] Disk usage at 3713% on volume /dev/sda1 — consider cleanup
2025-01-01 08:18:35 [DEBUG   ] Entering function process_batch() with batch_size=5156
2025-01-01 08:18:41 [DEBUG   ] Cache miss for key='user_profile_5509' — fetching from DB
2025-01-01 08:18:46 [INFO    ] New session created — session_id=6560
2025-01-01 08:18:48 [DEBUG   ] Serializing response object — 619 fields found
2025-01-01 08:18:52 [INFO    ] Database connection pool size: 7492/20
2025-01-01 08:19:00 [WARNING ] Retry attempt 7085 of 3 for downstream service call
2025-01-01 08:19:05 [INFO    ] New session created — session_id=8773
2025-01-01 08:19:13 [WARNING ] Memory usage at 1576MB — approaching soft limit of 512MB
2025-01-01 08:19:17 [INFO    ] Scheduled job 'cleanup_temp_files' completed in 6633s
2025-01-01 08:19:26 [WARNING ] Disk usage at 8693% on volume /dev/sda1 — consider cleanup
2025-01-01 08:19:29 [ERROR   ] NullPointerException in module payments.processor at line 7560
2025-01-01 08:19:37 [CRITICAL] SYSTEM SHUTDOWN INITIATED — out of memory (used: 7443MB / 512MB)
2025-01-01 08:19:43 [WARNING ] Deprecated API endpoint /v1/legacy called by client 2411
2025-01-01 08:19:50 [INFO    ] Request processed in 438ms — endpoint /api/v1/data
2025-01-01 08:19:54 [INFO    ] Config reloaded from disk — version=941
2025-01-01 08:20:04 [WARNING ] Response time exceeded threshold: 1719ms (limit: 500ms)
2025-01-01 08:20:14 [ERROR   ] NullPointerException in module payments.processor at line 9447
2025-01-01 08:20:17 [INFO    ] New session created — session_id=4783
2025-01-01 08:20:25 [INFO    ] Cache hit ratio at 7991% for the last 60 seconds
2025-01-01 08:20:30 [INFO    ] Database connection pool size: 9017/20
2025-01-01 08:20:40 [ERROR   ] Authentication token expired for user_id=6314
2025-01-01 08:20:44 [ERROR   ] HTTP 500 returned for request_id=5239 — internal server error
2025-01-01 08:20:48 [CRITICAL] Primary database unreachable — all writes failing, queue depth: 4686
2025-01-01 08:20:51 [WARNING ] Retry attempt 5859 of 3 for downstream service call
2025-01-01 08:20:57 [INFO    ] Config reloaded from disk — version=8568
2025-01-01 08:21:01 [INFO    ] Scheduled job 'cleanup_temp_files' completed in 6910s
2025-01-01 08:21:08 [WARNING ] Memory usage at 6434MB — approaching soft limit of 512MB
2025-01-01 08:21:11 [INFO    ] New session created — session_id=3440
2025-01-01 08:21:16 [INFO    ] Scheduled job 'cleanup_temp_files' completed in 8933s
2025-01-01 08:21:22 [ERROR   ] Authentication token expired for user_id=8396
2025-01-01 08:21:27 [INFO    ] Request processed in 4602ms — endpoint /api/v1/data
2025-01-01 08:21:36 [INFO    ] Config reloaded from disk — version=5585
2025-01-01 08:21:42 [WARNING ] Deprecated API endpoint /v1/legacy called by client 7605
2025-01-01 08:21:49 [INFO    ] New session created — session_id=3138
2025-01-01 08:21:57 [WARNING ] Disk usage at 4144% on volume /dev/sda1 — consider cleanup
2025-01-01 08:22:06 [DEBUG   ] Cache miss for key='user_profile_4761' — fetching from DB
2025-01-01 08:22:11 [ERROR   ] Authentication token expired for user_id=6812
2025-01-01 08:22:18 [INFO    ] User login successful for user_id=549
2025-01-01 08:22:19 [CRITICAL] SSL certificate expires in 3096 hours — immediate action required
2025-01-01 08:22:29 [WARNING ] Retry attempt 9356 of 3 for downstream service call
2025-01-01 08:22:35 [INFO    ] Database connection pool size: 2601/20
2025-01-01 08:22:41 [ERROR   ] Authentication token expired for user_id=4004
2025-01-01 08:22:50 [ERROR   ] HTTP 500 returned for request_id=5073 — internal server error
2025-01-01 08:22:55 [ERROR   ] Failed to connect to database after 5734 retries — giving up
2025-01-01 08:23:00 [ERROR   ] HTTP 500 returned for request_id=251 — internal server error
2025-01-01 08:23:05 [INFO    ] Cache hit ratio at 5971% for the last 60 seconds
2025-01-01 08:23:08 [INFO    ] New session created — session_id=7220
2025-01-01 08:23:09 [INFO    ] New session created — session_id=1440
2025-01-01 08:23:16 [INFO    ] Request processed in 4085ms — endpoint /api/v1/data
2025-01-01 08:23:18 [ERROR   ] Authentication token expired for user_id=5306
2025-01-01 08:23:20 [DEBUG   ] Cache miss for key='user_profile_5986' — fetching from DB
2025-01-01 08:23:23 [INFO    ] New session created — session_id=2709
2025-01-01 08:23:25 [INFO    ] New session created — session_id=6226
2025-01-01 08:23:34 [ERROR   ] NullPointerException in module payments.processor at line 952
2025-01-01 08:23:38 [INFO    ] Database connection pool size: 2583/20
2025-01-01 08:23:44 [ERROR   ] Authentication token expired for user_id=4865
2025-01-01 08:23:46 [CRITICAL] Data corruption detected in table 'transactions' at row 1288
2025-01-01 08:23:51 [INFO    ] Cache hit ratio at 4941% for the last 60 seconds
2025-01-01 08:23:59 [CRITICAL] Primary database unreachable — all writes failing, queue depth: 1711
2025-01-01 08:24:01 [ERROR   ] NullPointerException in module payments.processor at line 8587
2025-01-01 08:24:05 [INFO    ] Request processed in 6487ms — endpoint /api/v1/data
2025-01-01 08:24:10 [INFO    ] Config reloaded from disk — version=6884
2025-01-01 08:24:19 [INFO    ] Request processed in 315ms — endpoint /api/v1/data
2025-01-01 08:24:24 [INFO    ] Config reloaded from disk — version=4334
2025-01-01 08:24:25 [DEBUG   ] Lock acquired on resource 'invoice_8527' by thread-4409
2025-01-01 08:24:26 [INFO    ] Request processed in 926ms — endpoint /api/v1/data
2025-01-01 08:24:35 [ERROR   ] Unhandled exception in worker thread-3980: IndexError
2025-01-01 08:24:37 [INFO    ] Scheduled job 'cleanup_temp_files' completed in 1733s
2025-01-01 08:24:41 [WARNING ] Memory usage at 1110MB — approaching soft limit of 512MB
2025-01-01 08:24:51 [INFO    ] Cache hit ratio at 3561% for the last 60 seconds
2025-01-01 08:24:53 [INFO    ] Cache hit ratio at 7026% for the last 60 seconds
2025-01-01 08:25:00 [CRITICAL] Data corruption detected in table 'transactions' at row 8664
2025-01-01 08:25:10 [ERROR   ] Failed to connect to database after 4344 retries — giving up
2025-01-01 08:25:11 [INFO    ] Config reloaded from disk — version=3229
2025-01-01 08:25:13 [WARNING ] Response time exceeded threshold: 9811ms (limit: 500ms)
2025-01-01 08:25:14 [INFO    ] New session created — session_id=8087
2025-01-01 08:25:16 [INFO    ] Config reloaded from disk — version=316
2025-01-01 08:25:25 [CRITICAL] Primary database unreachable — all writes failing, queue depth: 2938
2025-01-01 08:25:34 [ERROR   ] HTTP 500 returned for request_id=2711 — internal server error
2025-01-01 08:25:35 [ERROR   ] Failed to connect to database after 8696 retries — giving up
2025-01-01 08:25:40 [DEBUG   ] Serializing response object — 8613 fields found
2025-01-01 08:25:47 [INFO    ] Scheduled job 'cleanup_temp_files' completed in 4921s
2025-01-01 08:25:53 [INFO    ] User login successful for user_id=1880
2025-01-01 08:26:03 [INFO    ] Scheduled job 'cleanup_temp_files' completed in 5005s
2025-01-01 08:26:11 [DEBUG   ] Serializing response object — 6414 fields found
2025-01-01 08:26:17 [INFO    ] User login successful for user_id=9435
2025-01-01 08:26:19 [INFO    ] Request processed in 8077ms — endpoint /api/v1/data
2025-01-01 08:26:28 [ERROR   ] Failed to connect to database after 634 retries — giving up
2025-01-01 08:26:31 [INFO    ] User login successful for user_id=3006
2025-01-01 08:26:36 [INFO    ] Database connection pool size: 2837/20
2025-01-01 08:26:37 [ERROR   ] File not found: /var/data/report_6697.csv
2025-01-01 08:26:46 [INFO    ] User login successful for user_id=683
2025-01-01 08:26:56 [INFO    ] Database connection pool size: 8593/20
2025-01-01 08:27:01 [INFO    ] Config reloaded from disk — version=439
2025-01-01 08:27:10 [DEBUG   ] Serializing response object — 4658 fields found
2025-01-01 08:27:11 [INFO    ] Database connection pool size: 5918/20
2025-01-01 08:27:17 [INFO    ] Request processed in 627ms — endpoint /api/v1/data
2025-01-01 08:27:27 [ERROR   ] NullPointerException in module payments.processor at line 8363
2025-01-01 08:27:31 [WARNING ] Retry attempt 2593 of 3 for downstream service call
2025-01-01 08:27:33 [WARNING ] Memory usage at 7431MB — approaching soft limit of 512MB
2025-01-01 08:27:36 [ERROR   ] Failed to connect to database after 7178 retries — giving up
2025-01-01 08:27:44 [INFO    ] New session created — session_id=4182
2025-01-01 08:27:46 [INFO    ] Database connection pool size: 7270/20
2025-01-01 08:27:47 [INFO    ] New session created — session_id=1952
2025-01-01 08:27:54 [WARNING ] Response time exceeded threshold: 5084ms (limit: 500ms)
2025-01-01 08:27:59 [INFO    ] Database connection pool size: 4237/20
2025-01-01 08:28:04 [INFO    ] Database connection pool size: 5142/20
2025-01-01 08:28:06 [DEBUG   ] Lock acquired on resource 'invoice_7626' by thread-5413
2025-01-01 08:28:15 [CRITICAL] SSL certificate expires in 2122 hours — immediate action required
2025-01-01 08:28:24 [DEBUG   ] Entering function process_batch() with batch_size=3253
2025-01-01 08:28:34 [INFO    ] Cache hit ratio at 4561% for the last 60 seconds
2025-01-01 08:28:35 [ERROR   ] Authentication token expired for user_id=2764
2025-01-01 08:28:42 [WARNING ] Memory usage at 6141MB — approaching soft limit of 512MB
2025-01-01 08:28:44 [INFO    ] Config reloaded from disk — version=334
2025-01-01 08:28:48 [WARNING ] Deprecated API endpoint /v1/legacy called by client 6288
2025-01-01 08:28:52 [INFO    ] Database connection pool size: 1765/20
2025-01-01 08:28:58 [INFO    ] Config reloaded from disk — version=7692
2025-01-01 08:29:07 [WARNING ] Retry attempt 5143 of 3 for downstream service call
2025-01-01 08:29:10 [INFO    ] Scheduled job 'cleanup_temp_files' completed in 3546s
2025-01-01 08:29:17 [INFO    ] New session created — session_id=9867
2025-01-01 08:29:21 [INFO    ] Cache hit ratio at 9236% for the last 60 seconds
2025-01-01 08:29:26 [DEBUG   ] Cache miss for key='user_profile_9801' — fetching from DB
2025-01-01 08:29:28 [CRITICAL] SYSTEM SHUTDOWN INITIATED — out of memory (used: 8418MB / 512MB)
2025-01-01 08:29:33 [INFO    ] User login successful for user_id=3339
2025-01-01 08:29:43 [INFO    ] Request processed in 6348ms — endpoint /api/v1/data
2025-01-01 08:29:53 [INFO    ] Config reloaded from disk — version=712
2025-01-01 08:29:57 [DEBUG   ] Cache miss for key='user_profile_4726' — fetching from DB
2025-01-01 08:29:59 [INFO    ] Config reloaded from disk — version=525
2025-01-01 08:30:06 [CRITICAL] SYSTEM SHUTDOWN INITIATED — out of memory (used: 8985MB / 512MB)
2025-01-01 08:30:14 [INFO    ] Database connection pool size: 6641/20
2025-01-01 08:30:24 [DEBUG   ] Lock acquired on resource 'invoice_8977' by thread-6428
2025-01-01 08:30:31 [INFO    ] Config reloaded from disk — version=7422
2025-01-01 08:30:39 [DEBUG   ] Checkpoint reached at loop iteration 5762
2025-01-01 08:30:45 [INFO    ] Config reloaded from disk — version=5352
2025-01-01 08:30:47 [ERROR   ] Failed to connect to database after 7098 retries — giving up
2025-01-01 08:30:49 [ERROR   ] Authentication token expired for user_id=5136
2025-01-01 08:30:54 [INFO    ] Scheduled job 'cleanup_temp_files' completed in 1280s
2025-01-01 08:30:57 [INFO    ] Database connection pool size: 1336/20
2025-01-01 08:31:01 [WARNING ] Retry attempt 5261 of 3 for downstream service call
2025-01-01 08:31:04 [DEBUG   ] SQL query executed: SELECT * FROM orders WHERE id=9847 (5819ms)
2025-01-01 08:31:07 [INFO    ] Request processed in 4787ms — endpoint /api/v1/data
2025-01-01 08:31:16 [INFO    ] Config reloaded from disk — version=8534
2025-01-01 08:31:25 [INFO    ] Scheduled job 'cleanup_temp_files' completed in 552s
2025-01-01 08:31:26 [INFO    ] Request processed in 1883ms — endpoint /api/v1/data
2025-01-01 08:31:27 [CRITICAL] SYSTEM SHUTDOWN INITIATED — out of memory (used: 9538MB / 512MB)
2025-01-01 08:31:36 [WARNING ] Disk usage at 8727% on volume /dev/sda1 — consider cleanup
2025-01-01 08:31:43 [INFO    ] Cache hit ratio at 1609% for the last 60 seconds
2025-01-01 08:31:49 [INFO    ] Database connection pool size: 4405/20
2025-01-01 08:31:56 [INFO    ] Config reloaded from disk — version=4679
2025-01-01 08:31:58 [WARNING ] Response time exceeded threshold: 4215ms (limit: 500ms)
2025-01-01 08:32:06 [WARNING ] Deprecated API endpoint /v1/legacy called by client 1248
2025-01-01 08:32:15 [INFO    ] Config reloaded from disk — version=1196
2025-01-01 08:32:23 [INFO    ] Config reloaded from disk — version=1468
2025-01-01 08:32:27 [INFO    ] New session created — session_id=3180
2025-01-01 08:32:35 [INFO    ] Database connection pool size: 2591/20
2025-01-01 08:32:38 [ERROR   ] NullPointerException in module payments.processor at line 835
2025-01-01 08:32:44 [WARNING ] Retry attempt 3902 of 3 for downstream service call
2025-01-01 08:32:45 [INFO    ] New session created — session_id=2064
2025-01-01 08:32:53 [INFO    ] Config reloaded from disk — version=6801
2025-01-01 08:32:57 [INFO    ] Config reloaded from disk — version=377
2025-01-01 08:33:04 [INFO    ] Scheduled job 'cleanup_temp_files' completed in 1011s
2025-01-01 08:33:11 [ERROR   ] Unhandled exception in worker thread-1677: IndexError
2025-01-01 08:33:16 [INFO    ] Scheduled job 'cleanup_temp_files' completed in 9049s
2025-01-01 08:33:26 [INFO    ] Config reloaded from disk — version=6024
2025-01-01 08:33:36 [ERROR   ] Failed to connect to database after 7219 retries — giving up
2025-01-01 08:33:44 [INFO    ] User login successful for user_id=5125
2025-01-01 08:33:53 [DEBUG   ] Cache miss for key='user_profile_1585' — fetching from DB
2025-01-01 08:34:02 [DEBUG   ] Serializing response object — 4646 fields found
2025-01-01 08:34:07 [INFO    ] User login successful for user_id=5303
2025-01-01 08:34:17 [WARNING ] Retry attempt 1589 of 3 for downstream service call
2025-01-01 08:34:25 [INFO    ] Database connection pool size: 1531/20
2025-01-01 08:34:31 [INFO    ] Cache hit ratio at 4621% for the last 60 seconds
2025-01-01 08:34:33 [DEBUG   ] Cache miss for key='user_profile_7677' — fetching from DB
2025-01-01 08:34:40 [ERROR   ] HTTP 500 returned for request_id=6764 — internal server error
2025-01-01 08:34:49 [DEBUG   ] Lock acquired on resource 'invoice_9344' by thread-2375
2025-01-01 08:34:57 [ERROR   ] Unhandled exception in worker thread-2035: IndexError
2025-01-01 08:35:04 [DEBUG   ] Entering function process_batch() with batch_size=6869
2025-01-01 08:35:06 [INFO    ] Config reloaded from disk — version=6699
2025-01-01 08:35:16 [INFO    ] Cache hit ratio at 2618% for the last 60 seconds
2025-01-01 08:35:26 [CRITICAL] Data corruption detected in table 'transactions' at row 9307
2025-01-01 08:35:31 [INFO    ] Config reloaded from disk — version=3606
2025-01-01 08:35:37 [WARNING ] Memory usage at 833MB — approaching soft limit of 512MB
2025-01-01 08:35:40 [DEBUG   ] Checkpoint reached at loop iteration 7393
2025-01-01 08:35:43 [INFO    ] Request processed in 8728ms — endpoint /api/v1/data
2025-01-01 08:35:46 [INFO    ] Database connection pool size: 3074/20
2025-01-01 08:35:48 [ERROR   ] HTTP 500 returned for request_id=2571 — internal server error
2025-01-01 08:35:50 [INFO    ] New session created — session_id=7530
2025-01-01 08:35:58 [DEBUG   ] Serializing response object — 7389 fields found
2025-01-01 08:36:02 [WARNING ] Response time exceeded threshold: 152ms (limit: 500ms)
2025-01-01 08:36:10 [INFO    ] New session created — session_id=967
2025-01-01 08:36:20 [INFO    ] Cache hit ratio at 9980% for the last 60 seconds
2025-01-01 08:36:26 [INFO    ] Scheduled job 'cleanup_temp_files' completed in 1299s
2025-01-01 08:36:35 [CRITICAL] SYSTEM SHUTDOWN INITIATED — out of memory (used: 2908MB / 512MB)
2025-01-01 08:36:40 [ERROR   ] HTTP 500 returned for request_id=794 — internal server error
2025-01-01 08:36:41 [WARNING ] Disk usage at 2405% on volume /dev/sda1 — consider cleanup
2025-01-01 08:36:48 [INFO    ] Cache hit ratio at 8777% for the last 60 seconds
2025-01-01 08:36:54 [WARNING ] Response time exceeded threshold: 4155ms (limit: 500ms)
2025-01-01 08:36:58 [INFO    ] New session created — session_id=8596
2025-01-01 08:37:02 [INFO    ] User login successful for user_id=7459
2025-01-01 08:37:11 [WARNING ] Disk usage at 9505% on volume /dev/sda1 — consider cleanup
2025-01-01 08:37:14 [DEBUG   ] Entering function process_batch() with batch_size=4082
2025-01-01 08:37:23 [INFO    ] Database connection pool size: 388/20
2025-01-01 08:37:29 [INFO    ] Database connection pool size: 102/20
2025-01-01 08:37:36 [DEBUG   ] SQL query executed: SELECT * FROM orders WHERE id=1263 (3807ms)
2025-01-01 08:37:37 [INFO    ] Cache hit ratio at 2108% for the last 60 seconds
2025-01-01 08:37:39 [WARNING ] Retry attempt 5833 of 3 for downstream service call
2025-01-01 08:37:44 [INFO    ] Cache hit ratio at 7946% for the last 60 seconds
2025-01-01 08:37:47 [ERROR   ] Unhandled exception in worker thread-7359: IndexError
2025-01-01 08:37:56 [ERROR   ] Unhandled exception in worker thread-9653: IndexError
2025-01-01 08:37:59 [INFO    ] Cache hit ratio at 4954% for the last 60 seconds
2025-01-01 08:38:07 [INFO    ] Config reloaded from disk — version=8524
2025-01-01 08:38:16 [INFO    ] New session created — session_id=6421
2025-01-01 08:38:20 [INFO    ] Cache hit ratio at 5293% for the last 60 seconds
2025-01-01 08:38:27 [INFO    ] User login successful for user_id=8027
2025-01-01 08:38:30 [ERROR   ] HTTP 500 returned for request_id=1204 — internal server error
2025-01-01 08:38:36 [INFO    ] Request processed in 4715ms — endpoint /api/v1/data
2025-01-01 08:38:41 [ERROR   ] HTTP 500 returned for request_id=8012 — internal server error
2025-01-01 08:38:47 [INFO    ] Cache hit ratio at 644% for the last 60 seconds
2025-01-01 08:38:52 [DEBUG   ] Entering function process_batch() with batch_size=1330
2025-01-01 08:39:01 [INFO    ] Request processed in 4134ms — endpoint /api/v1/data
2025-01-01 08:39:09 [DEBUG   ] SQL query executed: SELECT * FROM orders WHERE id=4528 (9717ms)
2025-01-01 08:39:18 [DEBUG   ] SQL query executed: SELECT * FROM orders WHERE id=1429 (5075ms)
2025-01-01 08:39:19 [ERROR   ] Failed to connect to database after 2435 retries — giving up
2025-01-01 08:39:21 [DEBUG   ] Checkpoint reached at loop iteration 6016
2025-01-01 08:39:30 [INFO    ] Cache hit ratio at 8204% for the last 60 seconds
2025-01-01 08:39:32 [INFO    ] User login successful for user_id=8108
2025-01-01 08:39:36 [DEBUG   ] Serializing response object — 7489 fields found
2025-01-01 08:39:39 [INFO    ] Database connection pool size: 6005/20
2025-01-01 08:39:48 [INFO    ] User login successful for user_id=7169
2025-01-01 08:39:51 [INFO    ] User login successful for user_id=942
2025-01-01 08:40:00 [WARNING ] Response time exceeded threshold: 2339ms (limit: 500ms)
2025-01-01 08:40:08 [WARNING ] Deprecated API endpoint /v1/legacy called by client 8061
2025-01-01 08:40:09 [CRITICAL] Data corruption detected in table 'transactions' at row 3029
2025-01-01 08:40:11 [DEBUG   ] Lock acquired on resource 'invoice_8914' by thread-9976
2025-01-01 08:40:13 [INFO    ] Request processed in 1277ms — endpoint /api/v1/data
2025-01-01 08:40:23 [INFO    ] Config reloaded from disk — version=634
2025-01-01 08:40:27 [WARNING ] Rate limit at 3099% for IP 192.168.3418.4261
2025-01-01 08:40:33 [INFO    ] Cache hit ratio at 204% for the last 60 seconds
2025-01-01 08:40:39 [WARNING ] Rate limit at 6458% for IP 192.168.5866.8663
2025-01-01 08:40:47 [INFO    ] Cache hit ratio at 674% for the last 60 seconds
2025-01-01 08:40:50 [INFO    ] New session created — session_id=9384
2025-01-01 08:40:51 [ERROR   ] HTTP 500 returned for request_id=8256 — internal server error
2025-01-01 08:40:56 [INFO    ] Cache hit ratio at 7900% for the last 60 seconds
2025-01-01 08:40:58 [INFO    ] Cache hit ratio at 3275% for the last 60 seconds
2025-01-01 08:41:07 [WARNING ] Deprecated API endpoint /v1/legacy called by client 3461
2025-01-01 08:41:17 [CRITICAL] SYSTEM SHUTDOWN INITIATED — out of memory (used: 6962MB / 512MB)
2025-01-01 08:41:19 [INFO    ] New session created — session_id=7632
2025-01-01 08:41:22 [CRITICAL] SSL certificate expires in 6014 hours — immediate action required
2025-01-01 08:41:25 [WARNING ] Rate limit at 9111% for IP 192.168.8376.4368
2025-01-01 08:41:33 [INFO    ] Cache hit ratio at 1005% for the last 60 seconds
2025-01-01 08:41:36 [INFO    ] Config reloaded from disk — version=5668
2025-01-01 08:41:44 [INFO    ] Request processed in 4590ms — endpoint /api/v1/data
2025-01-01 08:41:48 [INFO    ] Database connection pool size: 8148/20
2025-01-01 08:41:52 [INFO    ] Database connection pool size: 4415/20
2025-01-01 08:41:59 [INFO    ] Config reloaded from disk — version=9674
2025-01-01 08:42:08 [INFO    ] Config reloaded from disk — version=5532
2025-01-01 08:42:11 [INFO    ] Cache hit ratio at 7999% for the last 60 seconds
2025-01-01 08:42:14 [WARNING ] Memory usage at 3150MB — approaching soft limit of 512MB
2025-01-01 08:42:23 [WARNING ] Rate limit at 4091% for IP 192.168.5681.9031
2025-01-01 08:42:33 [INFO    ] Scheduled job 'cleanup_temp_files' completed in 7380s
2025-01-01 08:42:43 [INFO    ] Scheduled job 'cleanup_temp_files' completed in 4138s
2025-01-01 08:42:49 [CRITICAL] SSL certificate expires in 6708 hours — immediate action required
2025-01-01 08:42:51 [DEBUG   ] Entering function process_batch() with batch_size=7719
2025-01-01 08:43:01 [INFO    ] Scheduled job 'cleanup_temp_files' completed in 566s
2025-01-01 08:43:03 [INFO    ] Scheduled job 'cleanup_temp_files' completed in 2542s
2025-01-01 08:43:09 [INFO    ] User login successful for user_id=5822
2025-01-01 08:43:10 [DEBUG   ] SQL query executed: SELECT * FROM orders WHERE id=8500 (150ms)
2025-01-01 08:43:12 [INFO    ] New session created — session_id=3529
2025-01-01 08:43:13 [CRITICAL] Security breach detected: 9461 failed login attempts from IP 10.0.6037.8683
2025-01-01 08:43:18 [DEBUG   ] Serializing response object — 9219 fields found
2025-01-01 08:43:25 [DEBUG   ] Checkpoint reached at loop iteration 6112
2025-01-01 08:43:30 [ERROR   ] HTTP 500 returned for request_id=532 — internal server error
2025-01-01 08:43:33 [DEBUG   ] Lock acquired on resource 'invoice_4925' by thread-8008
2025-01-01 08:43:41 [INFO    ] Database connection pool size: 7790/20
2025-01-01 08:43:42 [INFO    ] Database connection pool size: 446/20
2025-01-01 08:43:45 [WARNING ] Disk usage at 3929% on volume /dev/sda1 — consider cleanup
2025-01-01 08:43:48 [WARNING ] Disk usage at 7338% on volume /dev/sda1 — consider cleanup
2025-01-01 08:43:58 [INFO    ] Scheduled job 'cleanup_temp_files' completed in 6857s
2025-01-01 08:44:01 [INFO    ] New session created — session_id=9457
2025-01-01 08:44:06 [ERROR   ] Failed to connect to database after 2173 retries — giving up
2025-01-01 08:44:16 [CRITICAL] SSL certificate expires in 6106 hours — immediate action required
2025-01-01 08:44:19 [INFO    ] Database connection pool size: 733/20
2025-01-01 08:44:21 [INFO    ] Database connection pool size: 8406/20
2025-01-01 08:44:23 [WARNING ] Deprecated API endpoint /v1/legacy called by client 9022
2025-01-01 08:44:29 [INFO    ] Cache hit ratio at 4369% for the last 60 seconds
2025-01-01 08:44:33 [WARNING ] Retry attempt 6112 of 3 for downstream service call
2025-01-01 08:44:38 [INFO    ] New session created — session_id=3765
2025-01-01 08:44:44 [WARNING ] Memory usage at 4038MB — approaching soft limit of 512MB
2025-01-01 08:44:51 [DEBUG   ] Lock acquired on resource 'invoice_5846' by thread-9874
2025-01-01 08:44:52 [INFO    ] Database connection pool size: 9484/20
2025-01-01 08:44:53 [DEBUG   ] SQL query executed: SELECT * FROM orders WHERE id=4158 (7649ms)
2025-01-01 08:44:54 [ERROR   ] Authentication token expired for user_id=963
2025-01-01 08:45:00 [ERROR   ] Unhandled exception in worker thread-5387: IndexError
2025-01-01 08:45:05 [INFO    ] New session created — session_id=6564
2025-01-01 08:45:13 [WARNING ] Retry attempt 3265 of 3 for downstream service call
2025-01-01 08:45:20 [INFO    ] Database connection pool size: 626/20
2025-01-01 08:45:27 [WARNING ] Deprecated API endpoint /v1/legacy called by client 423
2025-01-01 08:45:34 [INFO    ] User login successful for user_id=5576
2025-01-01 08:45:42 [ERROR   ] File not found: /var/data/report_53.csv
2025-01-01 08:45:48 [INFO    ] Config reloaded from disk — version=2055
2025-01-01 08:45:49 [INFO    ] New session created — session_id=7567
2025-01-01 08:45:54 [ERROR   ] Authentication token expired for user_id=5800
2025-01-01 08:45:56 [DEBUG   ] Cache miss for key='user_profile_9943' — fetching from DB
2025-01-01 08:45:57 [INFO    ] Cache hit ratio at 7954% for the last 60 seconds
2025-01-01 08:45:58 [DEBUG   ] Serializing response object — 1258 fields found
2025-01-01 08:46:05 [DEBUG   ] Lock acquired on resource 'invoice_7910' by thread-7402
2025-01-01 08:46:12 [WARNING ] Retry attempt 5092 of 3 for downstream service call
2025-01-01 08:46:21 [WARNING ] Response time exceeded threshold: 5572ms (limit: 500ms)
2025-01-01 08:46:28 [INFO    ] New session created — session_id=1111
2025-01-01 08:46:34 [INFO    ] Request processed in 5002ms — endpoint /api/v1/data
2025-01-01 08:46:44 [INFO    ] Cache hit ratio at 2666% for the last 60 seconds
2025-01-01 08:46:51 [INFO    ] Scheduled job 'cleanup_temp_files' completed in 6015s
2025-01-01 08:47:01 [INFO    ] Cache hit ratio at 8533% for the last 60 seconds
2025-01-01 08:47:08 [ERROR   ] HTTP 500 returned for request_id=6875 — internal server error
2025-01-01 08:47:14 [ERROR   ] File not found: /var/data/report_759.csv
2025-01-01 08:47:24 [DEBUG   ] Entering function process_batch() with batch_size=603
2025-01-01 08:47:30 [DEBUG   ] Entering function process_batch() with batch_size=8152
2025-01-01 08:47:33 [WARNING ] Response time exceeded threshold: 8616ms (limit: 500ms)
2025-01-01 08:47:41 [INFO    ] Database connection pool size: 3662/20
2025-01-01 08:47:50 [INFO    ] User login successful for user_id=2498
2025-01-01 08:47:59 [ERROR   ] Authentication token expired for user_id=8218
2025-01-01 08:48:05 [INFO    ] New session created — session_id=1924
2025-01-01 08:48:10 [CRITICAL] SSL certificate expires in 4446 hours — immediate action required
2025-01-01 08:48:16 [INFO    ] Scheduled job 'cleanup_temp_files' completed in 5143s
2025-01-01 08:48:25 [WARNING ] Memory usage at 8963MB — approaching soft limit of 512MB
2025-01-01 08:48:31 [INFO    ] Cache hit ratio at 8873% for the last 60 seconds
2025-01-01 08:48:38 [INFO    ] Scheduled job 'cleanup_temp_files' completed in 1581s
2025-01-01 08:48:48 [WARNING ] Memory usage at 4422MB — approaching soft limit of 512MB
2025-01-01 08:48:56 [INFO    ] Request processed in 4637ms — endpoint /api/v1/data
2025-01-01 08:48:57 [INFO    ] User login successful for user_id=4517
2025-01-01 08:49:06 [INFO    ] Request processed in 4453ms — endpoint /api/v1/data
2025-01-01 08:49:12 [INFO    ] Cache hit ratio at 9105% for the last 60 seconds
2025-01-01 08:49:22 [INFO    ] User login successful for user_id=781
2025-01-01 08:49:24 [ERROR   ] Authentication token expired for user_id=4944
2025-01-01 08:49:34 [ERROR   ] HTTP 500 returned for request_id=3297 — internal server error
2025-01-01 08:49:35 [INFO    ] Config reloaded from disk — version=8078
2025-01-01 08:49:45 [ERROR   ] Authentication token expired for user_id=4898
2025-01-01 08:49:50 [DEBUG   ] Cache miss for key='user_profile_1332' — fetching from DB
2025-01-01 08:49:52 [CRITICAL] SYSTEM SHUTDOWN INITIATED — out of memory (used: 6041MB / 512MB)
2025-01-01 08:50:02 [WARNING ] Memory usage at 9443MB — approaching soft limit of 512MB
2025-01-01 08:50:12 [ERROR   ] Authentication token expired for user_id=3327
2025-01-01 08:50:14 [INFO    ] Scheduled job 'cleanup_temp_files' completed in 1179s
2025-01-01 08:50:22 [INFO    ] Database connection pool size: 4335/20
2025-01-01 08:50:28 [INFO    ] New session created — session_id=5898
2025-01-01 08:50:32 [INFO    ] New session created — session_id=6668
2025-01-01 08:50:42 [ERROR   ] File not found: /var/data/report_759.csv
2025-01-01 08:50:44 [INFO    ] Request processed in 2693ms — endpoint /api/v1/data
2025-01-01 08:50:53 [WARNING ] Deprecated API endpoint /v1/legacy called by client 8163
2025-01-01 08:50:58 [INFO    ] New session created — session_id=9808
2025-01-01 08:51:07 [INFO    ] Config reloaded from disk — version=2334
2025-01-01 08:51:14 [INFO    ] Scheduled job 'cleanup_temp_files' completed in 1000s
2025-01-01 08:51:18 [INFO    ] Database connection pool size: 8269/20
2025-01-01 08:51:21 [DEBUG   ] SQL query executed: SELECT * FROM orders WHERE id=130 (3115ms)
2025-01-01 08:51:26 [INFO    ] User login successful for user_id=3087
2025-01-01 08:51:36 [INFO    ] Config reloaded from disk — version=8699
2025-01-01 08:51:38 [INFO    ] Cache hit ratio at 8377% for the last 60 seconds
2025-01-01 08:51:39 [INFO    ] Config reloaded from disk — version=2649
2025-01-01 08:51:43 [DEBUG   ] Lock acquired on resource 'invoice_9983' by thread-8067
2025-01-01 08:51:44 [WARNING ] Deprecated API endpoint /v1/legacy called by client 1936
2025-01-01 08:51:53 [INFO    ] Cache hit ratio at 1788% for the last 60 seconds
2025-01-01 08:52:01 [WARNING ] Deprecated API endpoint /v1/legacy called by client 5622
2025-01-01 08:52:05 [WARNING ] Deprecated API endpoint /v1/legacy called by client 8936
2025-01-01 08:52:09 [ERROR   ] Unhandled exception in worker thread-446: IndexError
2025-01-01 08:52:11 [INFO    ] User login successful for user_id=6681
2025-01-01 08:52:18 [CRITICAL] Security breach detected: 2616 failed login attempts from IP 10.0.8011.6027
2025-01-01 08:52:22 [ERROR   ] File not found: /var/data/report_5496.csv
2025-01-01 08:52:24 [INFO    ] Scheduled job 'cleanup_temp_files' completed in 7389s
2025-01-01 08:52:33 [INFO    ] Scheduled job 'cleanup_temp_files' completed in 426s
2025-01-01 08:52:42 [INFO    ] Cache hit ratio at 9788% for the last 60 seconds
2025-01-01 08:52:51 [INFO    ] Config reloaded from disk — version=7608
2025-01-01 08:52:58 [ERROR   ] Authentication token expired for user_id=1038
2025-01-01 08:53:08 [INFO    ] Config reloaded from disk — version=3433
2025-01-01 08:53:14 [DEBUG   ] Serializing response object — 5042 fields found
2025-01-01 08:53:21 [INFO    ] Request processed in 4878ms — endpoint /api/v1/data
2025-01-01 08:53:23 [ERROR   ] Failed to connect to database after 8402 retries — giving up
2025-01-01 08:53:25 [ERROR   ] Failed to connect to database after 9961 retries — giving up
2025-01-01 08:53:30 [WARNING ] Rate limit at 5% for IP 192.168.5540.5044
2025-01-01 08:53:37 [INFO    ] New session created — session_id=204
2025-01-01 08:53:39 [WARNING ] Rate limit at 5009% for IP 192.168.9068.9014
2025-01-01 08:53:44 [INFO    ] User login successful for user_id=3269
2025-01-01 08:53:51 [ERROR   ] HTTP 500 returned for request_id=1096 — internal server error
2025-01-01 08:53:56 [ERROR   ] File not found: /var/data/report_4570.csv
2025-01-01 08:54:00 [ERROR   ] Authentication token expired for user_id=4076
2025-01-01 08:54:05 [INFO    ] New session created — session_id=3103
2025-01-01 08:54:12 [DEBUG   ] Cache miss for key='user_profile_7753' — fetching from DB
2025-01-01 08:54:19 [WARNING ] Disk usage at 5849% on volume /dev/sda1 — consider cleanup
2025-01-01 08:54:23 [WARNING ] Retry attempt 2137 of 3 for downstream service call
2025-01-01 08:54:26 [INFO    ] Request processed in 4471ms — endpoint /api/v1/data
2025-01-01 08:54:27 [INFO    ] Cache hit ratio at 6055% for the last 60 seconds
2025-01-01 08:54:35 [INFO    ] New session created — session_id=8833
2025-01-01 08:54:39 [CRITICAL] SSL certificate expires in 3624 hours — immediate action required
2025-01-01 08:54:48 [INFO    ] Database connection pool size: 68/20
2025-01-01 08:54:58 [WARNING ] Rate limit at 8869% for IP 192.168.8123.3331
2025-01-01 08:55:07 [DEBUG   ] Checkpoint reached at loop iteration 8681
2025-01-01 08:55:17 [INFO    ] Request processed in 8041ms — endpoint /api/v1/data
2025-01-01 08:55:21 [CRITICAL] Security breach detected: 5308 failed login attempts from IP 10.0.5708.3519
2025-01-01 08:55:27 [INFO    ] Cache hit ratio at 9738% for the last 60 seconds
2025-01-01 08:55:34 [ERROR   ] Unhandled exception in worker thread-6280: IndexError
2025-01-01 08:55:40 [INFO    ] Config reloaded from disk — version=2897
2025-01-01 08:55:42 [INFO    ] Scheduled job 'cleanup_temp_files' completed in 9589s
2025-01-01 08:55:51 [WARNING ] Retry attempt 7216 of 3 for downstream service call
2025-01-01 08:55:55 [ERROR   ] Failed to connect to database after 1739 retries — giving up
2025-01-01 08:56:01 [WARNING ] Disk usage at 6837% on volume /dev/sda1 — consider cleanup
2025-01-01 08:56:03 [WARNING ] Disk usage at 1993% on volume /dev/sda1 — consider cleanup
2025-01-01 08:56:11 [ERROR   ] Failed to connect to database after 3517 retries — giving up
2025-01-01 08:56:15 [WARNING ] Rate limit at 569% for IP 192.168.9637.489
2025-01-01 08:56:20 [ERROR   ] Failed to connect to database after 8667 retries — giving up
2025-01-01 08:56:21 [ERROR   ] NullPointerException in module payments.processor at line 1825
2025-01-01 08:56:29 [CRITICAL] Security breach detected: 862 failed login attempts from IP 10.0.9066.9815
2025-01-01 08:56:39 [WARNING ] Response time exceeded threshold: 5370ms (limit: 500ms)
2025-01-01 08:56:45 [WARNING ] Rate limit at 1661% for IP 192.168.1357.2688
2025-01-01 08:56:55 [INFO    ] Config reloaded from disk — version=8070
2025-01-01 08:57:04 [INFO    ] Database connection pool size: 9760/20
2025-01-01 08:57:11 [WARNING ] Retry attempt 3814 of 3 for downstream service call
2025-01-01 08:57:21 [WARNING ] Retry attempt 4418 of 3 for downstream service call
2025-01-01 08:57:22 [ERROR   ] File not found: /var/data/report_5360.csv
2025-01-01 08:57:30 [INFO    ] Database connection pool size: 4571/20
2025-01-01 08:57:32 [WARNING ] Deprecated API endpoint /v1/legacy called by client 3506
2025-01-01 08:57:40 [INFO    ] Config reloaded from disk — version=8162
2025-01-01 08:57:46 [ERROR   ] Failed to connect to database after 9952 retries — giving up
2025-01-01 08:57:50 [INFO    ] User login successful for user_id=3206
2025-01-01 08:58:00 [ERROR   ] File not found: /var/data/report_348.csv
2025-01-01 08:58:01 [INFO    ] Request processed in 680ms — endpoint /api/v1/data
2025-01-01 08:58:02 [INFO    ] Scheduled job 'cleanup_temp_files' completed in 5309s
2025-01-01 08:58:03 [CRITICAL] Security breach detected: 1350 failed login attempts from IP 10.0.5150.1023
2025-01-01 08:58:08 [WARNING ] Rate limit at 9200% for IP 192.168.5252.4574
2025-01-01 08:58:09 [CRITICAL] SYSTEM SHUTDOWN INITIATED — out of memory (used: 1248MB / 512MB)
2025-01-01 08:58:12 [DEBUG   ] Serializing response object — 597 fields found
2025-01-01 08:58:21 [ERROR   ] HTTP 500 returned for request_id=8215 — internal server error
2025-01-01 08:58:30 [INFO    ] New session created — session_id=6608
2025-01-01 08:58:40 [INFO    ] Cache hit ratio at 8111% for the last 60 seconds
2025-01-01 08:58:42 [INFO    ] User login successful for user_id=4492
2025-01-01 08:58:44 [ERROR   ] HTTP 500 returned for request_id=3468 — internal server error
2025-01-01 08:58:47 [INFO    ] Cache hit ratio at 166% for the last 60 seconds
2025-01-01 08:58:48 [INFO    ] New session created — session_id=6552
2025-01-01 08:58:49 [ERROR   ] HTTP 500 returned for request_id=4143 — internal server error
2025-01-01 08:58:53 [WARNING ] Retry attempt 7923 of 3 for downstream service call
2025-01-01 08:58:59 [INFO    ] Request processed in 1480ms — endpoint /api/v1/data
2025-01-01 08:59:01 [ERROR   ] HTTP 500 returned for request_id=291 — internal server error
2025-01-01 08:59:09 [INFO    ] Cache hit ratio at 6060% for the last 60 seconds
2025-01-01 08:59:13 [INFO    ] Request processed in 4517ms — endpoint /api/v1/data
2025-01-01 08:59:14 [WARNING ] Retry attempt 6599 of 3 for downstream service call
2025-01-01 08:59:18 [DEBUG   ] Cache miss for key='user_profile_9488' — fetching from DB
2025-01-01 08:59:19 [ERROR   ] HTTP 500 returned for request_id=1720 — internal server error
2025-01-01 08:59:27 [WARNING ] Disk usage at 6127% on volume /dev/sda1 — consider cleanup
2025-01-01 08:59:33 [INFO    ] Cache hit ratio at 6895% for the last 60 seconds
2025-01-01 08:59:35 [INFO    ] Scheduled job 'cleanup_temp_files' completed in 8508s
2025-01-01 08:59:41 [INFO    ] User login successful for user_id=4771
2025-01-01 08:59:44 [INFO    ] Request processed in 2391ms — endpoint /api/v1/data
2025-01-01 08:59:54 [ERROR   ] NullPointerException in module payments.processor at line 2161
2025-01-01 08:59:56 [INFO    ] Config reloaded from disk — version=1291
2025-01-01 09:00:00 [INFO    ] Database connection pool size: 1881/20
2025-01-01 09:00:03 [ERROR   ] File not found: /var/data/report_2436.csv
2025-01-01 09:00:07 [INFO    ] Database connection pool size: 9298/20
2025-01-01 09:00:17 [WARNING ] Disk usage at 5423% on volume /dev/sda1 — consider cleanup
2025-01-01 09:00:18 [DEBUG   ] Entering function process_batch() with batch_size=5978
2025-01-01 09:00:26 [WARNING ] Rate limit at 9239% for IP 192.168.5590.5
2025-01-01 09:00:31 [DEBUG   ] SQL query executed: SELECT * FROM orders WHERE id=5380 (8830ms)
2025-01-01 09:00:35 [DEBUG   ] SQL query executed: SELECT * FROM orders WHERE id=4665 (5782ms)
2025-01-01 09:00:45 [ERROR   ] Authentication token expired for user_id=3327
2025-01-01 09:00:48 [INFO    ] Request processed in 6944ms — endpoint /api/v1/data
2025-01-01 09:00:57 [INFO    ] Database connection pool size: 7684/20
2025-01-01 09:01:07 [WARNING ] Retry attempt 8199 of 3 for downstream service call
2025-01-01 09:01:14 [WARNING ] Retry attempt 1178 of 3 for downstream service call
2025-01-01 09:01:21 [INFO    ] Database connection pool size: 448/20
2025-01-01 09:01:29 [INFO    ] User login successful for user_id=2132
2025-01-01 09:01:37 [WARNING ] Retry attempt 2655 of 3 for downstream service call
2025-01-01 09:01:38 [INFO    ] Request processed in 8811ms — endpoint /api/v1/data
2025-01-01 09:01:41 [INFO    ] Cache hit ratio at 8992% for the last 60 seconds
2025-01-01 09:01:43 [INFO    ] Request processed in 3507ms — endpoint /api/v1/data
2025-01-01 09:01:51 [INFO    ] New session created — session_id=9197
2025-01-01 09:01:58 [INFO    ] Config reloaded from disk — version=3888
2025-01-01 09:02:07 [INFO    ] New session created — session_id=4673
2025-01-01 09:02:09 [ERROR   ] File not found: /var/data/report_8049.csv
2025-01-01 09:02:18 [INFO    ] User login successful for user_id=4804
2025-01-01 09:02:26 [ERROR   ] Failed to connect to database after 5138 retries — giving up
2025-01-01 09:02:34 [INFO    ] Request processed in 2415ms — endpoint /api/v1/data
2025-01-01 09:02:42 [ERROR   ] NullPointerException in module payments.processor at line 6178
2025-01-01 09:02:50 [CRITICAL] SYSTEM SHUTDOWN INITIATED — out of memory (used: 4096MB / 512MB)
2025-01-01 09:02:56 [INFO    ] Database connection pool size: 3205/20
2025-01-01 09:03:05 [WARNING ] Deprecated API endpoint /v1/legacy called by client 5959
2025-01-01 09:03:11 [INFO    ] Scheduled job 'cleanup_temp_files' completed in 886s
2025-01-01 09:03:17 [ERROR   ] File not found: /var/data/report_5823.csv
2025-01-01 09:03:22 [INFO    ] Scheduled job 'cleanup_temp_files' completed in 3481s
2025-01-01 09:03:23 [WARNING ] Response time exceeded threshold: 1265ms (limit: 500ms)
2025-01-01 09:03:25 [INFO    ] Scheduled job 'cleanup_temp_files' completed in 264s
2025-01-01 09:03:30 [INFO    ] User login successful for user_id=5439
2025-01-01 09:03:36 [INFO    ] Request processed in 849ms — endpoint /api/v1/data
2025-01-01 09:03:37 [ERROR   ] NullPointerException in module payments.processor at line 9308
2025-01-01 09:03:39 [INFO    ] Request processed in 9986ms — endpoint /api/v1/data
2025-01-01 09:03:40 [INFO    ] Scheduled job 'cleanup_temp_files' completed in 435s
2025-01-01 09:03:48 [INFO    ] Request processed in 6667ms — endpoint /api/v1/data
2025-01-01 09:03:55 [INFO    ] User login successful for user_id=2014
2025-01-01 09:03:58 [INFO    ] Config reloaded from disk — version=1933
2025-01-01 09:04:03 [INFO    ] Scheduled job 'cleanup_temp_files' completed in 6516s
2025-01-01 09:04:07 [DEBUG   ] Cache miss for key='user_profile_1375' — fetching from DB
2025-01-01 09:04:17 [INFO    ] Scheduled job 'cleanup_temp_files' completed in 8393s
2025-01-01 09:04:21 [INFO    ] New session created — session_id=6112
2025-01-01 09:04:28 [INFO    ] New session created — session_id=3454
2025-01-01 09:04:35 [CRITICAL] Primary database unreachable — all writes failing, queue depth: 9463
2025-01-01 09:04:45 [ERROR   ] HTTP 500 returned for request_id=2443 — internal server error
2025-01-01 09:04:50 [ERROR   ] Authentication token expired for user_id=4882
2025-01-01 09:04:59 [ERROR   ] HTTP 500 returned for request_id=2043 — internal server error
2025-01-01 09:05:02 [ERROR   ] Failed to connect to database after 7607 retries — giving up
2025-01-01 09:05:12 [INFO    ] Request processed in 7545ms — endpoint /api/v1/data
2025-01-01 09:05:15 [INFO    ] New session created — session_id=9078
2025-01-01 09:05:16 [INFO    ] Scheduled job 'cleanup_temp_files' completed in 6198s
2025-01-01 09:05:23 [WARNING ] Memory usage at 5704MB — approaching soft limit of 512MB
2025-01-01 09:05:30 [INFO    ] User login successful for user_id=4220
2025-01-01 09:05:31 [ERROR   ] Unhandled exception in worker thread-8117: IndexError
2025-01-01 09:05:32 [INFO    ] Scheduled job 'cleanup_temp_files' completed in 5189s
2025-01-01 09:05:42 [WARNING ] Rate limit at 985% for IP 192.168.4841.67
2025-01-01 09:05:50 [ERROR   ] Unhandled exception in worker thread-4025: IndexError
2025-01-01 09:06:00 [DEBUG   ] Checkpoint reached at loop iteration 5304
2025-01-01 09:06:04 [INFO    ] Scheduled job 'cleanup_temp_files' completed in 5730s
2025-01-01 09:06:06 [WARNING ] Retry attempt 2388 of 3 for downstream service call
2025-01-01 09:06:16 [DEBUG   ] Checkpoint reached at loop iteration 9529
2025-01-01 09:06:19 [WARNING ] Memory usage at 1892MB — approaching soft limit of 512MB
2025-01-01 09:06:20 [INFO    ] Database connection pool size: 4804/20
2025-01-01 09:06:25 [WARNING ] Deprecated API endpoint /v1/legacy called by client 4439
2025-01-01 09:06:30 [INFO    ] Request processed in 2712ms — endpoint /api/v1/data
2025-01-01 09:06:31 [ERROR   ] Failed to connect to database after 4734 retries — giving up
2025-01-01 09:06:41 [INFO    ] User login successful for user_id=1552
2025-01-01 09:06:42 [INFO    ] Cache hit ratio at 3184% for the last 60 seconds
2025-01-01 09:06:47 [WARNING ] Retry attempt 7404 of 3 for downstream service call
2025-01-01 09:06:50 [ERROR   ] File not found: /var/data/report_2340.csv
2025-01-01 09:06:58 [ERROR   ] Unhandled exception in worker thread-6469: IndexError
2025-01-01 09:07:08 [INFO    ] Config reloaded from disk — version=5363
2025-01-01 09:07:17 [ERROR   ] Failed to connect to database after 4056 retries — giving up
2025-01-01 09:07:27 [INFO    ] Scheduled job 'cleanup_temp_files' completed in 3843s
2025-01-01 09:07:28 [INFO    ] User login successful for user_id=4465
2025-01-01 09:07:35 [INFO    ] Config reloaded from disk — version=3484
2025-01-01 09:07:45 [INFO    ] Config reloaded from disk — version=3907
2025-01-01 09:07:50 [INFO    ] Cache hit ratio at 5024% for the last 60 seconds
2025-01-01 09:07:57 [INFO    ] Request processed in 4539ms — endpoint /api/v1/data
2025-01-01 09:08:05 [INFO    ] Config reloaded from disk — version=5056
2025-01-01 09:08:13 [INFO    ] Request processed in 2738ms — endpoint /api/v1/data
2025-01-01 09:08:18 [CRITICAL] Data corruption detected in table 'transactions' at row 1764
2025-01-01 09:08:27 [ERROR   ] HTTP 500 returned for request_id=8361 — internal server error
2025-01-01 09:08:28 [CRITICAL] SYSTEM SHUTDOWN INITIATED — out of memory (used: 3104MB / 512MB)
2025-01-01 09:08:30 [WARNING ] Rate limit at 9814% for IP 192.168.2150.7952
2025-01-01 09:08:36 [INFO    ] Cache hit ratio at 8266% for the last 60 seconds
2025-01-01 09:08:43 [INFO    ] New session created — session_id=9669
2025-01-01 09:08:53 [INFO    ] Cache hit ratio at 4578% for the last 60 seconds
2025-01-01 09:08:54 [WARNING ] Retry attempt 7419 of 3 for downstream service call
2025-01-01 09:08:57 [ERROR   ] Authentication token expired for user_id=2702
2025-01-01 09:08:58 [WARNING ] Disk usage at 3976% on volume /dev/sda1 — consider cleanup
2025-01-01 09:09:08 [DEBUG   ] SQL query executed: SELECT * FROM orders WHERE id=6532 (9506ms)
2025-01-01 09:09:13 [INFO    ] Config reloaded from disk — version=4499
2025-01-01 09:09:18 [DEBUG   ] Entering function process_batch() with batch_size=7793
2025-01-01 09:09:25 [INFO    ] Database connection pool size: 3670/20
2025-01-01 09:09:28 [INFO    ] Cache hit ratio at 1622% for the last 60 seconds
2025-01-01 09:09:36 [INFO    ] Request processed in 7642ms — endpoint /api/v1/data
2025-01-01 09:09:40 [WARNING ] Memory usage at 8260MB — approaching soft limit of 512MB
2025-01-01 09:09:49 [ERROR   ] File not found: /var/data/report_8368.csv
2025-01-01 09:09:55 [ERROR   ] NullPointerException in module payments.processor at line 5383
2025-01-01 09:10:05 [WARNING ] Deprecated API endpoint /v1/legacy called by client 621
2025-01-01 09:10:11 [INFO    ] User login successful for user_id=9625
2025-01-01 09:10:17 [INFO    ] Cache hit ratio at 9142% for the last 60 seconds
2025-01-01 09:10:23 [ERROR   ] HTTP 500 returned for request_id=8201 — internal server error
2025-01-01 09:10:28 [INFO    ] Cache hit ratio at 4481% for the last 60 seconds
2025-01-01 09:10:34 [INFO    ] Scheduled job 'cleanup_temp_files' completed in 127s
2025-01-01 09:10:38 [INFO    ] Cache hit ratio at 6814% for the last 60 seconds
2025-01-01 09:10:45 [INFO    ] Config reloaded from disk — version=6023
2025-01-01 09:10:51 [INFO    ] New session created — session_id=2416
2025-01-01 09:10:52 [INFO    ] Database connection pool size: 8184/20
2025-01-01 09:11:00 [INFO    ] User login successful for user_id=6362
2025-01-01 09:11:03 [ERROR   ] Unhandled exception in worker thread-1027: IndexError
2025-01-01 09:11:08 [ERROR   ] HTTP 500 returned for request_id=1321 — internal server error
2025-01-01 09:11:16 [DEBUG   ] Checkpoint reached at loop iteration 8272
2025-01-01 09:11:22 [INFO    ] Database connection pool size: 9185/20
2025-01-01 09:11:24 [INFO    ] Database connection pool size: 4150/20
2025-01-01 09:11:32 [CRITICAL] Primary database unreachable — all writes failing, queue depth: 6697
2025-01-01 09:11:37 [INFO    ] Scheduled job 'cleanup_temp_files' completed in 909s
2025-01-01 09:11:45 [CRITICAL] SSL certificate expires in 3513 hours — immediate action required
2025-01-01 09:11:47 [INFO    ] Config reloaded from disk — version=5377
2025-01-01 09:11:55 [WARNING ] Memory usage at 345MB — approaching soft limit of 512MB
2025-01-01 09:12:05 [INFO    ] Cache hit ratio at 9525% for the last 60 seconds
2025-01-01 09:12:08 [INFO    ] Config reloaded from disk — version=5646
2025-01-01 09:12:09 [INFO    ] Database connection pool size: 9469/20
2025-01-01 09:12:10 [ERROR   ] File not found: /var/data/report_3450.csv
2025-01-01 09:12:14 [DEBUG   ] Serializing response object — 1963 fields found
2025-01-01 09:12:20 [INFO    ] Config reloaded from disk — version=3402
2025-01-01 09:12:24 [DEBUG   ] Entering function process_batch() with batch_size=8684
2025-01-01 09:12:29 [INFO    ] Config reloaded from disk — version=3831
2025-01-01 09:12:34 [INFO    ] Request processed in 5797ms — endpoint /api/v1/data
2025-01-01 09:12:40 [INFO    ] Config reloaded from disk — version=892
2025-01-01 09:12:42 [INFO    ] Config reloaded from disk — version=4441
2025-01-01 09:12:50 [INFO    ] Request processed in 3734ms — endpoint /api/v1/data
2025-01-01 09:12:53 [CRITICAL] SYSTEM SHUTDOWN INITIATED — out of memory (used: 5068MB / 512MB)
2025-01-01 09:12:55 [INFO    ] Database connection pool size: 6042/20
2025-01-01 09:12:58 [INFO    ] Request processed in 5113ms — endpoint /api/v1/data
2025-01-01 09:13:01 [INFO    ] User login successful for user_id=1343
2025-01-01 09:13:04 [INFO    ] Request processed in 4703ms — endpoint /api/v1/data
2025-01-01 09:13:09 [DEBUG   ] Checkpoint reached at loop iteration 6716
2025-01-01 09:13:10 [INFO    ] User login successful for user_id=4809
2025-01-01 09:13:15 [INFO    ] New session created — session_id=4121
2025-01-01 09:13:25 [DEBUG   ] Serializing response object — 8537 fields found
2025-01-01 09:13:31 [WARNING ] Retry attempt 966 of 3 for downstream service call
2025-01-01 09:13:36 [WARNING ] Deprecated API endpoint /v1/legacy called by client 3683
2025-01-01 09:13:37 [DEBUG   ] Entering function process_batch() with batch_size=3732
2025-01-01 09:13:43 [INFO    ] Database connection pool size: 9867/20
2025-01-01 09:13:52 [WARNING ] Disk usage at 8715% on volume /dev/sda1 — consider cleanup
2025-01-01 09:13:55 [INFO    ] Request processed in 8137ms — endpoint /api/v1/data
2025-01-01 09:13:59 [DEBUG   ] Entering function process_batch() with batch_size=1245
2025-01-01 09:14:02 [INFO    ] Scheduled job 'cleanup_temp_files' completed in 712s
2025-01-01 09:14:06 [WARNING ] Deprecated API endpoint /v1/legacy called by client 4882
2025-01-01 09:14:13 [WARNING ] Retry attempt 4252 of 3 for downstream service call
2025-01-01 09:14:23 [INFO    ] Config reloaded from disk — version=8809
2025-01-01 09:14:30 [INFO    ] Config reloaded from disk — version=4383
2025-01-01 09:14:31 [INFO    ] Database connection pool size: 1259/20
2025-01-01 09:14:40 [INFO    ] Database connection pool size: 6544/20
2025-01-01 09:14:44 [INFO    ] Database connection pool size: 9863/20
2025-01-01 09:14:53 [INFO    ] Cache hit ratio at 9714% for the last 60 seconds
2025-01-01 09:15:01 [WARNING ] Disk usage at 1866% on volume /dev/sda1 — consider cleanup
2025-01-01 09:15:03 [ERROR   ] NullPointerException in module payments.processor at line 6409
2025-01-01 09:15:10 [INFO    ] Scheduled job 'cleanup_temp_files' completed in 2745s
2025-01-01 09:15:11 [ERROR   ] HTTP 500 returned for request_id=5570 — internal server error
2025-01-01 09:15:19 [CRITICAL] Security breach detected: 203 failed login attempts from IP 10.0.6460.3975
2025-01-01 09:15:25 [DEBUG   ] Checkpoint reached at loop iteration 4466
2025-01-01 09:15:27 [INFO    ] Request processed in 5421ms — endpoint /api/v1/data
2025-01-01 09:15:31 [WARNING ] Deprecated API endpoint /v1/legacy called by client 9076
2025-01-01 09:15:37 [WARNING ] Rate limit at 4863% for IP 192.168.9890.2523
2025-01-01 09:15:40 [INFO    ] New session created — session_id=7158
2025-01-01 09:15:47 [INFO    ] Scheduled job 'cleanup_temp_files' completed in 1179s
2025-01-01 09:15:57 [INFO    ] User login successful for user_id=7254
2025-01-01 09:15:58 [ERROR   ] NullPointerException in module payments.processor at line 8291
2025-01-01 09:16:03 [INFO    ] Config reloaded from disk — version=149
2025-01-01 09:16:06 [INFO    ] Request processed in 7700ms — endpoint /api/v1/data
2025-01-01 09:16:12 [WARNING ] Rate limit at 2622% for IP 192.168.9008.7220
2025-01-01 09:16:20 [ERROR   ] Failed to connect to database after 626 retries — giving up
2025-01-01 09:16:22 [WARNING ] Deprecated API endpoint /v1/legacy called by client 9401
2025-01-01 09:16:32 [INFO    ] New session created — session_id=8132
2025-01-01 09:16:35 [WARNING ] Retry attempt 8506 of 3 for downstream service call
2025-01-01 09:16:42 [ERROR   ] HTTP 500 returned for request_id=3569 — internal server error
2025-01-01 09:16:52 [WARNING ] Deprecated API endpoint /v1/legacy called by client 2265
2025-01-01 09:17:02 [INFO    ] Request processed in 4771ms — endpoint /api/v1/data
2025-01-01 09:17:06 [INFO    ] Request processed in 9781ms — endpoint /api/v1/data
2025-01-01 09:17:13 [INFO    ] Cache hit ratio at 5262% for the last 60 seconds
2025-01-01 09:17:18 [INFO    ] Request processed in 1492ms — endpoint /api/v1/data
2025-01-01 09:17:28 [INFO    ] Request processed in 116ms — endpoint /api/v1/data
2025-01-01 09:17:29 [WARNING ] Disk usage at 9513% on volume /dev/sda1 — consider cleanup
2025-01-01 09:17:30 [INFO    ] Cache hit ratio at 8059% for the last 60 seconds
2025-01-01 09:17:39 [DEBUG   ] SQL query executed: SELECT * FROM orders WHERE id=116 (5770ms)
2025-01-01 09:17:44 [INFO    ] Scheduled job 'cleanup_temp_files' completed in 8950s
2025-01-01 09:17:53 [INFO    ] Scheduled job 'cleanup_temp_files' completed in 9127s
2025-01-01 09:18:03 [ERROR   ] HTTP 500 returned for request_id=1093 — internal server error
2025-01-01 09:18:06 [INFO    ] Scheduled job 'cleanup_temp_files' completed in 609s
2025-01-01 09:18:07 [WARNING ] Memory usage at 4787MB — approaching soft limit of 512MB
2025-01-01 09:18:08 [INFO    ] User login successful for user_id=3204
2025-01-01 09:18:09 [INFO    ] Cache hit ratio at 5654% for the last 60 seconds
2025-01-01 09:18:10 [CRITICAL] Primary database unreachable — all writes failing, queue depth: 306
2025-01-01 09:18:12 [ERROR   ] Authentication token expired for user_id=1571
2025-01-01 09:18:18 [INFO    ] User login successful for user_id=7197
2025-01-01 09:18:22 [INFO    ] New session created — session_id=8692
2025-01-01 09:18:30 [WARNING ] Memory usage at 3121MB — approaching soft limit of 512MB
2025-01-01 09:18:33 [INFO    ] Database connection pool size: 1943/20
2025-01-01 09:18:40 [INFO    ] Database connection pool size: 2983/20
2025-01-01 09:18:49 [INFO    ] Config reloaded from disk — version=4059
2025-01-01 09:18:51 [DEBUG   ] Entering function process_batch() with batch_size=4671
2025-01-01 09:19:00 [ERROR   ] NullPointerException in module payments.processor at line 3274
2025-01-01 09:19:06 [ERROR   ] Unhandled exception in worker thread-1578: IndexError
2025-01-01 09:19:09 [WARNING ] Response time exceeded threshold: 8272ms (limit: 500ms)
2025-01-01 09:19:15 [DEBUG   ] SQL query executed: SELECT * FROM orders WHERE id=9932 (1707ms)
2025-01-01 09:19:16 [INFO    ] User login successful for user_id=3534
2025-01-01 09:19:24 [WARNING ] Retry attempt 6848 of 3 for downstream service call
2025-01-01 09:19:33 [WARNING ] Disk usage at 7094% on volume /dev/sda1 — consider cleanup
2025-01-01 09:19:38 [CRITICAL] SSL certificate expires in 3867 hours — immediate action required
2025-01-01 09:19:43 [INFO    ] Request processed in 233ms — endpoint /api/v1/data
2025-01-01 09:19:46 [ERROR   ] HTTP 500 returned for request_id=8591 — internal server error
2025-01-01 09:19:50 [INFO    ] Request processed in 3302ms — endpoint /api/v1/data
2025-01-01 09:19:57 [INFO    ] Cache hit ratio at 5493% for the last 60 seconds
2025-01-01 09:20:04 [INFO    ] Database connection pool size: 2500/20
2025-01-01 09:20:10 [INFO    ] User login successful for user_id=3402
2025-01-01 09:20:14 [INFO    ] Request processed in 6617ms — endpoint /api/v1/data
2025-01-01 09:20:17 [INFO    ] Config reloaded from disk — version=3040
2025-01-01 09:20:27 [DEBUG   ] Serializing response object — 118 fields found
2025-01-01 09:20:33 [INFO    ] User login successful for user_id=5816
2025-01-01 09:20:42 [DEBUG   ] Cache miss for key='user_profile_3764' — fetching from DB
2025-01-01 09:20:47 [DEBUG   ] Lock acquired on resource 'invoice_6360' by thread-2450
2025-01-01 09:20:50 [WARNING ] Response time exceeded threshold: 6913ms (limit: 500ms)
2025-01-01 09:20:52 [ERROR   ] Unhandled exception in worker thread-3469: IndexError
2025-01-01 09:21:02 [WARNING ] Deprecated API endpoint /v1/legacy called by client 8106
2025-01-01 09:21:03 [WARNING ] Disk usage at 4215% on volume /dev/sda1 — consider cleanup
2025-01-01 09:21:12 [INFO    ] Scheduled job 'cleanup_temp_files' completed in 8249s
2025-01-01 09:21:18 [WARNING ] Memory usage at 5723MB — approaching soft limit of 512MB
2025-01-01 09:21:22 [INFO    ] Scheduled job 'cleanup_temp_files' completed in 1464s
2025-01-01 09:21:23 [DEBUG   ] Lock acquired on resource 'invoice_5831' by thread-2788
2025-01-01 09:21:31 [WARNING ] Memory usage at 2363MB — approaching soft limit of 512MB
2025-01-01 09:21:34 [INFO    ] New session created — session_id=1819
2025-01-01 09:21:39 [WARNING ] Rate limit at 9967% for IP 192.168.7430.5637
2025-01-01 09:21:40 [INFO    ] User login successful for user_id=6568
2025-01-01 09:21:46 [INFO    ] Database connection pool size: 8399/20
2025-01-01 09:21:49 [CRITICAL] Data corruption detected in table 'transactions' at row 8178
2025-01-01 09:21:56 [INFO    ] Config reloaded from disk — version=4959
2025-01-01 09:22:04 [CRITICAL] Primary database unreachable — all writes failing, queue depth: 9321
2025-01-01 09:22:06 [INFO    ] Cache hit ratio at 1579% for the last 60 seconds
2025-01-01 09:22:13 [CRITICAL] Data corruption detected in table 'transactions' at row 1808
2025-01-01 09:22:21 [ERROR   ] Failed to connect to database after 7728 retries — giving up
2025-01-01 09:22:31 [WARNING ] Deprecated API endpoint /v1/legacy called by client 711
2025-01-01 09:22:36 [INFO    ] User login successful for user_id=5909
2025-01-01 09:22:38 [INFO    ] Config reloaded from disk — version=5407
2025-01-01 09:22:40 [DEBUG   ] Serializing response object — 2463 fields found
2025-01-01 09:22:48 [WARNING ] Memory usage at 7084MB — approaching soft limit of 512MB
2025-01-01 09:22:53 [DEBUG   ] Cache miss for key='user_profile_3468' — fetching from DB
2025-01-01 09:22:59 [INFO    ] Database connection pool size: 8884/20
2025-01-01 09:23:03 [WARNING ] Memory usage at 9405MB — approaching soft limit of 512MB
2025-01-01 09:23:13 [INFO    ] Cache hit ratio at 1054% for the last 60 seconds
2025-01-01 09:23:20 [INFO    ] Config reloaded from disk — version=3940
2025-01-01 09:23:25 [INFO    ] New session created — session_id=9573
2025-01-01 09:23:30 [WARNING ] Rate limit at 5952% for IP 192.168.9539.5182
2025-01-01 09:23:39 [INFO    ] User login successful for user_id=3170
2025-01-01 09:23:42 [INFO    ] User login successful for user_id=9741
2025-01-01 09:23:45 [WARNING ] Response time exceeded threshold: 6201ms (limit: 500ms)
2025-01-01 09:23:52 [INFO    ] Config reloaded from disk — version=4440
2025-01-01 09:24:00 [ERROR   ] File not found: /var/data/report_4796.csv
2025-01-01 09:24:05 [INFO    ] Config reloaded from disk — version=11
2025-01-01 09:24:15 [INFO    ] Config reloaded from disk — version=3294
2025-01-01 09:24:25 [DEBUG   ] Lock acquired on resource 'invoice_1444' by thread-6523
2025-01-01 09:24:30 [INFO    ] Database connection pool size: 4197/20
2025-01-01 09:24:37 [WARNING ] Memory usage at 3965MB — approaching soft limit of 512MB
2025-01-01 09:24:38 [CRITICAL] Primary database unreachable — all writes failing, queue depth: 2961
2025-01-01 09:24:46 [WARNING ] Memory usage at 4930MB — approaching soft limit of 512MB
2025-01-01 09:24:50 [INFO    ] User login successful for user_id=5306
2025-01-01 09:24:51 [WARNING ] Retry attempt 4396 of 3 for downstream service call
2025-01-01 09:25:01 [DEBUG   ] Serializing response object — 6502 fields found
2025-01-01 09:25:07 [WARNING ] Memory usage at 2294MB — approaching soft limit of 512MB
2025-01-01 09:25:16 [INFO    ] Cache hit ratio at 9090% for the last 60 seconds
2025-01-01 09:25:22 [INFO    ] Database connection pool size: 372/20
2025-01-01 09:25:28 [ERROR   ] Authentication token expired for user_id=3503
2025-01-01 09:25:29 [CRITICAL] SYSTEM SHUTDOWN INITIATED — out of memory (used: 3508MB / 512MB)
2025-01-01 09:25:34 [WARNING ] Retry attempt 2464 of 3 for downstream service call
2025-01-01 09:25:35 [INFO    ] New session created — session_id=7612
2025-01-01 09:25:41 [INFO    ] New session created — session_id=4444
2025-01-01 09:25:46 [WARNING ] Rate limit at 3832% for IP 192.168.7438.438
2025-01-01 09:25:55 [INFO    ] Database connection pool size: 8149/20
2025-01-01 09:26:02 [INFO    ] Scheduled job 'cleanup_temp_files' completed in 9810s
2025-01-01 09:26:11 [CRITICAL] Primary database unreachable — all writes failing, queue depth: 7865
2025-01-01 09:26:20 [INFO    ] Request processed in 734ms — endpoint /api/v1/data
2025-01-01 09:26:21 [INFO    ] Config reloaded from disk — version=5185
2025-01-01 09:26:30 [CRITICAL] Primary database unreachable — all writes failing, queue depth: 2486
2025-01-01 09:26:31 [INFO    ] Database connection pool size: 7982/20
2025-01-01 09:26:38 [INFO    ] Database connection pool size: 9582/20
2025-01-01 09:26:48 [CRITICAL] SSL certificate expires in 7477 hours — immediate action required
2025-01-01 09:26:58 [WARNING ] Retry attempt 2770 of 3 for downstream service call
2025-01-01 09:27:01 [INFO    ] New session created — session_id=1876
2025-01-01 09:27:11 [INFO    ] Database connection pool size: 5142/20
2025-01-01 09:27:18 [INFO    ] New session created — session_id=8888
2025-01-01 09:27:25 [ERROR   ] NullPointerException in module payments.processor at line 1079
2025-01-01 09:27:30 [ERROR   ] Failed to connect to database after 3225 retries — giving up
2025-01-01 09:27:34 [INFO    ] User login successful for user_id=5105
2025-01-01 09:27:36 [WARNING ] Retry attempt 4508 of 3 for downstream service call
2025-01-01 09:27:45 [INFO    ] Scheduled job 'cleanup_temp_files' completed in 9542s
2025-01-01 09:27:51 [WARNING ] Deprecated API endpoint /v1/legacy called by client 2792
2025-01-01 09:27:57 [INFO    ] Config reloaded from disk — version=1140
2025-01-01 09:28:07 [INFO    ] Cache hit ratio at 7474% for the last 60 seconds
2025-01-01 09:28:16 [INFO    ] Cache hit ratio at 5306% for the last 60 seconds
2025-01-01 09:28:24 [INFO    ] Database connection pool size: 2322/20
2025-01-01 09:28:25 [INFO    ] Config reloaded from disk — version=2524
2025-01-01 09:28:30 [INFO    ] Config reloaded from disk — version=2856
2025-01-01 09:28:34 [INFO    ] Request processed in 1958ms — endpoint /api/v1/data
2025-01-01 09:28:36 [ERROR   ] Unhandled exception in worker thread-7151: IndexError
2025-01-01 09:28:38 [INFO    ] Scheduled job 'cleanup_temp_files' completed in 8013s
2025-01-01 09:28:41 [CRITICAL] Primary database unreachable — all writes failing, queue depth: 5224
2025-01-01 09:28:42 [INFO    ] Request processed in 9372ms — endpoint /api/v1/data
2025-01-01 09:28:44 [INFO    ] Cache hit ratio at 6577% for the last 60 seconds
2025-01-01 09:28:52 [DEBUG   ] Checkpoint reached at loop iteration 6186
2025-01-01 09:28:59 [INFO    ] Cache hit ratio at 5953% for the last 60 seconds
2025-01-01 09:29:06 [ERROR   ] Authentication token expired for user_id=3609
2025-01-01 09:29:15 [ERROR   ] Failed to connect to database after 7652 retries — giving up
2025-01-01 09:29:16 [INFO    ] Request processed in 2080ms — endpoint /api/v1/data
2025-01-01 09:29:20 [INFO    ] Database connection pool size: 666/20
2025-01-01 09:29:30 [INFO    ] User login successful for user_id=9865
2025-01-01 09:29:39 [INFO    ] Scheduled job 'cleanup_temp_files' completed in 8697s
2025-01-01 09:29:41 [INFO    ] Scheduled job 'cleanup_temp_files' completed in 1649s
2025-01-01 09:29:47 [WARNING ] Retry attempt 4890 of 3 for downstream service call
2025-01-01 09:29:56 [INFO    ] Scheduled job 'cleanup_temp_files' completed in 2232s
2025-01-01 09:29:57 [WARNING ] Memory usage at 894MB — approaching soft limit of 512MB
2025-01-01 09:30:01 [ERROR   ] Failed to connect to database after 6405 retries — giving up
2025-01-01 09:30:03 [ERROR   ] Failed to connect to database after 6003 retries — giving up
2025-01-01 09:30:12 [ERROR   ] Failed to connect to database after 1086 retries — giving up
2025-01-01 09:30:16 [ERROR   ] NullPointerException in module payments.processor at line 978
2025-01-01 09:30:21 [INFO    ] Database connection pool size: 8412/20
2025-01-01 09:30:30 [DEBUG   ] SQL query executed: SELECT * FROM orders WHERE id=6803 (9361ms)
2025-01-01 09:30:36 [DEBUG   ] Lock acquired on resource 'invoice_6431' by thread-1378
2025-01-01 09:30:38 [INFO    ] Request processed in 6057ms — endpoint /api/v1/data
2025-01-01 09:30:46 [ERROR   ] HTTP 500 returned for request_id=4145 — internal server error
2025-01-01 09:30:53 [INFO    ] Database connection pool size: 9665/20
2025-01-01 09:30:58 [ERROR   ] Failed to connect to database after 1280 retries — giving up
2025-01-01 09:31:07 [INFO    ] Scheduled job 'cleanup_temp_files' completed in 7626s
2025-01-01 09:31:15 [INFO    ] User login successful for user_id=5651
2025-01-01 09:31:24 [INFO    ] Scheduled job 'cleanup_temp_files' completed in 3404s
2025-01-01 09:31:34 [INFO    ] Scheduled job 'cleanup_temp_files' completed in 6433s
2025-01-01 09:31:43 [WARNING ] Deprecated API endpoint /v1/legacy called by client 8654
2025-01-01 09:31:51 [ERROR   ] HTTP 500 returned for request_id=5873 — internal server error
2025-01-01 09:32:00 [INFO    ] New session created — session_id=6078
2025-01-01 09:32:10 [DEBUG   ] SQL query executed: SELECT * FROM orders WHERE id=7200 (6063ms)
2025-01-01 09:32:17 [ERROR   ] Unhandled exception in worker thread-4059: IndexError
2025-01-01 09:32:18 [ERROR   ] HTTP 500 returned for request_id=7621 — internal server error
2025-01-01 09:32:19 [WARNING ] Memory usage at 8790MB — approaching soft limit of 512MB
2025-01-01 09:32:20 [WARNING ] Disk usage at 8333% on volume /dev/sda1 — consider cleanup
2025-01-01 09:32:24 [INFO    ] User login successful for user_id=4727
2025-01-01 09:32:34 [INFO    ] User login successful for user_id=3329
2025-01-01 09:32:41 [INFO    ] Request processed in 6599ms — endpoint /api/v1/data
2025-01-01 09:32:48 [ERROR   ] HTTP 500 returned for request_id=6548 — internal server error
2025-01-01 09:32:57 [DEBUG   ] Checkpoint reached at loop iteration 7231
2025-01-01 09:33:03 [INFO    ] Cache hit ratio at 9593% for the last 60 seconds
2025-01-01 09:33:11 [INFO    ] Database connection pool size: 7632/20
2025-01-01 09:33:15 [ERROR   ] HTTP 500 returned for request_id=7736 — internal server error
2025-01-01 09:33:20 [INFO    ] Database connection pool size: 5682/20
2025-01-01 09:33:26 [WARNING ] Deprecated API endpoint /v1/legacy called by client 1920
2025-01-01 09:33:27 [INFO    ] Scheduled job 'cleanup_temp_files' completed in 2356s
2025-01-01 09:33:30 [WARNING ] Deprecated API endpoint /v1/legacy called by client 6180
2025-01-01 09:33:39 [INFO    ] New session created — session_id=7712
2025-01-01 09:33:42 [WARNING ] Deprecated API endpoint /v1/legacy called by client 8597
2025-01-01 09:33:50 [INFO    ] New session created — session_id=1105
2025-01-01 09:33:59 [WARNING ] Response time exceeded threshold: 9654ms (limit: 500ms)
2025-01-01 09:34:08 [WARNING ] Rate limit at 8061% for IP 192.168.1448.8740
2025-01-01 09:34:18 [INFO    ] Config reloaded from disk — version=4056
2025-01-01 09:34:28 [INFO    ] Database connection pool size: 3561/20
2025-01-01 09:34:30 [CRITICAL] Primary database unreachable — all writes failing, queue depth: 4345
2025-01-01 09:34:35 [DEBUG   ] Serializing response object — 6836 fields found
2025-01-01 09:34:39 [INFO    ] Request processed in 5244ms — endpoint /api/v1/data
2025-01-01 09:34:40 [ERROR   ] Failed to connect to database after 351 retries — giving up
2025-01-01 09:34:45 [INFO    ] Scheduled job 'cleanup_temp_files' completed in 2047s
2025-01-01 09:34:54 [INFO    ] Scheduled job 'cleanup_temp_files' completed in 9301s
2025-01-01 09:35:04 [INFO    ] Scheduled job 'cleanup_temp_files' completed in 3603s
2025-01-01 09:35:09 [INFO    ] New session created — session_id=8964
2025-01-01 09:35:15 [INFO    ] User login successful for user_id=2045
2025-01-01 09:35:23 [WARNING ] Rate limit at 7865% for IP 192.168.2682.6241
2025-01-01 09:35:29 [CRITICAL] Primary database unreachable — all writes failing, queue depth: 3118
2025-01-01 09:35:31 [CRITICAL] Data corruption detected in table 'transactions' at row 3617
2025-01-01 09:35:41 [INFO    ] New session created — session_id=4685
2025-01-01 09:35:48 [INFO    ] Request processed in 1864ms — endpoint /api/v1/data
2025-01-01 09:35:51 [CRITICAL] SYSTEM SHUTDOWN INITIATED — out of memory (used: 3817MB / 512MB)
2025-01-01 09:35:59 [DEBUG   ] Serializing response object — 8541 fields found
2025-01-01 09:36:07 [CRITICAL] SYSTEM SHUTDOWN INITIATED — out of memory (used: 2794MB / 512MB)
2025-01-01 09:36:15 [WARNING ] Memory usage at 7906MB — approaching soft limit of 512MB
2025-01-01 09:36:18 [INFO    ] Scheduled job 'cleanup_temp_files' completed in 3157s
2025-01-01 09:36:23 [INFO    ] Cache hit ratio at 5924% for the last 60 seconds
2025-01-01 09:36:29 [CRITICAL] Primary database unreachable — all writes failing, queue depth: 5989
2025-01-01 09:36:30 [WARNING ] Response time exceeded threshold: 1300ms (limit: 500ms)
2025-01-01 09:36:37 [INFO    ] New session created — session_id=3361
2025-01-01 09:36:38 [INFO    ] Scheduled job 'cleanup_temp_files' completed in 2424s
2025-01-01 09:36:41 [INFO    ] Database connection pool size: 1350/20
2025-01-01 09:36:51 [CRITICAL] Primary database unreachable — all writes failing, queue depth: 2444
2025-01-01 09:36:52 [WARNING ] Retry attempt 2758 of 3 for downstream service call
2025-01-01 09:36:54 [ERROR   ] File not found: /var/data/report_3682.csv
2025-01-01 09:36:58 [WARNING ] Memory usage at 9965MB — approaching soft limit of 512MB
2025-01-01 09:37:04 [ERROR   ] File not found: /var/data/report_4031.csv
2025-01-01 09:37:10 [INFO    ] Scheduled job 'cleanup_temp_files' completed in 5616s
2025-01-01 09:37:16 [ERROR   ] NullPointerException in module payments.processor at line 5855
2025-01-01 09:37:22 [INFO    ] New session created — session_id=7995
2025-01-01 09:37:27 [DEBUG   ] Cache miss for key='user_profile_4611' — fetching from DB
2025-01-01 09:37:32 [INFO    ] Database connection pool size: 2484/20
2025-01-01 09:37:35 [WARNING ] Deprecated API endpoint /v1/legacy called by client 8033
2025-01-01 09:37:42 [INFO    ] Cache hit ratio at 6189% for the last 60 seconds
2025-01-01 09:37:49 [WARNING ] Response time exceeded threshold: 135ms (limit: 500ms)
2025-01-01 09:37:50 [WARNING ] Rate limit at 7956% for IP 192.168.8749.1525
2025-01-01 09:37:58 [INFO    ] Cache hit ratio at 7707% for the last 60 seconds
2025-01-01 09:38:05 [WARNING ] Memory usage at 1624MB — approaching soft limit of 512MB
2025-01-01 09:38:07 [ERROR   ] Failed to connect to database after 1274 retries — giving up
2025-01-01 09:38:17 [INFO    ] User login successful for user_id=5721
2025-01-01 09:38:25 [INFO    ] Config reloaded from disk — version=2229
2025-01-01 09:38:27 [INFO    ] Scheduled job 'cleanup_temp_files' completed in 892s
2025-01-01 09:38:30 [INFO    ] New session created — session_id=2626
2025-01-01 09:38:35 [DEBUG   ] Cache miss for key='user_profile_5170' — fetching from DB
2025-01-01 09:38:39 [ERROR   ] Authentication token expired for user_id=2432
2025-01-01 09:38:47 [WARNING ] Memory usage at 5872MB — approaching soft limit of 512MB
2025-01-01 09:38:53 [WARNING ] Memory usage at 6829MB — approaching soft limit of 512MB
2025-01-01 09:39:02 [DEBUG   ] Checkpoint reached at loop iteration 8189
2025-01-01 09:39:12 [WARNING ] Rate limit at 2069% for IP 192.168.8959.921
2025-01-01 09:39:13 [ERROR   ] NullPointerException in module payments.processor at line 1873
2025-01-01 09:39:19 [INFO    ] New session created — session_id=6555
2025-01-01 09:39:25 [INFO    ] New session created — session_id=1861
2025-01-01 09:39:27 [INFO    ] Config reloaded from disk — version=3752
2025-01-01 09:39:35 [INFO    ] Cache hit ratio at 8608% for the last 60 seconds
2025-01-01 09:39:41 [INFO    ] Database connection pool size: 5414/20
2025-01-01 09:39:48 [INFO    ] Config reloaded from disk — version=6314
2025-01-01 09:39:57 [INFO    ] Scheduled job 'cleanup_temp_files' completed in 3433s
2025-01-01 09:40:06 [WARNING ] Deprecated API endpoint /v1/legacy called by client 5334
2025-01-01 09:40:12 [WARNING ] Memory usage at 8884MB — approaching soft limit of 512MB
2025-01-01 09:40:16 [INFO    ] Config reloaded from disk — version=6118
2025-01-01 09:40:24 [WARNING ] Retry attempt 8123 of 3 for downstream service call
2025-01-01 09:40:31 [WARNING ] Response time exceeded threshold: 6014ms (limit: 500ms)
2025-01-01 09:40:35 [DEBUG   ] SQL query executed: SELECT * FROM orders WHERE id=8786 (1291ms)
2025-01-01 09:40:43 [ERROR   ] File not found: /var/data/report_8075.csv
2025-01-01 09:40:53 [INFO    ] New session created — session_id=5060
2025-01-01 09:40:54 [WARNING ] Memory usage at 5770MB — approaching soft limit of 512MB
2025-01-01 09:40:55 [INFO    ] Scheduled job 'cleanup_temp_files' completed in 6722s
2025-01-01 09:40:59 [INFO    ] User login successful for user_id=67
2025-01-01 09:41:05 [INFO    ] Cache hit ratio at 6455% for the last 60 seconds
2025-01-01 09:41:15 [ERROR   ] NullPointerException in module payments.processor at line 8672
2025-01-01 09:41:17 [INFO    ] New session created — session_id=5185
2025-01-01 09:41:18 [DEBUG   ] Lock acquired on resource 'invoice_7582' by thread-9604
2025-01-01 09:41:20 [INFO    ] Database connection pool size: 2211/20
2025-01-01 09:41:26 [DEBUG   ] Serializing response object — 3543 fields found
2025-01-01 09:41:34 [WARNING ] Deprecated API endpoint /v1/legacy called by client 958
2025-01-01 09:41:41 [WARNING ] Retry attempt 2313 of 3 for downstream service call
2025-01-01 09:41:46 [INFO    ] Cache hit ratio at 6160% for the last 60 seconds
2025-01-01 09:41:56 [WARNING ] Memory usage at 9931MB — approaching soft limit of 512MB
2025-01-01 09:42:03 [DEBUG   ] Cache miss for key='user_profile_2614' — fetching from DB
2025-01-01 09:42:11 [WARNING ] Disk usage at 384% on volume /dev/sda1 — consider cleanup
2025-01-01 09:42:16 [INFO    ] Request processed in 3231ms — endpoint /api/v1/data
2025-01-01 09:42:26 [ERROR   ] Failed to connect to database after 7573 retries — giving up
2025-01-01 09:42:28 [DEBUG   ] Entering function process_batch() with batch_size=6518
2025-01-01 09:42:34 [WARNING ] Disk usage at 2770% on volume /dev/sda1 — consider cleanup
2025-01-01 09:42:39 [WARNING ] Response time exceeded threshold: 4417ms (limit: 500ms)
2025-01-01 09:42:47 [INFO    ] Config reloaded from disk — version=692
2025-01-01 09:42:57 [INFO    ] Cache hit ratio at 5416% for the last 60 seconds
2025-01-01 09:43:03 [INFO    ] Config reloaded from disk — version=9815
2025-01-01 09:43:06 [DEBUG   ] Entering function process_batch() with batch_size=1144
2025-01-01 09:43:13 [INFO    ] User login successful for user_id=7851
2025-01-01 09:43:15 [WARNING ] Deprecated API endpoint /v1/legacy called by client 7993
2025-01-01 09:43:21 [INFO    ] User login successful for user_id=6509
2025-01-01 09:43:29 [DEBUG   ] Lock acquired on resource 'invoice_7801' by thread-5073
2025-01-01 09:43:36 [WARNING ] Memory usage at 3611MB — approaching soft limit of 512MB
2025-01-01 09:43:38 [INFO    ] Scheduled job 'cleanup_temp_files' completed in 1187s
2025-01-01 09:43:42 [INFO    ] Scheduled job 'cleanup_temp_files' completed in 7734s
2025-01-01 09:43:49 [INFO    ] Cache hit ratio at 843% for the last 60 seconds
2025-01-01 09:43:52 [ERROR   ] Authentication token expired for user_id=6459
2025-01-01 09:43:57 [WARNING ] Deprecated API endpoint /v1/legacy called by client 3722
2025-01-01 09:44:01 [INFO    ] User login successful for user_id=8550
2025-01-01 09:44:06 [ERROR   ] File not found: /var/data/report_4484.csv
2025-01-01 09:44:11 [INFO    ] Cache hit ratio at 5737% for the last 60 seconds
2025-01-01 09:44:17 [CRITICAL] SYSTEM SHUTDOWN INITIATED — out of memory (used: 8738MB / 512MB)
2025-01-01 09:44:24 [CRITICAL] SSL certificate expires in 4980 hours — immediate action required
2025-01-01 09:44:30 [ERROR   ] File not found: /var/data/report_3417.csv
2025-01-01 09:44:37 [DEBUG   ] Serializing response object — 5872 fields found
2025-01-01 09:44:41 [WARNING ] Deprecated API endpoint /v1/legacy called by client 8335
2025-01-01 09:44:44 [INFO    ] Request processed in 1558ms — endpoint /api/v1/data
2025-01-01 09:44:50 [INFO    ] User login successful for user_id=5800
2025-01-01 09:44:53 [INFO    ] User login successful for user_id=4344
2025-01-01 09:44:54 [DEBUG   ] Entering function process_batch() with batch_size=5412
2025-01-01 09:44:56 [WARNING ] Response time exceeded threshold: 9358ms (limit: 500ms)
2025-01-01 09:45:03 [INFO    ] User login successful for user_id=304
2025-01-01 09:45:11 [WARNING ] Retry attempt 9084 of 3 for downstream service call
2025-01-01 09:45:17 [INFO    ] New session created — session_id=8178
2025-01-01 09:45:21 [WARNING ] Response time exceeded threshold: 4156ms (limit: 500ms)
2025-01-01 09:45:26 [ERROR   ] HTTP 500 returned for request_id=9660 — internal server error
2025-01-01 09:45:36 [ERROR   ] Failed to connect to database after 5213 retries — giving up
2025-01-01 09:45:43 [INFO    ] Scheduled job 'cleanup_temp_files' completed in 3375s
2025-01-01 09:45:44 [DEBUG   ] Serializing response object — 66 fields found
2025-01-01 09:45:45 [INFO    ] Cache hit ratio at 1582% for the last 60 seconds
2025-01-01 09:45:51 [INFO    ] Cache hit ratio at 8658% for the last 60 seconds
2025-01-01 09:45:57 [WARNING ] Disk usage at 5950% on volume /dev/sda1 — consider cleanup
2025-01-01 09:46:00 [WARNING ] Response time exceeded threshold: 7493ms (limit: 500ms)
2025-01-01 09:46:03 [INFO    ] Database connection pool size: 1671/20
2025-01-01 09:46:04 [INFO    ] Scheduled job 'cleanup_temp_files' completed in 6197s
2025-01-01 09:46:10 [INFO    ] User login successful for user_id=3258
2025-01-01 09:46:20 [DEBUG   ] Entering function process_batch() with batch_size=8863
2025-01-01 09:46:29 [INFO    ] Request processed in 915ms — endpoint /api/v1/data
2025-01-01 09:46:32 [WARNING ] Response time exceeded threshold: 4427ms (limit: 500ms)
2025-01-01 09:46:41 [INFO    ] Scheduled job 'cleanup_temp_files' completed in 4155s
2025-01-01 09:46:45 [INFO    ] Scheduled job 'cleanup_temp_files' completed in 5409s
2025-01-01 09:46:47 [WARNING ] Disk usage at 4358% on volume /dev/sda1 — consider cleanup
2025-01-01 09:46:49 [WARNING ] Memory usage at 2997MB — approaching soft limit of 512MB
2025-01-01 09:46:58 [INFO    ] New session created — session_id=3622
2025-01-01 09:47:06 [CRITICAL] Primary database unreachable — all writes failing, queue depth: 9639
2025-01-01 09:47:10 [DEBUG   ] Lock acquired on resource 'invoice_3803' by thread-6706
2025-01-01 09:47:15 [INFO    ] Cache hit ratio at 168% for the last 60 seconds
2025-01-01 09:47:23 [WARNING ] Retry attempt 139 of 3 for downstream service call
2025-01-01 09:47:25 [INFO    ] Database connection pool size: 3535/20
2025-01-01 09:47:29 [ERROR   ] Failed to connect to database after 2859 retries — giving up
2025-01-01 09:47:36 [INFO    ] User login successful for user_id=3282
2025-01-01 09:47:41 [INFO    ] Database connection pool size: 9352/20
2025-01-01 09:47:45 [INFO    ] Scheduled job 'cleanup_temp_files' completed in 9593s
2025-01-01 09:47:50 [INFO    ] New session created — session_id=201
2025-01-01 09:47:57 [ERROR   ] HTTP 500 returned for request_id=9571 — internal server error
2025-01-01 09:48:06 [INFO    ] Scheduled job 'cleanup_temp_files' completed in 7331s
2025-01-01 09:48:07 [INFO    ] Config reloaded from disk — version=9232
2025-01-01 09:48:11 [DEBUG   ] Cache miss for key='user_profile_6456' — fetching from DB
2025-01-01 09:48:20 [INFO    ] Request processed in 8236ms — endpoint /api/v1/data
2025-01-01 09:48:23 [INFO    ] Request processed in 9300ms — endpoint /api/v1/data
2025-01-01 09:48:30 [ERROR   ] Authentication token expired for user_id=4543
2025-01-01 09:48:32 [WARNING ] Deprecated API endpoint /v1/legacy called by client 9787
2025-01-01 09:48:42 [INFO    ] Scheduled job 'cleanup_temp_files' completed in 4573s
2025-01-01 09:48:43 [INFO    ] Database connection pool size: 2836/20
2025-01-01 09:48:51 [WARNING ] Memory usage at 260MB — approaching soft limit of 512MB
2025-01-01 09:49:01 [INFO    ] Config reloaded from disk — version=153
2025-01-01 09:49:03 [DEBUG   ] Entering function process_batch() with batch_size=6838
2025-01-01 09:49:09 [INFO    ] User login successful for user_id=7033
2025-01-01 09:49:14 [INFO    ] Config reloaded from disk — version=9999
2025-01-01 09:49:16 [INFO    ] Cache hit ratio at 5796% for the last 60 seconds
2025-01-01 09:49:25 [ERROR   ] Failed to connect to database after 1766 retries — giving up
2025-01-01 09:49:26 [INFO    ] Scheduled job 'cleanup_temp_files' completed in 2259s
2025-01-01 09:49:36 [DEBUG   ] Cache miss for key='user_profile_345' — fetching from DB
2025-01-01 09:49:42 [DEBUG   ] SQL query executed: SELECT * FROM orders WHERE id=4027 (3916ms)
2025-01-01 09:49:49 [WARNING ] Rate limit at 3559% for IP 192.168.9072.1249
2025-01-01 09:49:53 [ERROR   ] Failed to connect to database after 8521 retries — giving up
2025-01-01 09:49:58 [INFO    ] Cache hit ratio at 5344% for the last 60 seconds
2025-01-01 09:50:06 [INFO    ] Cache hit ratio at 4340% for the last 60 seconds
2025-01-01 09:50:07 [INFO    ] User login successful for user_id=7302
2025-01-01 09:50:11 [INFO    ] Cache hit ratio at 4889% for the last 60 seconds
2025-01-01 09:50:16 [INFO    ] Cache hit ratio at 3833% for the last 60 seconds
2025-01-01 09:50:20 [CRITICAL] Primary database unreachable — all writes failing, queue depth: 8806
2025-01-01 09:50:29 [INFO    ] Request processed in 7706ms — endpoint /api/v1/data
2025-01-01 09:50:33 [INFO    ] Scheduled job 'cleanup_temp_files' completed in 7632s
2025-01-01 09:50:36 [DEBUG   ] Entering function process_batch() with batch_size=3294
2025-01-01 09:50:44 [ERROR   ] File not found: /var/data/report_3299.csv
2025-01-01 09:50:50 [INFO    ] Cache hit ratio at 5921% for the last 60 seconds
2025-01-01 09:50:51 [WARNING ] Disk usage at 4712% on volume /dev/sda1 — consider cleanup
2025-01-01 09:50:53 [WARNING ] Memory usage at 5476MB — approaching soft limit of 512MB
2025-01-01 09:50:54 [ERROR   ] Authentication token expired for user_id=1132
2025-01-01 09:51:03 [ERROR   ] HTTP 500 returned for request_id=7189 — internal server error
2025-01-01 09:51:05 [WARNING ] Deprecated API endpoint /v1/legacy called by client 1304
2025-01-01 09:51:06 [DEBUG   ] Serializing response object — 3446 fields found
2025-01-01 09:51:14 [INFO    ] Database connection pool size: 8889/20
2025-01-01 09:51:22 [INFO    ] Cache hit ratio at 8469% for the last 60 seconds
2025-01-01 09:51:29 [WARNING ] Deprecated API endpoint /v1/legacy called by client 4925
2025-01-01 09:51:33 [WARNING ] Deprecated API endpoint /v1/legacy called by client 4880
2025-01-01 09:51:37 [INFO    ] Cache hit ratio at 8696% for the last 60 seconds
2025-01-01 09:51:45 [INFO    ] Cache hit ratio at 5808% for the last 60 seconds
2025-01-01 09:51:50 [ERROR   ] NullPointerException in module payments.processor at line 6039
2025-01-01 09:51:59 [INFO    ] Config reloaded from disk — version=8480
2025-01-01 09:52:02 [ERROR   ] Authentication token expired for user_id=926
2025-01-01 09:52:05 [INFO    ] Database connection pool size: 571/20
2025-01-01 09:52:15 [DEBUG   ] Lock acquired on resource 'invoice_254' by thread-3838
2025-01-01 09:52:17 [ERROR   ] NullPointerException in module payments.processor at line 7311
2025-01-01 09:52:26 [CRITICAL] SYSTEM SHUTDOWN INITIATED — out of memory (used: 3603MB / 512MB)
2025-01-01 09:52:34 [ERROR   ] File not found: /var/data/report_2237.csv
2025-01-01 09:52:39 [INFO    ] New session created — session_id=8041
2025-01-01 09:52:46 [INFO    ] Scheduled job 'cleanup_temp_files' completed in 2256s
2025-01-01 09:52:50 [INFO    ] Database connection pool size: 6270/20
2025-01-01 09:52:56 [WARNING ] Rate limit at 2360% for IP 192.168.3903.5390
2025-01-01 09:52:58 [INFO    ] Database connection pool size: 9840/20
2025-01-01 09:53:01 [ERROR   ] Unhandled exception in worker thread-4254: IndexError
2025-01-01 09:53:10 [INFO    ] New session created — session_id=849
2025-01-01 09:53:15 [INFO    ] Scheduled job 'cleanup_temp_files' completed in 745s
2025-01-01 09:53:22 [INFO    ] Database connection pool size: 5911/20
2025-01-01 09:53:25 [INFO    ] Config reloaded from disk — version=1714
2025-01-01 09:53:27 [WARNING ] Deprecated API endpoint /v1/legacy called by client 8762
2025-01-01 09:53:34 [INFO    ] Scheduled job 'cleanup_temp_files' completed in 4954s
2025-01-01 09:53:35 [ERROR   ] Unhandled exception in worker thread-6957: IndexError
2025-01-01 09:53:42 [DEBUG   ] Entering function process_batch() with batch_size=2295
2025-01-01 09:53:48 [DEBUG   ] Serializing response object — 8378 fields found
2025-01-01 09:53:57 [INFO    ] User login successful for user_id=4969
2025-01-01 09:54:00 [INFO    ] Cache hit ratio at 2666% for the last 60 seconds
2025-01-01 09:54:08 [INFO    ] Request processed in 7481ms — endpoint /api/v1/data
2025-01-01 09:54:11 [WARNING ] Deprecated API endpoint /v1/legacy called by client 5782
2025-01-01 09:54:17 [DEBUG   ] Lock acquired on resource 'invoice_4092' by thread-6167
2025-01-01 09:54:19 [ERROR   ] HTTP 500 returned for request_id=3703 — internal server error
2025-01-01 09:54:25 [INFO    ] Database connection pool size: 4168/20
2025-01-01 09:54:27 [INFO    ] Scheduled job 'cleanup_temp_files' completed in 5674s
2025-01-01 09:54:28 [ERROR   ] File not found: /var/data/report_4750.csv
2025-01-01 09:54:36 [CRITICAL] Security breach detected: 7699 failed login attempts from IP 10.0.8855.834
2025-01-01 09:54:37 [INFO    ] Request processed in 3196ms — endpoint /api/v1/data
2025-01-01 09:54:40 [CRITICAL] Data corruption detected in table 'transactions' at row 5845
2025-01-01 09:54:50 [INFO    ] Database connection pool size: 9565/20
2025-01-01 09:54:55 [INFO    ] User login successful for user_id=8437
2025-01-01 09:54:57 [DEBUG   ] Lock acquired on resource 'invoice_2651' by thread-1359
2025-01-01 09:54:59 [INFO    ] New session created — session_id=6638
2025-01-01 09:55:09 [INFO    ] New session created — session_id=6324
2025-01-01 09:55:17 [INFO    ] Scheduled job 'cleanup_temp_files' completed in 3144s
2025-01-01 09:55:27 [INFO    ] Cache hit ratio at 9235% for the last 60 seconds
2025-01-01 09:55:30 [INFO    ] Config reloaded from disk — version=303
2025-01-01 09:55:38 [WARNING ] Deprecated API endpoint /v1/legacy called by client 873
2025-01-01 09:55:42 [INFO    ] New session created — session_id=8802
2025-01-01 09:55:50 [ERROR   ] Authentication token expired for user_id=8704
2025-01-01 09:55:54 [WARNING ] Rate limit at 9321% for IP 192.168.7932.9873
2025-01-01 09:56:03 [INFO    ] New session created — session_id=439
2025-01-01 09:56:05 [DEBUG   ] Lock acquired on resource 'invoice_8511' by thread-6196
2025-01-01 09:56:11 [WARNING ] Response time exceeded threshold: 8935ms (limit: 500ms)
2025-01-01 09:56:21 [INFO    ] Cache hit ratio at 355% for the last 60 seconds
2025-01-01 09:56:26 [INFO    ] Database connection pool size: 8811/20
2025-01-01 09:56:29 [INFO    ] Database connection pool size: 6315/20
2025-01-01 09:56:32 [CRITICAL] Security breach detected: 4516 failed login attempts from IP 10.0.4118.8399
2025-01-01 09:56:42 [ERROR   ] Unhandled exception in worker thread-2985: IndexError
2025-01-01 09:56:47 [INFO    ] Config reloaded from disk — version=5848
2025-01-01 09:56:49 [DEBUG   ] Serializing response object — 803 fields found
2025-01-01 09:56:55 [CRITICAL] Data corruption detected in table 'transactions' at row 8136
2025-01-01 09:57:02 [WARNING ] Retry attempt 6114 of 3 for downstream service call
2025-01-01 09:57:07 [CRITICAL] Security breach detected: 6711 failed login attempts from IP 10.0.5260.6842
2025-01-01 09:57:14 [WARNING ] Response time exceeded threshold: 8002ms (limit: 500ms)
2025-01-01 09:57:24 [INFO    ] Scheduled job 'cleanup_temp_files' completed in 5099s
2025-01-01 09:57:33 [DEBUG   ] SQL query executed: SELECT * FROM orders WHERE id=7767 (811ms)
2025-01-01 09:57:39 [INFO    ] Database connection pool size: 564/20
2025-01-01 09:57:42 [WARNING ] Response time exceeded threshold: 8698ms (limit: 500ms)
2025-01-01 09:57:46 [DEBUG   ] Lock acquired on resource 'invoice_9908' by thread-8926
2025-01-01 09:57:55 [WARNING ] Response time exceeded threshold: 699ms (limit: 500ms)
2025-01-01 09:58:05 [DEBUG   ] Lock acquired on resource 'invoice_9825' by thread-8561
2025-01-01 09:58:14 [WARNING ] Rate limit at 3099% for IP 192.168.6128.9848
2025-01-01 09:58:16 [WARNING ] Response time exceeded threshold: 5921ms (limit: 500ms)
2025-01-01 09:58:17 [INFO    ] Config reloaded from disk — version=7634
2025-01-01 09:58:27 [INFO    ] New session created — session_id=8328
2025-01-01 09:58:31 [WARNING ] Rate limit at 2416% for IP 192.168.6079.2075
2025-01-01 09:58:41 [WARNING ] Retry attempt 8145 of 3 for downstream service call
2025-01-01 09:58:47 [ERROR   ] HTTP 500 returned for request_id=585 — internal server error
2025-01-01 09:58:48 [INFO    ] Config reloaded from disk — version=7661
2025-01-01 09:58:49 [CRITICAL] SSL certificate expires in 7011 hours — immediate action required
2025-01-01 09:58:52 [ERROR   ] Unhandled exception in worker thread-4467: IndexError
2025-01-01 09:59:01 [WARNING ] Memory usage at 6656MB — approaching soft limit of 512MB
2025-01-01 09:59:02 [INFO    ] User login successful for user_id=4752
2025-01-01 09:59:12 [INFO    ] Database connection pool size: 4143/20
2025-01-01 09:59:15 [INFO    ] New session created — session_id=9455
2025-01-01 09:59:17 [ERROR   ] NullPointerException in module payments.processor at line 2181
2025-01-01 09:59:24 [WARNING ] Rate limit at 9557% for IP 192.168.6462.7886
2025-01-01 09:59:29 [CRITICAL] SYSTEM SHUTDOWN INITIATED — out of memory (used: 8116MB / 512MB)
2025-01-01 09:59:37 [INFO    ] New session created — session_id=1152
2025-01-01 09:59:44 [INFO    ] Cache hit ratio at 5602% for the last 60 seconds
2025-01-01 09:59:48 [WARNING ] Memory usage at 9761MB — approaching soft limit of 512MB
2025-01-01 09:59:53 [DEBUG   ] Serializing response object — 764 fields found
2025-01-01 10:00:02 [INFO    ] Database connection pool size: 626/20
2025-01-01 10:00:07 [WARNING ] Retry attempt 5979 of 3 for downstream service call
2025-01-01 10:00:08 [INFO    ] Cache hit ratio at 5186% for the last 60 seconds
2025-01-01 10:00:09 [WARNING ] Rate limit at 7611% for IP 192.168.8026.7582
2025-01-01 10:00:15 [ERROR   ] Failed to connect to database after 3986 retries — giving up
2025-01-01 10:00:16 [ERROR   ] Failed to connect to database after 7251 retries — giving up
2025-01-01 10:00:19 [WARNING ] Retry attempt 9150 of 3 for downstream service call
2025-01-01 10:00:24 [INFO    ] Config reloaded from disk — version=5827
2025-01-01 10:00:31 [WARNING ] Memory usage at 3511MB — approaching soft limit of 512MB
2025-01-01 10:00:35 [CRITICAL] Data corruption detected in table 'transactions' at row 2973
2025-01-01 10:00:42 [INFO    ] Config reloaded from disk — version=7983
2025-01-01 10:00:50 [ERROR   ] Authentication token expired for user_id=3582
2025-01-01 10:00:59 [ERROR   ] NullPointerException in module payments.processor at line 1365
2025-01-01 10:01:00 [INFO    ] Scheduled job 'cleanup_temp_files' completed in 9672s
2025-01-01 10:01:09 [INFO    ] Database connection pool size: 4364/20
2025-01-01 10:01:19 [DEBUG   ] Checkpoint reached at loop iteration 5996
2025-01-01 10:01:21 [WARNING ] Disk usage at 2337% on volume /dev/sda1 — consider cleanup
2025-01-01 10:01:26 [CRITICAL] Data corruption detected in table 'transactions' at row 1415
2025-01-01 10:01:36 [INFO    ] Request processed in 5003ms — endpoint /api/v1/data
2025-01-01 10:01:37 [INFO    ] Request processed in 8576ms — endpoint /api/v1/data
2025-01-01 10:01:47 [ERROR   ] File not found: /var/data/report_2419.csv
2025-01-01 10:01:54 [WARNING ] Deprecated API endpoint /v1/legacy called by client 6892
2025-01-01 10:02:04 [INFO    ] Config reloaded from disk — version=7293
2025-01-01 10:02:05 [INFO    ] Config reloaded from disk — version=9882
2025-01-01 10:02:13 [ERROR   ] Authentication token expired for user_id=9536
2025-01-01 10:02:17 [INFO    ] Request processed in 4615ms — endpoint /api/v1/data
2025-01-01 10:02:23 [INFO    ] Request processed in 4084ms — endpoint /api/v1/data
2025-01-01 10:02:25 [WARNING ] Deprecated API endpoint /v1/legacy called by client 5019
2025-01-01 10:02:32 [ERROR   ] HTTP 500 returned for request_id=3051 — internal server error
2025-01-01 10:02:35 [INFO    ] Database connection pool size: 7158/20
2025-01-01 10:02:45 [INFO    ] User login successful for user_id=1009
2025-01-01 10:02:46 [INFO    ] Cache hit ratio at 7742% for the last 60 seconds
2025-01-01 10:02:48 [WARNING ] Disk usage at 2544% on volume /dev/sda1 — consider cleanup
2025-01-01 10:02:57 [DEBUG   ] Entering function process_batch() with batch_size=6289
2025-01-01 10:03:07 [INFO    ] User login successful for user_id=6080
2025-01-01 10:03:17 [INFO    ] Scheduled job 'cleanup_temp_files' completed in 9056s
2025-01-01 10:03:24 [ERROR   ] Unhandled exception in worker thread-1209: IndexError
2025-01-01 10:03:30 [INFO    ] User login successful for user_id=4631
2025-01-01 10:03:40 [INFO    ] Database connection pool size: 2237/20
2025-01-01 10:03:45 [INFO    ] Cache hit ratio at 3502% for the last 60 seconds
2025-01-01 10:03:46 [INFO    ] Request processed in 8018ms — endpoint /api/v1/data
2025-01-01 10:03:56 [INFO    ] Request processed in 2327ms — endpoint /api/v1/data
2025-01-01 10:03:57 [WARNING ] Rate limit at 836% for IP 192.168.4068.6098
2025-01-01 10:03:58 [WARNING ] Rate limit at 7113% for IP 192.168.7072.8748
2025-01-01 10:04:06 [INFO    ] Request processed in 8873ms — endpoint /api/v1/data
2025-01-01 10:04:13 [DEBUG   ] Cache miss for key='user_profile_2580' — fetching from DB
2025-01-01 10:04:14 [ERROR   ] Failed to connect to database after 5415 retries — giving up
2025-01-01 10:04:23 [DEBUG   ] Entering function process_batch() with batch_size=8512
2025-01-01 10:04:30 [ERROR   ] File not found: /var/data/report_7812.csv
2025-01-01 10:04:32 [CRITICAL] Primary database unreachable — all writes failing, queue depth: 8143
2025-01-01 10:04:41 [INFO    ] Config reloaded from disk — version=7145
2025-01-01 10:04:48 [INFO    ] Scheduled job 'cleanup_temp_files' completed in 3797s
2025-01-01 10:04:57 [INFO    ] Database connection pool size: 2235/20
2025-01-01 10:05:02 [INFO    ] Request processed in 1411ms — endpoint /api/v1/data
2025-01-01 10:05:05 [WARNING ] Rate limit at 1087% for IP 192.168.4322.2004
2025-01-01 10:05:11 [INFO    ] Request processed in 7487ms — endpoint /api/v1/data
2025-01-01 10:05:18 [ERROR   ] HTTP 500 returned for request_id=9938 — internal server error
2025-01-01 10:05:25 [INFO    ] Database connection pool size: 7556/20
2025-01-01 10:05:35 [WARNING ] Disk usage at 8612% on volume /dev/sda1 — consider cleanup
2025-01-01 10:05:43 [ERROR   ] HTTP 500 returned for request_id=6773 — internal server error
2025-01-01 10:05:48 [INFO    ] Cache hit ratio at 8263% for the last 60 seconds
2025-01-01 10:05:56 [CRITICAL] SYSTEM SHUTDOWN INITIATED — out of memory (used: 3125MB / 512MB)
2025-01-01 10:05:59 [WARNING ] Deprecated API endpoint /v1/legacy called by client 4971
2025-01-01 10:06:09 [WARNING ] Rate limit at 786% for IP 192.168.6817.3689
2025-01-01 10:06:18 [INFO    ] New session created — session_id=5087
2025-01-01 10:06:21 [WARNING ] Rate limit at 5132% for IP 192.168.9151.7783
2025-01-01 10:06:24 [INFO    ] User login successful for user_id=7091
2025-01-01 10:06:26 [DEBUG   ] Lock acquired on resource 'invoice_9715' by thread-2374
2025-01-01 10:06:34 [CRITICAL] SSL certificate expires in 7290 hours — immediate action required
2025-01-01 10:06:37 [WARNING ] Memory usage at 5086MB — approaching soft limit of 512MB
2025-01-01 10:06:38 [INFO    ] Config reloaded from disk — version=17
2025-01-01 10:06:42 [ERROR   ] HTTP 500 returned for request_id=4056 — internal server error
2025-01-01 10:06:44 [INFO    ] Config reloaded from disk — version=6021
2025-01-01 10:06:46 [INFO    ] Cache hit ratio at 5409% for the last 60 seconds
2025-01-01 10:06:48 [INFO    ] Config reloaded from disk — version=8523
2025-01-01 10:06:49 [INFO    ] New session created — session_id=2516
2025-01-01 10:06:50 [INFO    ] New session created — session_id=843
2025-01-01 10:06:57 [INFO    ] New session created — session_id=3919
2025-01-01 10:06:59 [INFO    ] New session created — session_id=5089
2025-01-01 10:07:01 [INFO    ] Config reloaded from disk — version=4990
2025-01-01 10:07:08 [INFO    ] Cache hit ratio at 7294% for the last 60 seconds
2025-01-01 10:07:18 [ERROR   ] Unhandled exception in worker thread-3379: IndexError
2025-01-01 10:07:22 [INFO    ] Scheduled job 'cleanup_temp_files' completed in 8679s
2025-01-01 10:07:29 [ERROR   ] HTTP 500 returned for request_id=3308 — internal server error
2025-01-01 10:07:38 [INFO    ] Scheduled job 'cleanup_temp_files' completed in 5424s
2025-01-01 10:07:48 [INFO    ] Request processed in 8533ms — endpoint /api/v1/data
2025-01-01 10:07:54 [INFO    ] Request processed in 1905ms — endpoint /api/v1/data
2025-01-01 10:08:02 [ERROR   ] Unhandled exception in worker thread-5962: IndexError
2025-01-01 10:08:03 [INFO    ] User login successful for user_id=7752
2025-01-01 10:08:04 [INFO    ] Config reloaded from disk — version=8
2025-01-01 10:08:05 [ERROR   ] File not found: /var/data/report_9454.csv
2025-01-01 10:08:08 [DEBUG   ] Cache miss for key='user_profile_3164' — fetching from DB
2025-01-01 10:08:09 [ERROR   ] Failed to connect to database after 8103 retries — giving up
2025-01-01 10:08:19 [DEBUG   ] Lock acquired on resource 'invoice_3188' by thread-368
2025-01-01 10:08:25 [INFO    ] Database connection pool size: 7484/20
2025-01-01 10:08:26 [DEBUG   ] Lock acquired on resource 'invoice_1693' by thread-6678
2025-01-01 10:08:27 [WARNING ] Rate limit at 1294% for IP 192.168.2170.5996
2025-01-01 10:08:31 [DEBUG   ] Serializing response object — 5147 fields found
2025-01-01 10:08:40 [INFO    ] Scheduled job 'cleanup_temp_files' completed in 1705s
2025-01-01 10:08:46 [WARNING ] Disk usage at 5788% on volume /dev/sda1 — consider cleanup
2025-01-01 10:08:51 [CRITICAL] Primary database unreachable — all writes failing, queue depth: 4893
2025-01-01 10:08:58 [DEBUG   ] Cache miss for key='user_profile_621' — fetching from DB
2025-01-01 10:09:03 [INFO    ] Request processed in 2437ms — endpoint /api/v1/data
2025-01-01 10:09:09 [WARNING ] Retry attempt 5585 of 3 for downstream service call
2025-01-01 10:09:17 [WARNING ] Deprecated API endpoint /v1/legacy called by client 2645
2025-01-01 10:09:18 [ERROR   ] NullPointerException in module payments.processor at line 1827
2025-01-01 10:09:20 [INFO    ] Cache hit ratio at 924% for the last 60 seconds
2025-01-01 10:09:21 [INFO    ] Scheduled job 'cleanup_temp_files' completed in 6818s
2025-01-01 10:09:31 [INFO    ] User login successful for user_id=4738
2025-01-01 10:09:39 [INFO    ] Config reloaded from disk — version=5138
2025-01-01 10:09:49 [INFO    ] Cache hit ratio at 2709% for the last 60 seconds
2025-01-01 10:09:54 [WARNING ] Rate limit at 834% for IP 192.168.9386.6601
2025-01-01 10:09:57 [CRITICAL] Data corruption detected in table 'transactions' at row 5405
2025-01-01 10:10:03 [INFO    ] User login successful for user_id=4147
2025-01-01 10:10:12 [INFO    ] Scheduled job 'cleanup_temp_files' completed in 1614s
2025-01-01 10:10:17 [INFO    ] User login successful for user_id=5521
2025-01-01 10:10:20 [INFO    ] Request processed in 2759ms — endpoint /api/v1/data
2025-01-01 10:10:29 [INFO    ] Config reloaded from disk — version=9512
2025-01-01 10:10:31 [WARNING ] Deprecated API endpoint /v1/legacy called by client 9159
2025-01-01 10:10:37 [CRITICAL] Primary database unreachable — all writes failing, queue depth: 6393
2025-01-01 10:10:38 [ERROR   ] Authentication token expired for user_id=7883
2025-01-01 10:10:47 [WARNING ] Rate limit at 9976% for IP 192.168.2875.7694
2025-01-01 10:10:50 [WARNING ] Response time exceeded threshold: 1970ms (limit: 500ms)
2025-01-01 10:10:51 [INFO    ] New session created — session_id=4838
2025-01-01 10:10:56 [WARNING ] Response time exceeded threshold: 4039ms (limit: 500ms)
2025-01-01 10:11:05 [WARNING ] Response time exceeded threshold: 2120ms (limit: 500ms)
2025-01-01 10:11:08 [ERROR   ] HTTP 500 returned for request_id=7136 — internal server error
2025-01-01 10:11:13 [WARNING ] Rate limit at 5100% for IP 192.168.2918.6491
2025-01-01 10:11:20 [DEBUG   ] Checkpoint reached at loop iteration 7930
2025-01-01 10:11:21 [WARNING ] Response time exceeded threshold: 5623ms (limit: 500ms)
2025-01-01 10:11:23 [INFO    ] Scheduled job 'cleanup_temp_files' completed in 6714s
2025-01-01 10:11:27 [INFO    ] Config reloaded from disk — version=9416
2025-01-01 10:11:37 [INFO    ] Scheduled job 'cleanup_temp_files' completed in 5043s
2025-01-01 10:11:47 [WARNING ] Deprecated API endpoint /v1/legacy called by client 3586
2025-01-01 10:11:52 [INFO    ] Cache hit ratio at 911% for the last 60 seconds
2025-01-01 10:12:01 [WARNING ] Memory usage at 2314MB — approaching soft limit of 512MB
2025-01-01 10:12:10 [INFO    ] Scheduled job 'cleanup_temp_files' completed in 1223s
2025-01-01 10:12:12 [INFO    ] User login successful for user_id=334
2025-01-01 10:12:20 [INFO    ] Scheduled job 'cleanup_temp_files' completed in 4701s
2025-01-01 10:12:21 [ERROR   ] Unhandled exception in worker thread-4309: IndexError
2025-01-01 10:12:28 [WARNING ] Disk usage at 4164% on volume /dev/sda1 — consider cleanup
2025-01-01 10:12:34 [WARNING ] Response time exceeded threshold: 8972ms (limit: 500ms)
2025-01-01 10:12:40 [ERROR   ] Unhandled exception in worker thread-4199: IndexError
2025-01-01 10:12:49 [INFO    ] Database connection pool size: 8382/20
2025-01-01 10:12:59 [WARNING ] Deprecated API endpoint /v1/legacy called by client 8925
2025-01-01 10:13:01 [INFO    ] Scheduled job 'cleanup_temp_files' completed in 8583s
2025-01-01 10:13:04 [INFO    ] New session created — session_id=4177
2025-01-01 10:13:11 [WARNING ] Disk usage at 5894% on volume /dev/sda1 — consider cleanup
2025-01-01 10:13:18 [INFO    ] Cache hit ratio at 2257% for the last 60 seconds
2025-01-01 10:13:19 [INFO    ] Request processed in 75ms — endpoint /api/v1/data
2025-01-01 10:13:27 [INFO    ] Request processed in 7908ms — endpoint /api/v1/data
2025-01-01 10:13:32 [WARNING ] Deprecated API endpoint /v1/legacy called by client 6765
2025-01-01 10:13:37 [INFO    ] New session created — session_id=9055
2025-01-01 10:13:41 [WARNING ] Retry attempt 1301 of 3 for downstream service call
2025-01-01 10:13:50 [INFO    ] Cache hit ratio at 1795% for the last 60 seconds
2025-01-01 10:13:53 [DEBUG   ] Lock acquired on resource 'invoice_3148' by thread-9429
2025-01-01 10:14:03 [INFO    ] User login successful for user_id=1522
2025-01-01 10:14:09 [ERROR   ] File not found: /var/data/report_3845.csv
2025-01-01 10:14:14 [INFO    ] Cache hit ratio at 2160% for the last 60 seconds
2025-01-01 10:14:15 [WARNING ] Response time exceeded threshold: 6469ms (limit: 500ms)
2025-01-01 10:14:18 [INFO    ] Database connection pool size: 4987/20
2025-01-01 10:14:20 [INFO    ] New session created — session_id=2277
2025-01-01 10:14:24 [WARNING ] Disk usage at 3689% on volume /dev/sda1 — consider cleanup
2025-01-01 10:14:31 [WARNING ] Deprecated API endpoint /v1/legacy called by client 4864
2025-01-01 10:14:38 [INFO    ] Scheduled job 'cleanup_temp_files' completed in 7893s
2025-01-01 10:14:42 [INFO    ] Request processed in 8015ms — endpoint /api/v1/data
2025-01-01 10:14:49 [INFO    ] Config reloaded from disk — version=2936
2025-01-01 10:14:52 [DEBUG   ] Entering function process_batch() with batch_size=1215
2025-01-01 10:15:02 [INFO    ] User login successful for user_id=4320
2025-01-01 10:15:07 [INFO    ] Request processed in 423ms — endpoint /api/v1/data
2025-01-01 10:15:14 [INFO    ] User login successful for user_id=3978
2025-01-01 10:15:24 [WARNING ] Response time exceeded threshold: 657ms (limit: 500ms)
2025-01-01 10:15:27 [ERROR   ] HTTP 500 returned for request_id=8551 — internal server error
2025-01-01 10:15:29 [WARNING ] Deprecated API endpoint /v1/legacy called by client 347
2025-01-01 10:15:30 [WARNING ] Retry attempt 3126 of 3 for downstream service call
2025-01-01 10:15:31 [INFO    ] Config reloaded from disk — version=8012
2025-01-01 10:15:38 [ERROR   ] HTTP 500 returned for request_id=6759 — internal server error
2025-01-01 10:15:48 [INFO    ] User login successful for user_id=1106
2025-01-01 10:15:52 [ERROR   ] Authentication token expired for user_id=9858
2025-01-01 10:15:53 [INFO    ] Scheduled job 'cleanup_temp_files' completed in 5020s
2025-01-01 10:16:02 [INFO    ] Scheduled job 'cleanup_temp_files' completed in 342s
2025-01-01 10:16:05 [WARNING ] Memory usage at 9805MB — approaching soft limit of 512MB
2025-01-01 10:16:11 [ERROR   ] File not found: /var/data/report_7124.csv
2025-01-01 10:16:17 [DEBUG   ] Serializing response object — 4991 fields found
2025-01-01 10:16:19 [WARNING ] Retry attempt 6128 of 3 for downstream service call
2025-01-01 10:16:21 [ERROR   ] NullPointerException in module payments.processor at line 2157
2025-01-01 10:16:24 [ERROR   ] File not found: /var/data/report_1511.csv
2025-01-01 10:16:33 [DEBUG   ] Entering function process_batch() with batch_size=2557
2025-01-01 10:16:40 [INFO    ] Request processed in 3157ms — endpoint /api/v1/data
2025-01-01 10:16:44 [ERROR   ] Failed to connect to database after 127 retries — giving up
2025-01-01 10:16:47 [INFO    ] Config reloaded from disk — version=3219
2025-01-01 10:16:53 [INFO    ] Request processed in 6093ms — endpoint /api/v1/data
2025-01-01 10:16:58 [INFO    ] User login successful for user_id=4933
2025-01-01 10:17:04 [INFO    ] Database connection pool size: 7562/20
2025-01-01 10:17:09 [INFO    ] Database connection pool size: 3713/20
2025-01-01 10:17:17 [INFO    ] Cache hit ratio at 786% for the last 60 seconds
2025-01-01 10:17:18 [WARNING ] Rate limit at 3387% for IP 192.168.7035.3329
2025-01-01 10:17:26 [ERROR   ] File not found: /var/data/report_3243.csv
2025-01-01 10:17:28 [DEBUG   ] Entering function process_batch() with batch_size=477
2025-01-01 10:17:35 [INFO    ] Config reloaded from disk — version=3276
2025-01-01 10:17:38 [DEBUG   ] Cache miss for key='user_profile_4779' — fetching from DB
2025-01-01 10:17:42 [DEBUG   ] Serializing response object — 5274 fields found
2025-01-01 10:17:49 [ERROR   ] File not found: /var/data/report_6830.csv
2025-01-01 10:17:57 [ERROR   ] Failed to connect to database after 1352 retries — giving up
2025-01-01 10:18:07 [INFO    ] Cache hit ratio at 787% for the last 60 seconds
2025-01-01 10:18:12 [INFO    ] New session created — session_id=4396
2025-01-01 10:18:14 [WARNING ] Response time exceeded threshold: 3298ms (limit: 500ms)
2025-01-01 10:18:20 [WARNING ] Response time exceeded threshold: 1809ms (limit: 500ms)
2025-01-01 10:18:28 [WARNING ] Retry attempt 9999 of 3 for downstream service call
2025-01-01 10:18:29 [INFO    ] New session created — session_id=6827
2025-01-01 10:18:33 [INFO    ] Config reloaded from disk — version=6148
2025-01-01 10:18:42 [INFO    ] Cache hit ratio at 9474% for the last 60 seconds
2025-01-01 10:18:44 [INFO    ] User login successful for user_id=7687
2025-01-01 10:18:49 [INFO    ] Cache hit ratio at 7641% for the last 60 seconds
2025-01-01 10:18:57 [INFO    ] New session created — session_id=4362
2025-01-01 10:18:58 [DEBUG   ] Lock acquired on resource 'invoice_3469' by thread-6379
2025-01-01 10:18:59 [WARNING ] Deprecated API endpoint /v1/legacy called by client 6960
2025-01-01 10:19:07 [WARNING ] Retry attempt 1684 of 3 for downstream service call
2025-01-01 10:19:08 [CRITICAL] SSL certificate expires in 8619 hours — immediate action required
2025-01-01 10:19:12 [WARNING ] Response time exceeded threshold: 9493ms (limit: 500ms)
2025-01-01 10:19:20 [WARNING ] Rate limit at 4889% for IP 192.168.5143.4029
2025-01-01 10:19:27 [ERROR   ] Failed to connect to database after 4077 retries — giving up
2025-01-01 10:19:35 [DEBUG   ] Lock acquired on resource 'invoice_7440' by thread-9936
2025-01-01 10:19:41 [INFO    ] User login successful for user_id=4111
2025-01-01 10:19:47 [INFO    ] User login successful for user_id=5495
2025-01-01 10:19:53 [INFO    ] Database connection pool size: 2346/20
2025-01-01 10:19:59 [DEBUG   ] Cache miss for key='user_profile_5510' — fetching from DB
2025-01-01 10:20:03 [INFO    ] User login successful for user_id=1536
2025-01-01 10:20:06 [INFO    ] Request processed in 7863ms — endpoint /api/v1/data
2025-01-01 10:20:11 [INFO    ] Scheduled job 'cleanup_temp_files' completed in 7279s
2025-01-01 10:20:12 [INFO    ] User login successful for user_id=5634
2025-01-01 10:20:17 [INFO    ] Database connection pool size: 1720/20
2025-01-01 10:20:25 [INFO    ] Scheduled job 'cleanup_temp_files' completed in 3451s
2025-01-01 10:20:27 [INFO    ] Request processed in 4849ms — endpoint /api/v1/data
2025-01-01 10:20:30 [INFO    ] New session created — session_id=9497
2025-01-01 10:20:31 [DEBUG   ] Lock acquired on resource 'invoice_2373' by thread-4589
2025-01-01 10:20:34 [DEBUG   ] Lock acquired on resource 'invoice_8702' by thread-8151
2025-01-01 10:20:35 [WARNING ] Memory usage at 8499MB — approaching soft limit of 512MB
2025-01-01 10:20:44 [ERROR   ] NullPointerException in module payments.processor at line 5931
2025-01-01 10:20:46 [INFO    ] Scheduled job 'cleanup_temp_files' completed in 6661s
2025-01-01 10:20:51 [ERROR   ] HTTP 500 returned for request_id=6106 — internal server error
2025-01-01 10:21:01 [DEBUG   ] Checkpoint reached at loop iteration 4228
2025-01-01 10:21:04 [ERROR   ] NullPointerException in module payments.processor at line 3866
2025-01-01 10:21:06 [INFO    ] New session created — session_id=5805
2025-01-01 10:21:07 [INFO    ] User login successful for user_id=6088
2025-01-01 10:21:11 [INFO    ] Cache hit ratio at 4917% for the last 60 seconds
2025-01-01 10:21:20 [DEBUG   ] Lock acquired on resource 'invoice_9518' by thread-9518
2025-01-01 10:21:24 [ERROR   ] Unhandled exception in worker thread-4839: IndexError
2025-01-01 10:21:31 [INFO    ] Scheduled job 'cleanup_temp_files' completed in 8408s
2025-01-01 10:21:40 [ERROR   ] Failed to connect to database after 3724 retries — giving up
2025-01-01 10:21:47 [INFO    ] Database connection pool size: 203/20
2025-01-01 10:21:49 [INFO    ] Request processed in 8782ms — endpoint /api/v1/data
2025-01-01 10:21:57 [INFO    ] Cache hit ratio at 6354% for the last 60 seconds
2025-01-01 10:21:59 [INFO    ] Cache hit ratio at 3059% for the last 60 seconds
2025-01-01 10:22:05 [DEBUG   ] Checkpoint reached at loop iteration 8099
2025-01-01 10:22:15 [INFO    ] Scheduled job 'cleanup_temp_files' completed in 6098s
2025-01-01 10:22:18 [DEBUG   ] Checkpoint reached at loop iteration 8860
2025-01-01 10:22:26 [INFO    ] Request processed in 5645ms — endpoint /api/v1/data
2025-01-01 10:22:28 [INFO    ] Request processed in 138ms — endpoint /api/v1/data
2025-01-01 10:22:32 [INFO    ] Config reloaded from disk — version=4126
2025-01-01 10:22:33 [INFO    ] New session created — session_id=2079
2025-01-01 10:22:40 [ERROR   ] Unhandled exception in worker thread-4338: IndexError
2025-01-01 10:22:44 [ERROR   ] HTTP 500 returned for request_id=3417 — internal server error
2025-01-01 10:22:46 [INFO    ] Cache hit ratio at 4928% for the last 60 seconds
2025-01-01 10:22:52 [INFO    ] Database connection pool size: 371/20
2025-01-01 10:22:57 [WARNING ] Disk usage at 4359% on volume /dev/sda1 — consider cleanup
2025-01-01 10:23:06 [INFO    ] Request processed in 6417ms — endpoint /api/v1/data
2025-01-01 10:23:14 [INFO    ] Config reloaded from disk — version=5551
2025-01-01 10:23:19 [ERROR   ] Failed to connect to database after 1533 retries — giving up
2025-01-01 10:23:27 [WARNING ] Retry attempt 5146 of 3 for downstream service call
2025-01-01 10:23:34 [WARNING ] Deprecated API endpoint /v1/legacy called by client 5298
2025-01-01 10:23:37 [INFO    ] User login successful for user_id=7531
2025-01-01 10:23:39 [WARNING ] Deprecated API endpoint /v1/legacy called by client 278
2025-01-01 10:23:42 [DEBUG   ] Lock acquired on resource 'invoice_7779' by thread-4471
2025-01-01 10:23:52 [INFO    ] New session created — session_id=8888
2025-01-01 10:23:55 [INFO    ] Config reloaded from disk — version=9520
2025-01-01 10:23:59 [INFO    ] New session created — session_id=9581
2025-01-01 10:24:06 [INFO    ] User login successful for user_id=2783
2025-01-01 10:24:13 [WARNING ] Disk usage at 3818% on volume /dev/sda1 — consider cleanup
2025-01-01 10:24:15 [WARNING ] Deprecated API endpoint /v1/legacy called by client 5000
2025-01-01 10:24:18 [INFO    ] Request processed in 4266ms — endpoint /api/v1/data
2025-01-01 10:24:27 [INFO    ] User login successful for user_id=6222
2025-01-01 10:24:31 [WARNING ] Memory usage at 7803MB — approaching soft limit of 512MB
2025-01-01 10:24:39 [INFO    ] Cache hit ratio at 8139% for the last 60 seconds
2025-01-01 10:24:41 [INFO    ] Scheduled job 'cleanup_temp_files' completed in 1417s
2025-01-01 10:24:49 [INFO    ] Request processed in 2341ms — endpoint /api/v1/data
2025-01-01 10:24:51 [INFO    ] Cache hit ratio at 8155% for the last 60 seconds
2025-01-01 10:24:54 [DEBUG   ] Checkpoint reached at loop iteration 6930
2025-01-01 10:25:03 [INFO    ] New session created — session_id=491
2025-01-01 10:25:07 [INFO    ] Cache hit ratio at 1223% for the last 60 seconds
2025-01-01 10:25:10 [INFO    ] Request processed in 281ms — endpoint /api/v1/data
2025-01-01 10:25:17 [INFO    ] Cache hit ratio at 1842% for the last 60 seconds
2025-01-01 10:25:27 [CRITICAL] Primary database unreachable — all writes failing, queue depth: 24
2025-01-01 10:25:33 [INFO    ] Scheduled job 'cleanup_temp_files' completed in 3293s
2025-01-01 10:25:37 [INFO    ] Scheduled job 'cleanup_temp_files' completed in 3558s
2025-01-01 10:25:46 [INFO    ] New session created — session_id=5553
2025-01-01 10:25:52 [CRITICAL] SSL certificate expires in 6047 hours — immediate action required
2025-01-01 10:26:02 [DEBUG   ] Entering function process_batch() with batch_size=5759
2025-01-01 10:26:10 [INFO    ] Database connection pool size: 7975/20
2025-01-01 10:26:11 [DEBUG   ] Checkpoint reached at loop iteration 726
2025-01-01 10:26:18 [WARNING ] Rate limit at 310% for IP 192.168.4121.7919
2025-01-01 10:26:21 [INFO    ] Database connection pool size: 5173/20
2025-01-01 10:26:26 [INFO    ] User login successful for user_id=5976
2025-01-01 10:26:30 [INFO    ] Scheduled job 'cleanup_temp_files' completed in 5602s
2025-01-01 10:26:40 [INFO    ] New session created — session_id=225
2025-01-01 10:26:41 [WARNING ] Deprecated API endpoint /v1/legacy called by client 5989
2025-01-01 10:26:46 [WARNING ] Deprecated API endpoint /v1/legacy called by client 5276
2025-01-01 10:26:56 [INFO    ] Database connection pool size: 4171/20
2025-01-01 10:27:00 [INFO    ] Database connection pool size: 6370/20
2025-01-01 10:27:02 [INFO    ] Config reloaded from disk — version=9794
2025-01-01 10:27:10 [WARNING ] Response time exceeded threshold: 9703ms (limit: 500ms)
2025-01-01 10:27:11 [ERROR   ] Failed to connect to database after 601 retries — giving up
2025-01-01 10:27:14 [INFO    ] Scheduled job 'cleanup_temp_files' completed in 3056s
2025-01-01 10:27:17 [INFO    ] Cache hit ratio at 741% for the last 60 seconds
2025-01-01 10:27:23 [INFO    ] Config reloaded from disk — version=1096
2025-01-01 10:27:27 [WARNING ] Rate limit at 953% for IP 192.168.7078.6105
2025-01-01 10:27:31 [WARNING ] Deprecated API endpoint /v1/legacy called by client 143
2025-01-01 10:27:35 [INFO    ] Scheduled job 'cleanup_temp_files' completed in 8584s
2025-01-01 10:27:39 [INFO    ] Database connection pool size: 3509/20
2025-01-01 10:27:48 [INFO    ] Request processed in 8408ms — endpoint /api/v1/data
2025-01-01 10:27:54 [INFO    ] User login successful for user_id=1380
2025-01-01 10:27:58 [ERROR   ] HTTP 500 returned for request_id=3675 — internal server error
2025-01-01 10:28:00 [DEBUG   ] Cache miss for key='user_profile_4327' — fetching from DB
2025-01-01 10:28:03 [INFO    ] New session created — session_id=2148
2025-01-01 10:28:13 [DEBUG   ] Entering function process_batch() with batch_size=1329
2025-01-01 10:28:19 [INFO    ] Request processed in 4368ms — endpoint /api/v1/data
2025-01-01 10:28:22 [DEBUG   ] Serializing response object — 1604 fields found
2025-01-01 10:28:25 [CRITICAL] Security breach detected: 4697 failed login attempts from IP 10.0.8379.9286
2025-01-01 10:28:29 [DEBUG   ] Entering function process_batch() with batch_size=1404
2025-01-01 10:28:38 [INFO    ] Request processed in 1965ms — endpoint /api/v1/data
2025-01-01 10:28:40 [INFO    ] Request processed in 6811ms — endpoint /api/v1/data
2025-01-01 10:28:45 [DEBUG   ] Cache miss for key='user_profile_4716' — fetching from DB
2025-01-01 10:28:50 [WARNING ] Disk usage at 5870% on volume /dev/sda1 — consider cleanup
2025-01-01 10:28:59 [DEBUG   ] Cache miss for key='user_profile_7525' — fetching from DB
2025-01-01 10:29:09 [DEBUG   ] Serializing response object — 7693 fields found
2025-01-01 10:29:16 [INFO    ] Scheduled job 'cleanup_temp_files' completed in 194s
2025-01-01 10:29:23 [INFO    ] Request processed in 573ms — endpoint /api/v1/data
2025-01-01 10:29:30 [WARNING ] Memory usage at 3982MB — approaching soft limit of 512MB
2025-01-01 10:29:36 [INFO    ] Config reloaded from disk — version=3696
2025-01-01 10:29:39 [ERROR   ] Unhandled exception in worker thread-2682: IndexError
2025-01-01 10:29:42 [INFO    ] User login successful for user_id=9239
2025-01-01 10:29:49 [INFO    ] Config reloaded from disk — version=4408
2025-01-01 10:29:56 [INFO    ] New session created — session_id=9812
2025-01-01 10:29:58 [WARNING ] Deprecated API endpoint /v1/legacy called by client 1504
2025-01-01 10:30:03 [ERROR   ] HTTP 500 returned for request_id=3603 — internal server error
2025-01-01 10:30:07 [WARNING ] Deprecated API endpoint /v1/legacy called by client 3192
2025-01-01 10:30:08 [INFO    ] New session created — session_id=1080
2025-01-01 10:30:13 [INFO    ] Cache hit ratio at 6024% for the last 60 seconds
2025-01-01 10:30:21 [INFO    ] Request processed in 8597ms — endpoint /api/v1/data
2025-01-01 10:30:24 [INFO    ] Cache hit ratio at 6226% for the last 60 seconds
2025-01-01 10:30:28 [WARNING ] Disk usage at 8571% on volume /dev/sda1 — consider cleanup
2025-01-01 10:30:37 [INFO    ] User login successful for user_id=1498
2025-01-01 10:30:42 [INFO    ] Request processed in 9750ms — endpoint /api/v1/data
2025-01-01 10:30:52 [WARNING ] Response time exceeded threshold: 4259ms (limit: 500ms)
2025-01-01 10:31:02 [INFO    ] Request processed in 6435ms — endpoint /api/v1/data
2025-01-01 10:31:04 [DEBUG   ] Serializing response object — 8657 fields found
2025-01-01 10:31:10 [INFO    ] New session created — session_id=1729
2025-01-01 10:31:11 [INFO    ] Cache hit ratio at 9744% for the last 60 seconds
2025-01-01 10:31:14 [CRITICAL] Primary database unreachable — all writes failing, queue depth: 9444
2025-01-01 10:31:22 [INFO    ] New session created — session_id=193
2025-01-01 10:31:24 [INFO    ] Cache hit ratio at 8837% for the last 60 seconds
2025-01-01 10:31:27 [INFO    ] Scheduled job 'cleanup_temp_files' completed in 6646s
2025-01-01 10:31:37 [INFO    ] New session created — session_id=4991
2025-01-01 10:31:41 [INFO    ] Database connection pool size: 9326/20
2025-01-01 10:31:46 [ERROR   ] Unhandled exception in worker thread-5011: IndexError
2025-01-01 10:31:55 [ERROR   ] HTTP 500 returned for request_id=7161 — internal server error
2025-01-01 10:32:04 [INFO    ] New session created — session_id=9000
2025-01-01 10:32:09 [WARNING ] Deprecated API endpoint /v1/legacy called by client 5171
2025-01-01 10:32:16 [INFO    ] Database connection pool size: 6903/20
2025-01-01 10:32:23 [INFO    ] Database connection pool size: 9414/20
2025-01-01 10:32:24 [DEBUG   ] Lock acquired on resource 'invoice_9499' by thread-587
2025-01-01 10:32:29 [INFO    ] New session created — session_id=9318
2025-01-01 10:32:38 [WARNING ] Response time exceeded threshold: 7628ms (limit: 500ms)
2025-01-01 10:32:46 [INFO    ] Cache hit ratio at 8630% for the last 60 seconds
2025-01-01 10:32:53 [CRITICAL] Data corruption detected in table 'transactions' at row 1895
2025-01-01 10:32:58 [INFO    ] New session created — session_id=8089
2025-01-01 10:33:01 [CRITICAL] SSL certificate expires in 2909 hours — immediate action required
2025-01-01 10:33:04 [WARNING ] Disk usage at 5339% on volume /dev/sda1 — consider cleanup
2025-01-01 10:33:09 [INFO    ] Scheduled job 'cleanup_temp_files' completed in 3176s
2025-01-01 10:33:13 [ERROR   ] Failed to connect to database after 3335 retries — giving up
2025-01-01 10:33:18 [INFO    ] New session created — session_id=6163
2025-01-01 10:33:19 [INFO    ] Database connection pool size: 4998/20
2025-01-01 10:33:24 [INFO    ] Request processed in 2987ms — endpoint /api/v1/data
2025-01-01 10:33:26 [INFO    ] Database connection pool size: 1368/20
2025-01-01 10:33:33 [INFO    ] Cache hit ratio at 1439% for the last 60 seconds
2025-01-01 10:33:35 [INFO    ] User login successful for user_id=5263
2025-01-01 10:33:45 [ERROR   ] Failed to connect to database after 4048 retries — giving up
2025-01-01 10:33:47 [INFO    ] Scheduled job 'cleanup_temp_files' completed in 7460s
2025-01-01 10:33:50 [INFO    ] Scheduled job 'cleanup_temp_files' completed in 7990s
2025-01-01 10:33:59 [INFO    ] Database connection pool size: 7022/20
2025-01-01 10:34:06 [DEBUG   ] Serializing response object — 3320 fields found
2025-01-01 10:34:10 [ERROR   ] Failed to connect to database after 4830 retries — giving up
2025-01-01 10:34:13 [CRITICAL] Data corruption detected in table 'transactions' at row 905
2025-01-01 10:34:22 [INFO    ] Database connection pool size: 9660/20
2025-01-01 10:34:27 [WARNING ] Deprecated API endpoint /v1/legacy called by client 335
2025-01-01 10:34:36 [WARNING ] Deprecated API endpoint /v1/legacy called by client 7719
2025-01-01 10:34:37 [WARNING ] Rate limit at 1922% for IP 192.168.1119.4550
2025-01-01 10:34:40 [INFO    ] Config reloaded from disk — version=7782
2025-01-01 10:34:44 [INFO    ] Cache hit ratio at 993% for the last 60 seconds
2025-01-01 10:34:49 [ERROR   ] File not found: /var/data/report_426.csv
2025-01-01 10:34:59 [WARNING ] Disk usage at 3527% on volume /dev/sda1 — consider cleanup
2025-01-01 10:35:00 [INFO    ] Config reloaded from disk — version=3671
2025-01-01 10:35:03 [INFO    ] Scheduled job 'cleanup_temp_files' completed in 1647s
2025-01-01 10:35:13 [ERROR   ] Failed to connect to database after 6626 retries — giving up
2025-01-01 10:35:23 [INFO    ] Scheduled job 'cleanup_temp_files' completed in 4568s
2025-01-01 10:35:31 [ERROR   ] Failed to connect to database after 3964 retries — giving up
2025-01-01 10:35:33 [ERROR   ] HTTP 500 returned for request_id=9824 — internal server error
2025-01-01 10:35:36 [INFO    ] Request processed in 2481ms — endpoint /api/v1/data
2025-01-01 10:35:43 [INFO    ] User login successful for user_id=8402
2025-01-01 10:35:45 [WARNING ] Memory usage at 6914MB — approaching soft limit of 512MB
2025-01-01 10:35:55 [WARNING ] Memory usage at 1557MB — approaching soft limit of 512MB
2025-01-01 10:36:05 [INFO    ] New session created — session_id=4586
2025-01-01 10:36:12 [INFO    ] Database connection pool size: 4320/20
2025-01-01 10:36:13 [WARNING ] Rate limit at 6141% for IP 192.168.1475.119
2025-01-01 10:36:20 [ERROR   ] NullPointerException in module payments.processor at line 5819
2025-01-01 10:36:26 [INFO    ] User login successful for user_id=3337
2025-01-01 10:36:35 [INFO    ] Request processed in 9331ms — endpoint /api/v1/data
2025-01-01 10:36:36 [INFO    ] Config reloaded from disk — version=7674
2025-01-01 10:36:46 [INFO    ] Request processed in 2686ms — endpoint /api/v1/data
2025-01-01 10:36:53 [INFO    ] Cache hit ratio at 6894% for the last 60 seconds
2025-01-01 10:36:58 [ERROR   ] Authentication token expired for user_id=1934
2025-01-01 10:37:05 [DEBUG   ] Serializing response object — 44 fields found
2025-01-01 10:37:13 [INFO    ] New session created — session_id=1694
2025-01-01 10:37:22 [DEBUG   ] Entering function process_batch() with batch_size=8754
2025-01-01 10:37:30 [INFO    ] Request processed in 3713ms — endpoint /api/v1/data
2025-01-01 10:37:33 [INFO    ] Database connection pool size: 3867/20
2025-01-01 10:37:42 [INFO    ] Scheduled job 'cleanup_temp_files' completed in 6994s
2025-01-01 10:37:52 [INFO    ] Scheduled job 'cleanup_temp_files' completed in 41s
2025-01-01 10:37:58 [INFO    ] Config reloaded from disk — version=281
2025-01-01 10:38:03 [WARNING ] Response time exceeded threshold: 9781ms (limit: 500ms)
2025-01-01 10:38:11 [CRITICAL] SSL certificate expires in 6975 hours — immediate action required
2025-01-01 10:38:18 [WARNING ] Response time exceeded threshold: 5504ms (limit: 500ms)
2025-01-01 10:38:25 [ERROR   ] Unhandled exception in worker thread-1087: IndexError
2025-01-01 10:38:34 [ERROR   ] NullPointerException in module payments.processor at line 907
2025-01-01 10:38:37 [INFO    ] Request processed in 4864ms — endpoint /api/v1/data
2025-01-01 10:38:47 [DEBUG   ] Checkpoint reached at loop iteration 6766
2025-01-01 10:38:57 [INFO    ] Scheduled job 'cleanup_temp_files' completed in 4458s
2025-01-01 10:39:07 [INFO    ] New session created — session_id=9844
2025-01-01 10:39:16 [WARNING ] Memory usage at 5145MB — approaching soft limit of 512MB
2025-01-01 10:39:23 [INFO    ] Scheduled job 'cleanup_temp_files' completed in 8974s
2025-01-01 10:39:27 [INFO    ] Scheduled job 'cleanup_temp_files' completed in 9148s
2025-01-01 10:39:36 [INFO    ] Cache hit ratio at 3106% for the last 60 seconds
2025-01-01 10:39:44 [INFO    ] Database connection pool size: 9362/20
2025-01-01 10:39:46 [WARNING ] Memory usage at 4432MB — approaching soft limit of 512MB
2025-01-01 10:39:48 [DEBUG   ] Lock acquired on resource 'invoice_9074' by thread-7749
2025-01-01 10:39:57 [DEBUG   ] Serializing response object — 5134 fields found
2025-01-01 10:40:03 [ERROR   ] File not found: /var/data/report_2873.csv
2025-01-01 10:40:06 [INFO    ] Cache hit ratio at 8307% for the last 60 seconds
2025-01-01 10:40:16 [INFO    ] Scheduled job 'cleanup_temp_files' completed in 2868s
2025-01-01 10:40:22 [INFO    ] Database connection pool size: 5027/20
2025-01-01 10:40:23 [ERROR   ] HTTP 500 returned for request_id=4606 — internal server error
2025-01-01 10:40:33 [ERROR   ] File not found: /var/data/report_3546.csv
2025-01-01 10:40:34 [INFO    ] Request processed in 7109ms — endpoint /api/v1/data
2025-01-01 10:40:44 [INFO    ] Cache hit ratio at 2258% for the last 60 seconds
2025-01-01 10:40:50 [INFO    ] User login successful for user_id=8126
2025-01-01 10:40:51 [INFO    ] Scheduled job 'cleanup_temp_files' completed in 3723s
2025-01-01 10:40:52 [WARNING ] Deprecated API endpoint /v1/legacy called by client 4501
2025-01-01 10:41:00 [INFO    ] Database connection pool size: 3541/20
2025-01-01 10:41:07 [WARNING ] Retry attempt 299 of 3 for downstream service call
2025-01-01 10:41:12 [INFO    ] Config reloaded from disk — version=7670
2025-01-01 10:41:17 [INFO    ] Config reloaded from disk — version=4007
2025-01-01 10:41:22 [INFO    ] Request processed in 670ms — endpoint /api/v1/data
2025-01-01 10:41:27 [INFO    ] User login successful for user_id=9895
2025-01-01 10:41:37 [ERROR   ] Failed to connect to database after 7552 retries — giving up
2025-01-01 10:41:40 [WARNING ] Deprecated API endpoint /v1/legacy called by client 1332
2025-01-01 10:41:46 [ERROR   ] Unhandled exception in worker thread-1021: IndexError
2025-01-01 10:41:55 [INFO    ] Database connection pool size: 9398/20
2025-01-01 10:42:02 [ERROR   ] Authentication token expired for user_id=2660
2025-01-01 10:42:09 [WARNING ] Memory usage at 5667MB — approaching soft limit of 512MB
2025-01-01 10:42:18 [INFO    ] Config reloaded from disk — version=5464
2025-01-01 10:42:20 [WARNING ] Retry attempt 9486 of 3 for downstream service call
2025-01-01 10:42:25 [WARNING ] Rate limit at 6966% for IP 192.168.1109.9503
2025-01-01 10:42:26 [WARNING ] Memory usage at 9516MB — approaching soft limit of 512MB
2025-01-01 10:42:30 [INFO    ] User login successful for user_id=1283
2025-01-01 10:42:37 [WARNING ] Rate limit at 5248% for IP 192.168.1981.5513
2025-01-01 10:42:40 [WARNING ] Retry attempt 5363 of 3 for downstream service call
2025-01-01 10:42:50 [INFO    ] Config reloaded from disk — version=7127
2025-01-01 10:42:56 [INFO    ] Cache hit ratio at 5662% for the last 60 seconds
2025-01-01 10:42:57 [ERROR   ] NullPointerException in module payments.processor at line 6970
2025-01-01 10:43:00 [INFO    ] Request processed in 9114ms — endpoint /api/v1/data
2025-01-01 10:43:07 [INFO    ] New session created — session_id=8280
2025-01-01 10:43:09 [DEBUG   ] Cache miss for key='user_profile_2835' — fetching from DB
2025-01-01 10:43:12 [INFO    ] New session created — session_id=9190
2025-01-01 10:43:13 [ERROR   ] NullPointerException in module payments.processor at line 6472
2025-01-01 10:43:18 [WARNING ] Response time exceeded threshold: 5389ms (limit: 500ms)
2025-01-01 10:43:26 [CRITICAL] Security breach detected: 9206 failed login attempts from IP 10.0.4801.1439
2025-01-01 10:43:28 [WARNING ] Rate limit at 4901% for IP 192.168.8945.5577
2025-01-01 10:43:35 [ERROR   ] Authentication token expired for user_id=6228
2025-01-01 10:43:39 [INFO    ] Request processed in 5063ms — endpoint /api/v1/data
2025-01-01 10:43:45 [INFO    ] Database connection pool size: 2171/20
2025-01-01 10:43:53 [INFO    ] Request processed in 6379ms — endpoint /api/v1/data
2025-01-01 10:43:55 [INFO    ] Scheduled job 'cleanup_temp_files' completed in 9105s
2025-01-01 10:43:59 [DEBUG   ] Lock acquired on resource 'invoice_6192' by thread-8564
2025-01-01 10:44:08 [INFO    ] Database connection pool size: 4490/20
2025-01-01 10:44:16 [ERROR   ] Unhandled exception in worker thread-8373: IndexError
2025-01-01 10:44:21 [INFO    ] Config reloaded from disk — version=3959
2025-01-01 10:44:23 [ERROR   ] NullPointerException in module payments.processor at line 6495
2025-01-01 10:44:33 [INFO    ] User login successful for user_id=2537
2025-01-01 10:44:40 [ERROR   ] Authentication token expired for user_id=7284
2025-01-01 10:44:46 [INFO    ] Scheduled job 'cleanup_temp_files' completed in 6904s
2025-01-01 10:44:51 [INFO    ] Scheduled job 'cleanup_temp_files' completed in 4821s
2025-01-01 10:44:56 [INFO    ] Scheduled job 'cleanup_temp_files' completed in 4618s
2025-01-01 10:45:00 [INFO    ] Database connection pool size: 7325/20
2025-01-01 10:45:01 [DEBUG   ] Lock acquired on resource 'invoice_6084' by thread-2284
2025-01-01 10:45:10 [DEBUG   ] Cache miss for key='user_profile_8700' — fetching from DB
2025-01-01 10:45:18 [ERROR   ] Unhandled exception in worker thread-9229: IndexError
2025-01-01 10:45:24 [INFO    ] Cache hit ratio at 6581% for the last 60 seconds
2025-01-01 10:45:32 [ERROR   ] Unhandled exception in worker thread-6677: IndexError
2025-01-01 10:45:39 [WARNING ] Retry attempt 1554 of 3 for downstream service call
2025-01-01 10:45:46 [DEBUG   ] Lock acquired on resource 'invoice_3902' by thread-8060
2025-01-01 10:45:54 [CRITICAL] SYSTEM SHUTDOWN INITIATED — out of memory (used: 385MB / 512MB)
2025-01-01 10:45:58 [INFO    ] Database connection pool size: 2179/20
2025-01-01 10:46:05 [WARNING ] Response time exceeded threshold: 3600ms (limit: 500ms)
2025-01-01 10:46:08 [INFO    ] Scheduled job 'cleanup_temp_files' completed in 1500s
2025-01-01 10:46:16 [WARNING ] Disk usage at 6964% on volume /dev/sda1 — consider cleanup
2025-01-01 10:46:24 [ERROR   ] HTTP 500 returned for request_id=3737 — internal server error
2025-01-01 10:46:34 [INFO    ] Config reloaded from disk — version=7148
2025-01-01 10:46:38 [INFO    ] Config reloaded from disk — version=4128
2025-01-01 10:46:48 [CRITICAL] SSL certificate expires in 1392 hours — immediate action required
2025-01-01 10:46:49 [DEBUG   ] SQL query executed: SELECT * FROM orders WHERE id=2079 (7942ms)
2025-01-01 10:46:50 [ERROR   ] Failed to connect to database after 8561 retries — giving up
2025-01-01 10:46:59 [WARNING ] Retry attempt 7603 of 3 for downstream service call
2025-01-01 10:47:04 [INFO    ] Cache hit ratio at 3523% for the last 60 seconds
2025-01-01 10:47:07 [INFO    ] New session created — session_id=4250
2025-01-01 10:47:11 [CRITICAL] Primary database unreachable — all writes failing, queue depth: 9990
2025-01-01 10:47:21 [INFO    ] Database connection pool size: 4406/20
2025-01-01 10:47:22 [ERROR   ] Unhandled exception in worker thread-9793: IndexError
2025-01-01 10:47:32 [INFO    ] User login successful for user_id=938
2025-01-01 10:47:36 [INFO    ] Config reloaded from disk — version=7349
2025-01-01 10:47:46 [WARNING ] Rate limit at 7477% for IP 192.168.8888.2355
2025-01-01 10:47:53 [INFO    ] Config reloaded from disk — version=3007
2025-01-01 10:47:58 [CRITICAL] Data corruption detected in table 'transactions' at row 9008
2025-01-01 10:48:00 [WARNING ] Retry attempt 4964 of 3 for downstream service call
2025-01-01 10:48:04 [INFO    ] User login successful for user_id=9936
2025-01-01 10:48:09 [DEBUG   ] Entering function process_batch() with batch_size=9475
2025-01-01 10:48:16 [INFO    ] User login successful for user_id=3044
2025-01-01 10:48:20 [ERROR   ] NullPointerException in module payments.processor at line 726
2025-01-01 10:48:28 [DEBUG   ] Serializing response object — 2500 fields found
2025-01-01 10:48:30 [INFO    ] Database connection pool size: 1719/20
2025-01-01 10:48:31 [INFO    ] User login successful for user_id=5785
2025-01-01 10:48:36 [WARNING ] Response time exceeded threshold: 7687ms (limit: 500ms)
2025-01-01 10:48:43 [INFO    ] Cache hit ratio at 6558% for the last 60 seconds
2025-01-01 10:48:46 [WARNING ] Retry attempt 2298 of 3 for downstream service call
2025-01-01 10:48:51 [INFO    ] User login successful for user_id=1022
2025-01-01 10:49:00 [INFO    ] Database connection pool size: 3314/20
2025-01-01 10:49:07 [INFO    ] Config reloaded from disk — version=2087
2025-01-01 10:49:17 [ERROR   ] File not found: /var/data/report_6338.csv
2025-01-01 10:49:20 [INFO    ] New session created — session_id=978
2025-01-01 10:49:21 [WARNING ] Retry attempt 5187 of 3 for downstream service call
2025-01-01 10:49:22 [INFO    ] User login successful for user_id=3924
2025-01-01 10:49:23 [INFO    ] Cache hit ratio at 6436% for the last 60 seconds
2025-01-01 10:49:25 [INFO    ] User login successful for user_id=7764
2025-01-01 10:49:32 [WARNING ] Rate limit at 1115% for IP 192.168.2340.9607
2025-01-01 10:49:36 [INFO    ] Database connection pool size: 7249/20
2025-01-01 10:49:42 [INFO    ] Database connection pool size: 8548/20
2025-01-01 10:49:51 [INFO    ] Scheduled job 'cleanup_temp_files' completed in 4586s
2025-01-01 10:49:58 [DEBUG   ] SQL query executed: SELECT * FROM orders WHERE id=521 (5866ms)
2025-01-01 10:50:06 [INFO    ] User login successful for user_id=4549
2025-01-01 10:50:10 [ERROR   ] HTTP 500 returned for request_id=5768 — internal server error
2025-01-01 10:50:17 [INFO    ] Request processed in 698ms — endpoint /api/v1/data
2025-01-01 10:50:22 [INFO    ] Cache hit ratio at 3992% for the last 60 seconds
2025-01-01 10:50:31 [DEBUG   ] Checkpoint reached at loop iteration 741
2025-01-01 10:50:39 [ERROR   ] Failed to connect to database after 5304 retries — giving up
2025-01-01 10:50:41 [WARNING ] Retry attempt 9781 of 3 for downstream service call
2025-01-01 10:50:43 [INFO    ] Database connection pool size: 8867/20
2025-01-01 10:50:47 [INFO    ] Request processed in 686ms — endpoint /api/v1/data
2025-01-01 10:50:52 [INFO    ] Cache hit ratio at 5814% for the last 60 seconds
2025-01-01 10:50:54 [INFO    ] Request processed in 9746ms — endpoint /api/v1/data
2025-01-01 10:51:04 [INFO    ] Cache hit ratio at 8738% for the last 60 seconds
2025-01-01 10:51:08 [DEBUG   ] SQL query executed: SELECT * FROM orders WHERE id=4958 (9149ms)
2025-01-01 10:51:13 [INFO    ] Scheduled job 'cleanup_temp_files' completed in 8976s
2025-01-01 10:51:16 [INFO    ] Database connection pool size: 2468/20
2025-01-01 10:51:17 [ERROR   ] NullPointerException in module payments.processor at line 2847
2025-01-01 10:51:24 [INFO    ] Scheduled job 'cleanup_temp_files' completed in 3315s
2025-01-01 10:51:27 [ERROR   ] Failed to connect to database after 7399 retries — giving up
2025-01-01 10:51:31 [WARNING ] Response time exceeded threshold: 3275ms (limit: 500ms)
2025-01-01 10:51:37 [DEBUG   ] Lock acquired on resource 'invoice_6280' by thread-2413
2025-01-01 10:51:43 [WARNING ] Rate limit at 2667% for IP 192.168.1418.9160
2025-01-01 10:51:47 [ERROR   ] NullPointerException in module payments.processor at line 5484
2025-01-01 10:51:56 [ERROR   ] File not found: /var/data/report_5129.csv
2025-01-01 10:52:02 [ERROR   ] NullPointerException in module payments.processor at line 6377
2025-01-01 10:52:08 [INFO    ] Request processed in 3647ms — endpoint /api/v1/data
2025-01-01 10:52:17 [INFO    ] Cache hit ratio at 2109% for the last 60 seconds
2025-01-01 10:52:26 [ERROR   ] HTTP 500 returned for request_id=4459 — internal server error
2025-01-01 10:52:31 [INFO    ] Cache hit ratio at 723% for the last 60 seconds
2025-01-01 10:52:41 [ERROR   ] Unhandled exception in worker thread-7868: IndexError
2025-01-01 10:52:45 [DEBUG   ] Checkpoint reached at loop iteration 395
2025-01-01 10:52:51 [DEBUG   ] Lock acquired on resource 'invoice_223' by thread-4878
2025-01-01 10:52:58 [CRITICAL] SSL certificate expires in 8402 hours — immediate action required
2025-01-01 10:53:08 [CRITICAL] SSL certificate expires in 2385 hours — immediate action required
2025-01-01 10:53:18 [CRITICAL] Data corruption detected in table 'transactions' at row 709
2025-01-01 10:53:26 [WARNING ] Memory usage at 9630MB — approaching soft limit of 512MB
2025-01-01 10:53:34 [ERROR   ] Unhandled exception in worker thread-3137: IndexError
2025-01-01 10:53:40 [WARNING ] Response time exceeded threshold: 5031ms (limit: 500ms)
2025-01-01 10:53:44 [INFO    ] User login successful for user_id=544
2025-01-01 10:53:51 [INFO    ] New session created — session_id=2220
2025-01-01 10:53:55 [INFO    ] Scheduled job 'cleanup_temp_files' completed in 2002s
2025-01-01 10:54:01 [ERROR   ] File not found: /var/data/report_5419.csv
2025-01-01 10:54:05 [INFO    ] Database connection pool size: 3978/20
2025-01-01 10:54:08 [INFO    ] User login successful for user_id=4602
2025-01-01 10:54:09 [WARNING ] Response time exceeded threshold: 8165ms (limit: 500ms)
2025-01-01 10:54:19 [INFO    ] Request processed in 8828ms — endpoint /api/v1/data
2025-01-01 10:54:26 [INFO    ] Request processed in 9968ms — endpoint /api/v1/data
2025-01-01 10:54:28 [INFO    ] Request processed in 137ms — endpoint /api/v1/data
2025-01-01 10:54:36 [WARNING ] Disk usage at 8510% on volume /dev/sda1 — consider cleanup
2025-01-01 10:54:40 [INFO    ] Scheduled job 'cleanup_temp_files' completed in 1530s
2025-01-01 10:54:50 [INFO    ] Database connection pool size: 2631/20
2025-01-01 10:54:58 [INFO    ] New session created — session_id=377
2025-01-01 10:55:00 [CRITICAL] SSL certificate expires in 4732 hours — immediate action required
2025-01-01 10:55:03 [INFO    ] User login successful for user_id=1871
2025-01-01 10:55:13 [INFO    ] New session created — session_id=6938
2025-01-01 10:55:18 [INFO    ] Cache hit ratio at 2062% for the last 60 seconds
2025-01-01 10:55:27 [DEBUG   ] Serializing response object — 4001 fields found
2025-01-01 10:55:31 [INFO    ] Request processed in 6415ms — endpoint /api/v1/data
2025-01-01 10:55:33 [INFO    ] User login successful for user_id=7958
2025-01-01 10:55:37 [INFO    ] Cache hit ratio at 2038% for the last 60 seconds
2025-01-01 10:55:44 [DEBUG   ] Serializing response object — 1393 fields found
2025-01-01 10:55:51 [INFO    ] Config reloaded from disk — version=7317
2025-01-01 10:56:01 [INFO    ] Scheduled job 'cleanup_temp_files' completed in 2049s
2025-01-01 10:56:03 [WARNING ] Response time exceeded threshold: 1973ms (limit: 500ms)
2025-01-01 10:56:06 [DEBUG   ] Cache miss for key='user_profile_975' — fetching from DB
2025-01-01 10:56:15 [WARNING ] Response time exceeded threshold: 1974ms (limit: 500ms)
2025-01-01 10:56:20 [ERROR   ] Failed to connect to database after 9655 retries — giving up
2025-01-01 10:56:27 [ERROR   ] Failed to connect to database after 9119 retries — giving up
2025-01-01 10:56:35 [WARNING ] Deprecated API endpoint /v1/legacy called by client 1880
2025-01-01 10:56:36 [INFO    ] Database connection pool size: 467/20
2025-01-01 10:56:39 [ERROR   ] Unhandled exception in worker thread-2963: IndexError
2025-01-01 10:56:41 [ERROR   ] Failed to connect to database after 3781 retries — giving up
2025-01-01 10:56:50 [WARNING ] Deprecated API endpoint /v1/legacy called by client 7718
2025-01-01 10:56:52 [ERROR   ] Authentication token expired for user_id=7952
2025-01-01 10:56:58 [INFO    ] Config reloaded from disk — version=3715
2025-01-01 10:57:06 [ERROR   ] File not found: /var/data/report_9050.csv
2025-01-01 10:57:11 [WARNING ] Rate limit at 7433% for IP 192.168.4102.1990
2025-01-01 10:57:16 [DEBUG   ] Cache miss for key='user_profile_6840' — fetching from DB
2025-01-01 10:57:18 [INFO    ] Database connection pool size: 8323/20
2025-01-01 10:57:23 [WARNING ] Deprecated API endpoint /v1/legacy called by client 5763
2025-01-01 10:57:28 [WARNING ] Deprecated API endpoint /v1/legacy called by client 4997
2025-01-01 10:57:35 [INFO    ] Scheduled job 'cleanup_temp_files' completed in 5847s
2025-01-01 10:57:39 [WARNING ] Rate limit at 2266% for IP 192.168.6985.5559
2025-01-01 10:57:47 [INFO    ] New session created — session_id=9874
2025-01-01 10:57:52 [ERROR   ] Unhandled exception in worker thread-5384: IndexError
2025-01-01 10:57:56 [WARNING ] Response time exceeded threshold: 1163ms (limit: 500ms)
2025-01-01 10:58:02 [ERROR   ] Authentication token expired for user_id=8098
2025-01-01 10:58:09 [WARNING ] Disk usage at 503% on volume /dev/sda1 — consider cleanup
2025-01-01 10:58:14 [INFO    ] Config reloaded from disk — version=65
2025-01-01 10:58:18 [INFO    ] Database connection pool size: 573/20
2025-01-01 10:58:24 [INFO    ] User login successful for user_id=4735
2025-01-01 10:58:28 [CRITICAL] SSL certificate expires in 3854 hours — immediate action required
2025-01-01 10:58:35 [INFO    ] User login successful for user_id=2568
2025-01-01 10:58:43 [INFO    ] Cache hit ratio at 8966% for the last 60 seconds
2025-01-01 10:58:49 [INFO    ] New session created — session_id=9528
2025-01-01 10:58:56 [WARNING ] Memory usage at 5983MB — approaching soft limit of 512MB
2025-01-01 10:59:05 [INFO    ] Cache hit ratio at 6192% for the last 60 seconds
2025-01-01 10:59:06 [WARNING ] Retry attempt 2532 of 3 for downstream service call
2025-01-01 10:59:16 [DEBUG   ] Cache miss for key='user_profile_9536' — fetching from DB
2025-01-01 10:59:25 [WARNING ] Memory usage at 8794MB — approaching soft limit of 512MB
2025-01-01 10:59:28 [CRITICAL] SYSTEM SHUTDOWN INITIATED — out of memory (used: 5048MB / 512MB)
2025-01-01 10:59:34 [WARNING ] Deprecated API endpoint /v1/legacy called by client 3555
2025-01-01 10:59:38 [INFO    ] Config reloaded from disk — version=7186
2025-01-01 10:59:48 [CRITICAL] SSL certificate expires in 1618 hours — immediate action required
2025-01-01 10:59:49 [INFO    ] Config reloaded from disk — version=2240
2025-01-01 10:59:56 [ERROR   ] Failed to connect to database after 502 retries — giving up
2025-01-01 11:00:04 [DEBUG   ] Checkpoint reached at loop iteration 7484
2025-01-01 11:00:08 [INFO    ] Scheduled job 'cleanup_temp_files' completed in 8025s
2025-01-01 11:00:15 [INFO    ] Request processed in 4922ms — endpoint /api/v1/data
2025-01-01 11:00:20 [WARNING ] Response time exceeded threshold: 7092ms (limit: 500ms)
2025-01-01 11:00:30 [WARNING ] Response time exceeded threshold: 4353ms (limit: 500ms)
2025-01-01 11:00:35 [INFO    ] New session created — session_id=6709
2025-01-01 11:00:41 [INFO    ] Request processed in 2658ms — endpoint /api/v1/data
2025-01-01 11:00:43 [WARNING ] Rate limit at 2952% for IP 192.168.6482.8157
2025-01-01 11:00:48 [INFO    ] Config reloaded from disk — version=989
2025-01-01 11:00:54 [INFO    ] User login successful for user_id=8595
2025-01-01 11:00:59 [WARNING ] Memory usage at 6264MB — approaching soft limit of 512MB
2025-01-01 11:01:00 [DEBUG   ] Cache miss for key='user_profile_2320' — fetching from DB
2025-01-01 11:01:09 [INFO    ] Database connection pool size: 5336/20
2025-01-01 11:01:11 [WARNING ] Response time exceeded threshold: 7659ms (limit: 500ms)
2025-01-01 11:01:20 [DEBUG   ] Cache miss for key='user_profile_7908' — fetching from DB
2025-01-01 11:01:22 [WARNING ] Deprecated API endpoint /v1/legacy called by client 8506
2025-01-01 11:01:24 [INFO    ] Database connection pool size: 691/20
2025-01-01 11:01:29 [INFO    ] Request processed in 4941ms — endpoint /api/v1/data
2025-01-01 11:01:38 [INFO    ] Database connection pool size: 6012/20
2025-01-01 11:01:46 [DEBUG   ] Entering function process_batch() with batch_size=8913
2025-01-01 11:01:53 [INFO    ] Scheduled job 'cleanup_temp_files' completed in 4973s
2025-01-01 11:02:02 [INFO    ] User login successful for user_id=1912
2025-01-01 11:02:04 [INFO    ] New session created — session_id=1662
2025-01-01 11:02:14 [ERROR   ] Authentication token expired for user_id=7127
2025-01-01 11:02:19 [INFO    ] Database connection pool size: 3403/20
2025-01-01 11:02:29 [INFO    ] Scheduled job 'cleanup_temp_files' completed in 2113s
2025-01-01 11:02:33 [ERROR   ] Failed to connect to database after 971 retries — giving up
2025-01-01 11:02:42 [DEBUG   ] Cache miss for key='user_profile_1483' — fetching from DB
2025-01-01 11:02:52 [INFO    ] Database connection pool size: 5914/20
2025-01-01 11:02:58 [ERROR   ] NullPointerException in module payments.processor at line 8564
2025-01-01 11:03:06 [INFO    ] User login successful for user_id=9
2025-01-01 11:03:15 [WARNING ] Disk usage at 2818% on volume /dev/sda1 — consider cleanup
2025-01-01 11:03:23 [INFO    ] New session created — session_id=9561
2025-01-01 11:03:27 [WARNING ] Response time exceeded threshold: 7451ms (limit: 500ms)
2025-01-01 11:03:33 [INFO    ] Scheduled job 'cleanup_temp_files' completed in 5513s
2025-01-01 11:03:36 [WARNING ] Memory usage at 9664MB — approaching soft limit of 512MB
2025-01-01 11:03:41 [WARNING ] Disk usage at 3827% on volume /dev/sda1 — consider cleanup
2025-01-01 11:03:51 [ERROR   ] NullPointerException in module payments.processor at line 3113
2025-01-01 11:03:56 [INFO    ] Cache hit ratio at 7194% for the last 60 seconds
2025-01-01 11:04:05 [DEBUG   ] Checkpoint reached at loop iteration 3740
2025-01-01 11:04:06 [INFO    ] Config reloaded from disk — version=4883
2025-01-01 11:04:12 [WARNING ] Disk usage at 1085% on volume /dev/sda1 — consider cleanup
2025-01-01 11:04:20 [INFO    ] User login successful for user_id=5720
2025-01-01 11:04:23 [WARNING ] Rate limit at 9214% for IP 192.168.6329.5404
2025-01-01 11:04:27 [INFO    ] Cache hit ratio at 4350% for the last 60 seconds
2025-01-01 11:04:29 [INFO    ] Scheduled job 'cleanup_temp_files' completed in 3394s
2025-01-01 11:04:38 [DEBUG   ] Checkpoint reached at loop iteration 5739
2025-01-01 11:04:47 [WARNING ] Disk usage at 9263% on volume /dev/sda1 — consider cleanup
2025-01-01 11:04:57 [CRITICAL] SSL certificate expires in 1664 hours — immediate action required
2025-01-01 11:05:02 [WARNING ] Disk usage at 2258% on volume /dev/sda1 — consider cleanup
2025-01-01 11:05:08 [ERROR   ] HTTP 500 returned for request_id=1570 — internal server error
2025-01-01 11:05:15 [ERROR   ] Authentication token expired for user_id=4826
2025-01-01 11:05:20 [INFO    ] Scheduled job 'cleanup_temp_files' completed in 3629s
2025-01-01 11:05:25 [INFO    ] User login successful for user_id=6380
2025-01-01 11:05:35 [ERROR   ] Unhandled exception in worker thread-1253: IndexError
2025-01-01 11:05:44 [WARNING ] Rate limit at 204% for IP 192.168.7632.420
2025-01-01 11:05:46 [ERROR   ] File not found: /var/data/report_5554.csv
2025-01-01 11:05:55 [INFO    ] New session created — session_id=4801
2025-01-01 11:06:01 [ERROR   ] File not found: /var/data/report_8043.csv
2025-01-01 11:06:08 [INFO    ] User login successful for user_id=5896
2025-01-01 11:06:13 [INFO    ] Cache hit ratio at 2240% for the last 60 seconds
2025-01-01 11:06:19 [WARNING ] Rate limit at 5793% for IP 192.168.245.406
2025-01-01 11:06:28 [INFO    ] Scheduled job 'cleanup_temp_files' completed in 5684s
2025-01-01 11:06:36 [INFO    ] User login successful for user_id=5842
2025-01-01 11:06:46 [INFO    ] User login successful for user_id=3353
2025-01-01 11:06:55 [WARNING ] Response time exceeded threshold: 278ms (limit: 500ms)
2025-01-01 11:06:58 [INFO    ] New session created — session_id=6485
2025-01-01 11:07:01 [INFO    ] Scheduled job 'cleanup_temp_files' completed in 712s
2025-01-01 11:07:02 [ERROR   ] Authentication token expired for user_id=9587
2025-01-01 11:07:04 [INFO    ] Database connection pool size: 1525/20
2025-01-01 11:07:07 [DEBUG   ] Cache miss for key='user_profile_1773' — fetching from DB
2025-01-01 11:07:12 [INFO    ] User login successful for user_id=4722
2025-01-01 11:07:17 [ERROR   ] Failed to connect to database after 16 retries — giving up
2025-01-01 11:07:27 [INFO    ] Config reloaded from disk — version=2352
2025-01-01 11:07:37 [WARNING ] Memory usage at 4222MB — approaching soft limit of 512MB
2025-01-01 11:07:47 [ERROR   ] Authentication token expired for user_id=5166
2025-01-01 11:07:53 [CRITICAL] Primary database unreachable — all writes failing, queue depth: 7365
2025-01-01 11:08:00 [ERROR   ] Authentication token expired for user_id=6863
2025-01-01 11:08:08 [INFO    ] Config reloaded from disk — version=4126
2025-01-01 11:08:15 [ERROR   ] NullPointerException in module payments.processor at line 2086
2025-01-01 11:08:22 [INFO    ] Database connection pool size: 4938/20
2025-01-01 11:08:28 [INFO    ] Request processed in 2824ms — endpoint /api/v1/data
2025-01-01 11:08:34 [DEBUG   ] Entering function process_batch() with batch_size=5047
2025-01-01 11:08:44 [ERROR   ] Unhandled exception in worker thread-8183: IndexError
2025-01-01 11:08:50 [CRITICAL] Data corruption detected in table 'transactions' at row 9637
2025-01-01 11:08:51 [INFO    ] Database connection pool size: 6392/20
2025-01-01 11:08:54 [ERROR   ] Authentication token expired for user_id=4747
2025-01-01 11:09:03 [INFO    ] Config reloaded from disk — version=5451
2025-01-01 11:09:08 [INFO    ] Request processed in 6346ms — endpoint /api/v1/data
2025-01-01 11:09:09 [WARNING ] Memory usage at 9306MB — approaching soft limit of 512MB
2025-01-01 11:09:14 [WARNING ] Disk usage at 7172% on volume /dev/sda1 — consider cleanup
2025-01-01 11:09:21 [INFO    ] Scheduled job 'cleanup_temp_files' completed in 3114s
2025-01-01 11:09:28 [INFO    ] New session created — session_id=489
2025-01-01 11:09:37 [WARNING ] Retry attempt 6644 of 3 for downstream service call
2025-01-01 11:09:38 [INFO    ] Cache hit ratio at 7091% for the last 60 seconds
2025-01-01 11:09:41 [INFO    ] Request processed in 2042ms — endpoint /api/v1/data
2025-01-01 11:09:43 [DEBUG   ] Checkpoint reached at loop iteration 6897
2025-01-01 11:09:52 [DEBUG   ] Entering function process_batch() with batch_size=1511
2025-01-01 11:09:53 [WARNING ] Retry attempt 8219 of 3 for downstream service call
2025-01-01 11:10:02 [CRITICAL] SSL certificate expires in 5829 hours — immediate action required
2025-01-01 11:10:12 [INFO    ] User login successful for user_id=6433
2025-01-01 11:10:19 [ERROR   ] File not found: /var/data/report_8250.csv
2025-01-01 11:10:22 [INFO    ] Scheduled job 'cleanup_temp_files' completed in 7249s
2025-01-01 11:10:32 [INFO    ] Config reloaded from disk — version=4450
2025-01-01 11:10:37 [INFO    ] Scheduled job 'cleanup_temp_files' completed in 4939s
2025-01-01 11:10:46 [INFO    ] Cache hit ratio at 4569% for the last 60 seconds
2025-01-01 11:10:47 [INFO    ] User login successful for user_id=9461
2025-01-01 11:10:54 [INFO    ] Cache hit ratio at 655% for the last 60 seconds
2025-01-01 11:11:04 [INFO    ] Request processed in 6689ms — endpoint /api/v1/data
2025-01-01 11:11:07 [WARNING ] Disk usage at 7132% on volume /dev/sda1 — consider cleanup
2025-01-01 11:11:12 [INFO    ] New session created — session_id=4248
2025-01-01 11:11:18 [INFO    ] Request processed in 636ms — endpoint /api/v1/data
2025-01-01 11:11:27 [WARNING ] Rate limit at 4485% for IP 192.168.9506.8588
2025-01-01 11:11:37 [INFO    ] Database connection pool size: 4775/20
2025-01-01 11:11:40 [INFO    ] New session created — session_id=3379
2025-01-01 11:11:50 [ERROR   ] Authentication token expired for user_id=3620
2025-01-01 11:11:52 [INFO    ] Config reloaded from disk — version=6806
2025-01-01 11:11:57 [INFO    ] New session created — session_id=9131
2025-01-01 11:12:02 [INFO    ] Config reloaded from disk — version=8396
2025-01-01 11:12:03 [INFO    ] Request processed in 8211ms — endpoint /api/v1/data
2025-01-01 11:12:05 [INFO    ] New session created — session_id=7794
2025-01-01 11:12:06 [ERROR   ] File not found: /var/data/report_2757.csv
2025-01-01 11:12:15 [INFO    ] New session created — session_id=8875
2025-01-01 11:12:24 [INFO    ] Scheduled job 'cleanup_temp_files' completed in 6393s
2025-01-01 11:12:25 [INFO    ] Config reloaded from disk — version=999
2025-01-01 11:12:35 [INFO    ] User login successful for user_id=2129
2025-01-01 11:12:41 [INFO    ] User login successful for user_id=5608
2025-01-01 11:12:43 [WARNING ] Response time exceeded threshold: 1073ms (limit: 500ms)
2025-01-01 11:12:53 [ERROR   ] Failed to connect to database after 3471 retries — giving up
2025-01-01 11:12:56 [DEBUG   ] Cache miss for key='user_profile_5005' — fetching from DB
2025-01-01 11:13:05 [CRITICAL] SYSTEM SHUTDOWN INITIATED — out of memory (used: 5649MB / 512MB)
2025-01-01 11:13:15 [INFO    ] Request processed in 1297ms — endpoint /api/v1/data
2025-01-01 11:13:23 [WARNING ] Memory usage at 9757MB — approaching soft limit of 512MB
2025-01-01 11:13:33 [CRITICAL] SYSTEM SHUTDOWN INITIATED — out of memory (used: 4602MB / 512MB)
2025-01-01 11:13:42 [INFO    ] Cache hit ratio at 2733% for the last 60 seconds
2025-01-01 11:13:49 [INFO    ] User login successful for user_id=5481
2025-01-01 11:13:55 [INFO    ] Config reloaded from disk — version=2655
2025-01-01 11:14:05 [DEBUG   ] Lock acquired on resource 'invoice_4394' by thread-6541
2025-01-01 11:14:13 [DEBUG   ] Serializing response object — 3988 fields found
2025-01-01 11:14:18 [CRITICAL] SSL certificate expires in 5654 hours — immediate action required
2025-01-01 11:14:21 [WARNING ] Rate limit at 123% for IP 192.168.6189.1823
2025-01-01 11:14:26 [INFO    ] New session created — session_id=7010
2025-01-01 11:14:28 [INFO    ] Config reloaded from disk — version=6717
2025-01-01 11:14:34 [INFO    ] Cache hit ratio at 3362% for the last 60 seconds
2025-01-01 11:14:35 [DEBUG   ] Entering function process_batch() with batch_size=3614
2025-01-01 11:14:36 [INFO    ] Database connection pool size: 3744/20
2025-01-01 11:14:43 [INFO    ] Database connection pool size: 7343/20
2025-01-01 11:14:52 [DEBUG   ] Cache miss for key='user_profile_2948' — fetching from DB
2025-01-01 11:15:00 [INFO    ] Database connection pool size: 2864/20
2025-01-01 11:15:10 [DEBUG   ] Checkpoint reached at loop iteration 8415
2025-01-01 11:15:19 [DEBUG   ] Checkpoint reached at loop iteration 2820
2025-01-01 11:15:25 [WARNING ] Memory usage at 6897MB — approaching soft limit of 512MB
2025-01-01 11:15:33 [WARNING ] Deprecated API endpoint /v1/legacy called by client 2672
2025-01-01 11:15:41 [WARNING ] Deprecated API endpoint /v1/legacy called by client 4883
2025-01-01 11:15:42 [INFO    ] Database connection pool size: 5218/20
2025-01-01 11:15:50 [INFO    ] Database connection pool size: 5427/20
2025-01-01 11:15:53 [WARNING ] Deprecated API endpoint /v1/legacy called by client 6358
2025-01-01 11:16:02 [WARNING ] Deprecated API endpoint /v1/legacy called by client 6546
2025-01-01 11:16:04 [DEBUG   ] Entering function process_batch() with batch_size=8807
2025-01-01 11:16:13 [INFO    ] Cache hit ratio at 8484% for the last 60 seconds
2025-01-01 11:16:21 [DEBUG   ] Checkpoint reached at loop iteration 9550
2025-01-01 11:16:27 [INFO    ] Scheduled job 'cleanup_temp_files' completed in 3051s
2025-01-01 11:16:34 [INFO    ] Scheduled job 'cleanup_temp_files' completed in 1134s
2025-01-01 11:16:38 [WARNING ] Response time exceeded threshold: 3388ms (limit: 500ms)
2025-01-01 11:16:42 [INFO    ] New session created — session_id=992
2025-01-01 11:16:52 [DEBUG   ] SQL query executed: SELECT * FROM orders WHERE id=352 (4678ms)
2025-01-01 11:16:57 [WARNING ] Retry attempt 8696 of 3 for downstream service call
2025-01-01 11:17:06 [INFO    ] Request processed in 1674ms — endpoint /api/v1/data
2025-01-01 11:17:09 [INFO    ] Scheduled job 'cleanup_temp_files' completed in 5514s
2025-01-01 11:17:19 [INFO    ] User login successful for user_id=845
2025-01-01 11:17:20 [DEBUG   ] Checkpoint reached at loop iteration 8726
2025-01-01 11:17:27 [CRITICAL] Security breach detected: 992 failed login attempts from IP 10.0.641.1658
2025-01-01 11:17:32 [DEBUG   ] SQL query executed: SELECT * FROM orders WHERE id=4203 (2659ms)
2025-01-01 11:17:38 [ERROR   ] NullPointerException in module payments.processor at line 9798
2025-01-01 11:17:41 [WARNING ] Rate limit at 9883% for IP 192.168.5909.3508
2025-01-01 11:17:49 [WARNING ] Deprecated API endpoint /v1/legacy called by client 9737
2025-01-01 11:17:59 [DEBUG   ] Lock acquired on resource 'invoice_8455' by thread-1776
2025-01-01 11:18:04 [ERROR   ] Authentication token expired for user_id=5683
2025-01-01 11:18:10 [INFO    ] Scheduled job 'cleanup_temp_files' completed in 7225s
2025-01-01 11:18:20 [WARNING ] Response time exceeded threshold: 2542ms (limit: 500ms)
2025-01-01 11:18:27 [INFO    ] Config reloaded from disk — version=8574
2025-01-01 11:18:29 [ERROR   ] Failed to connect to database after 8803 retries — giving up
2025-01-01 11:18:35 [INFO    ] Cache hit ratio at 7027% for the last 60 seconds
2025-01-01 11:18:42 [INFO    ] New session created — session_id=2264
2025-01-01 11:18:43 [INFO    ] User login successful for user_id=3985
2025-01-01 11:18:48 [INFO    ] Cache hit ratio at 695% for the last 60 seconds
2025-01-01 11:18:52 [WARNING ] Deprecated API endpoint /v1/legacy called by client 9279
2025-01-01 11:19:00 [INFO    ] Scheduled job 'cleanup_temp_files' completed in 8861s
2025-01-01 11:19:08 [INFO    ] New session created — session_id=5842
2025-01-01 11:19:12 [CRITICAL] Primary database unreachable — all writes failing, queue depth: 3939
2025-01-01 11:19:16 [WARNING ] Memory usage at 1045MB — approaching soft limit of 512MB
2025-01-01 11:19:18 [INFO    ] Request processed in 594ms — endpoint /api/v1/data
2025-01-01 11:19:24 [INFO    ] Config reloaded from disk — version=4255
2025-01-01 11:19:30 [INFO    ] Scheduled job 'cleanup_temp_files' completed in 195s
2025-01-01 11:19:36 [WARNING ] Memory usage at 8417MB — approaching soft limit of 512MB
2025-01-01 11:19:41 [DEBUG   ] SQL query executed: SELECT * FROM orders WHERE id=7770 (3775ms)
2025-01-01 11:19:48 [ERROR   ] HTTP 500 returned for request_id=4490 — internal server error
2025-01-01 11:19:51 [INFO    ] Scheduled job 'cleanup_temp_files' completed in 4613s
2025-01-01 11:20:00 [INFO    ] Cache hit ratio at 7313% for the last 60 seconds
2025-01-01 11:20:08 [INFO    ] Config reloaded from disk — version=5182
2025-01-01 11:20:18 [CRITICAL] SSL certificate expires in 2470 hours — immediate action required
2025-01-01 11:20:27 [INFO    ] New session created — session_id=6587
2025-01-01 11:20:37 [WARNING ] Response time exceeded threshold: 8470ms (limit: 500ms)
2025-01-01 11:20:42 [ERROR   ] Authentication token expired for user_id=1656
2025-01-01 11:20:46 [DEBUG   ] Lock acquired on resource 'invoice_924' by thread-1643
2025-01-01 11:20:47 [CRITICAL] SSL certificate expires in 2067 hours — immediate action required
2025-01-01 11:20:53 [CRITICAL] SYSTEM SHUTDOWN INITIATED — out of memory (used: 9729MB / 512MB)
2025-01-01 11:21:01 [INFO    ] Database connection pool size: 6016/20
2025-01-01 11:21:08 [INFO    ] Scheduled job 'cleanup_temp_files' completed in 3030s
2025-01-01 11:21:15 [WARNING ] Retry attempt 6492 of 3 for downstream service call
2025-01-01 11:21:18 [INFO    ] User login successful for user_id=6746
2025-01-01 11:21:26 [INFO    ] Cache hit ratio at 102% for the last 60 seconds
2025-01-01 11:21:30 [INFO    ] Request processed in 134ms — endpoint /api/v1/data
2025-01-01 11:21:32 [ERROR   ] Authentication token expired for user_id=5086
2025-01-01 11:21:41 [INFO    ] Config reloaded from disk — version=3237
2025-01-01 11:21:44 [CRITICAL] Security breach detected: 4394 failed login attempts from IP 10.0.4028.7275
2025-01-01 11:21:45 [INFO    ] Request processed in 5854ms — endpoint /api/v1/data
2025-01-01 11:21:48 [INFO    ] New session created — session_id=3671
2025-01-01 11:21:53 [INFO    ] Cache hit ratio at 7204% for the last 60 seconds
2025-01-01 11:21:57 [WARNING ] Memory usage at 4922MB — approaching soft limit of 512MB
2025-01-01 11:22:05 [INFO    ] Cache hit ratio at 8907% for the last 60 seconds
2025-01-01 11:22:13 [WARNING ] Disk usage at 8084% on volume /dev/sda1 — consider cleanup
2025-01-01 11:22:14 [INFO    ] Config reloaded from disk — version=1095
2025-01-01 11:22:15 [WARNING ] Memory usage at 2449MB — approaching soft limit of 512MB
2025-01-01 11:22:25 [WARNING ] Disk usage at 5143% on volume /dev/sda1 — consider cleanup
2025-01-01 11:22:31 [INFO    ] Scheduled job 'cleanup_temp_files' completed in 5044s
2025-01-01 11:22:38 [WARNING ] Disk usage at 5740% on volume /dev/sda1 — consider cleanup
2025-01-01 11:22:48 [INFO    ] User login successful for user_id=2051
2025-01-01 11:22:57 [INFO    ] User login successful for user_id=9184
2025-01-01 11:22:59 [INFO    ] User login successful for user_id=617
2025-01-01 11:23:02 [INFO    ] Cache hit ratio at 1682% for the last 60 seconds
2025-01-01 11:23:11 [INFO    ] Database connection pool size: 1969/20
2025-01-01 11:23:12 [WARNING ] Memory usage at 1553MB — approaching soft limit of 512MB
2025-01-01 11:23:16 [INFO    ] User login successful for user_id=7952
2025-01-01 11:23:20 [WARNING ] Retry attempt 8931 of 3 for downstream service call
2025-01-01 11:23:24 [CRITICAL] Security breach detected: 9782 failed login attempts from IP 10.0.3349.2774
2025-01-01 11:23:30 [ERROR   ] HTTP 500 returned for request_id=3362 — internal server error
2025-01-01 11:23:40 [ERROR   ] HTTP 500 returned for request_id=6026 — internal server error
2025-01-01 11:23:48 [INFO    ] User login successful for user_id=9081
2025-01-01 11:23:51 [ERROR   ] HTTP 500 returned for request_id=8565 — internal server error
2025-01-01 11:23:53 [INFO    ] Config reloaded from disk — version=529
2025-01-01 11:23:54 [ERROR   ] File not found: /var/data/report_9009.csv
2025-01-01 11:23:59 [WARNING ] Memory usage at 1792MB — approaching soft limit of 512MB
2025-01-01 11:24:06 [INFO    ] Request processed in 7750ms — endpoint /api/v1/data
2025-01-01 11:24:13 [CRITICAL] Data corruption detected in table 'transactions' at row 2036
2025-01-01 11:24:23 [INFO    ] Cache hit ratio at 797% for the last 60 seconds
2025-01-01 11:24:33 [WARNING ] Response time exceeded threshold: 4371ms (limit: 500ms)
2025-01-01 11:24:43 [INFO    ] Database connection pool size: 9517/20
2025-01-01 11:24:49 [INFO    ] Scheduled job 'cleanup_temp_files' completed in 3250s
2025-01-01 11:24:57 [WARNING ] Retry attempt 3963 of 3 for downstream service call
2025-01-01 11:25:07 [INFO    ] Cache hit ratio at 3770% for the last 60 seconds
2025-01-01 11:25:11 [WARNING ] Deprecated API endpoint /v1/legacy called by client 449
2025-01-01 11:25:12 [WARNING ] Deprecated API endpoint /v1/legacy called by client 5386
2025-01-01 11:25:13 [WARNING ] Deprecated API endpoint /v1/legacy called by client 4399
2025-01-01 11:25:17 [ERROR   ] Authentication token expired for user_id=3038
2025-01-01 11:25:27 [WARNING ] Rate limit at 9888% for IP 192.168.5762.5500
2025-01-01 11:25:36 [INFO    ] User login successful for user_id=1201
2025-01-01 11:25:41 [INFO    ] Request processed in 9673ms — endpoint /api/v1/data
2025-01-01 11:25:49 [ERROR   ] NullPointerException in module payments.processor at line 988
2025-01-01 11:25:51 [DEBUG   ] Checkpoint reached at loop iteration 3172
2025-01-01 11:26:00 [DEBUG   ] SQL query executed: SELECT * FROM orders WHERE id=6590 (2489ms)
2025-01-01 11:26:07 [ERROR   ] Failed to connect to database after 7893 retries — giving up
2025-01-01 11:26:08 [INFO    ] User login successful for user_id=4930
2025-01-01 11:26:12 [DEBUG   ] Lock acquired on resource 'invoice_6864' by thread-9079
2025-01-01 11:26:16 [INFO    ] New session created — session_id=7465
2025-01-01 11:26:23 [INFO    ] New session created — session_id=4280
2025-01-01 11:26:25 [INFO    ] Cache hit ratio at 3362% for the last 60 seconds
2025-01-01 11:26:32 [INFO    ] New session created — session_id=8086
2025-01-01 11:26:42 [INFO    ] User login successful for user_id=9217
2025-01-01 11:26:47 [WARNING ] Response time exceeded threshold: 6461ms (limit: 500ms)
2025-01-01 11:26:52 [INFO    ] Scheduled job 'cleanup_temp_files' completed in 1438s
2025-01-01 11:26:55 [INFO    ] Scheduled job 'cleanup_temp_files' completed in 4499s
2025-01-01 11:27:02 [WARNING ] Rate limit at 6212% for IP 192.168.1698.378
2025-01-01 11:27:04 [WARNING ] Rate limit at 5991% for IP 192.168.9614.1108
2025-01-01 11:27:11 [ERROR   ] File not found: /var/data/report_6533.csv
2025-01-01 11:27:21 [INFO    ] Config reloaded from disk — version=9440
2025-01-01 11:27:24 [CRITICAL] Security breach detected: 5464 failed login attempts from IP 10.0.421.9252
2025-01-01 11:27:27 [DEBUG   ] Entering function process_batch() with batch_size=7114
2025-01-01 11:27:35 [DEBUG   ] Lock acquired on resource 'invoice_2124' by thread-7415
2025-01-01 11:27:38 [ERROR   ] Unhandled exception in worker thread-1370: IndexError
2025-01-01 11:27:44 [INFO    ] Request processed in 7150ms — endpoint /api/v1/data
2025-01-01 11:27:54 [WARNING ] Memory usage at 6023MB — approaching soft limit of 512MB
2025-01-01 11:27:57 [INFO    ] Request processed in 5144ms — endpoint /api/v1/data
2025-01-01 11:28:00 [ERROR   ] HTTP 500 returned for request_id=1879 — internal server error
2025-01-01 11:28:06 [INFO    ] Request processed in 2366ms — endpoint /api/v1/data
2025-01-01 11:28:11 [WARNING ] Response time exceeded threshold: 9498ms (limit: 500ms)
2025-01-01 11:28:13 [INFO    ] New session created — session_id=7597
2025-01-01 11:28:17 [WARNING ] Disk usage at 5449% on volume /dev/sda1 — consider cleanup
2025-01-01 11:28:21 [INFO    ] Cache hit ratio at 2326% for the last 60 seconds
2025-01-01 11:28:22 [WARNING ] Disk usage at 9764% on volume /dev/sda1 — consider cleanup
2025-01-01 11:28:25 [INFO    ] Scheduled job 'cleanup_temp_files' completed in 7611s
2025-01-01 11:28:34 [WARNING ] Retry attempt 6178 of 3 for downstream service call
2025-01-01 11:28:41 [WARNING ] Disk usage at 4296% on volume /dev/sda1 — consider cleanup
2025-01-01 11:28:43 [WARNING ] Rate limit at 2074% for IP 192.168.2754.2342
2025-01-01 11:28:49 [DEBUG   ] Lock acquired on resource 'invoice_5037' by thread-3061
2025-01-01 11:28:51 [INFO    ] New session created — session_id=2705
2025-01-01 11:28:55 [WARNING ] Rate limit at 219% for IP 192.168.3257.730
2025-01-01 11:28:59 [INFO    ] New session created — session_id=7049
2025-01-01 11:29:05 [INFO    ] Request processed in 9211ms — endpoint /api/v1/data
2025-01-01 11:29:07 [INFO    ] Cache hit ratio at 4201% for the last 60 seconds
2025-01-01 11:29:15 [INFO    ] Config reloaded from disk — version=38
2025-01-01 11:29:24 [INFO    ] Scheduled job 'cleanup_temp_files' completed in 3088s
2025-01-01 11:29:29 [WARNING ] Rate limit at 1473% for IP 192.168.3682.8059
2025-01-01 11:29:37 [INFO    ] Database connection pool size: 6529/20
2025-01-01 11:29:44 [INFO    ] User login successful for user_id=3152
2025-01-01 11:29:49 [WARNING ] Disk usage at 9572% on volume /dev/sda1 — consider cleanup
2025-01-01 11:29:59 [DEBUG   ] SQL query executed: SELECT * FROM orders WHERE id=3125 (2637ms)
2025-01-01 11:30:04 [INFO    ] Request processed in 6164ms — endpoint /api/v1/data
2025-01-01 11:30:13 [INFO    ] Cache hit ratio at 4567% for the last 60 seconds
2025-01-01 11:30:19 [ERROR   ] HTTP 500 returned for request_id=2006 — internal server error
2025-01-01 11:30:22 [INFO    ] New session created — session_id=4178
2025-01-01 11:30:29 [ERROR   ] Unhandled exception in worker thread-2790: IndexError
2025-01-01 11:30:34 [INFO    ] Database connection pool size: 8089/20
2025-01-01 11:30:40 [INFO    ] New session created — session_id=7678
2025-01-01 11:30:49 [WARNING ] Memory usage at 1605MB — approaching soft limit of 512MB
2025-01-01 11:30:51 [DEBUG   ] SQL query executed: SELECT * FROM orders WHERE id=4433 (6259ms)
2025-01-01 11:30:55 [INFO    ] Config reloaded from disk — version=854
2025-01-01 11:31:05 [ERROR   ] Authentication token expired for user_id=598
2025-01-01 11:31:12 [WARNING ] Memory usage at 1268MB — approaching soft limit of 512MB
2025-01-01 11:31:20 [INFO    ] Scheduled job 'cleanup_temp_files' completed in 5989s
2025-01-01 11:31:29 [INFO    ] Scheduled job 'cleanup_temp_files' completed in 2177s
2025-01-01 11:31:39 [INFO    ] Database connection pool size: 4475/20
2025-01-01 11:31:48 [ERROR   ] File not found: /var/data/report_5111.csv
2025-01-01 11:31:52 [INFO    ] Database connection pool size: 8127/20
2025-01-01 11:32:01 [DEBUG   ] Lock acquired on resource 'invoice_4957' by thread-520
2025-01-01 11:32:10 [INFO    ] Request processed in 8380ms — endpoint /api/v1/data
2025-01-01 11:32:11 [INFO    ] Cache hit ratio at 5426% for the last 60 seconds
2025-01-01 11:32:15 [ERROR   ] NullPointerException in module payments.processor at line 3183
2025-01-01 11:32:19 [ERROR   ] Unhandled exception in worker thread-9726: IndexError
2025-01-01 11:32:23 [WARNING ] Deprecated API endpoint /v1/legacy called by client 2659
2025-01-01 11:32:33 [CRITICAL] Primary database unreachable — all writes failing, queue depth: 3068
2025-01-01 11:32:40 [ERROR   ] HTTP 500 returned for request_id=5925 — internal server error
2025-01-01 11:32:41 [ERROR   ] HTTP 500 returned for request_id=9634 — internal server error
2025-01-01 11:32:48 [INFO    ] User login successful for user_id=3411
2025-01-01 11:32:49 [INFO    ] Scheduled job 'cleanup_temp_files' completed in 1602s
2025-01-01 11:32:51 [INFO    ] New session created — session_id=35
2025-01-01 11:32:53 [ERROR   ] Failed to connect to database after 1525 retries — giving up
2025-01-01 11:32:54 [INFO    ] New session created — session_id=8152
2025-01-01 11:33:03 [INFO    ] Request processed in 8827ms — endpoint /api/v1/data
2025-01-01 11:33:06 [INFO    ] Database connection pool size: 9368/20
2025-01-01 11:33:13 [WARNING ] Rate limit at 2014% for IP 192.168.5613.6028
2025-01-01 11:33:16 [DEBUG   ] Serializing response object — 8826 fields found
2025-01-01 11:33:21 [INFO    ] User login successful for user_id=7495
2025-01-01 11:33:27 [ERROR   ] Unhandled exception in worker thread-2116: IndexError
2025-01-01 11:33:37 [INFO    ] Cache hit ratio at 7046% for the last 60 seconds
2025-01-01 11:33:47 [INFO    ] New session created — session_id=5468
2025-01-01 11:33:51 [ERROR   ] NullPointerException in module payments.processor at line 4147
2025-01-01 11:33:54 [ERROR   ] NullPointerException in module payments.processor at line 781
2025-01-01 11:33:56 [INFO    ] Config reloaded from disk — version=7537
2025-01-01 11:34:00 [INFO    ] Config reloaded from disk — version=2330
2025-01-01 11:34:10 [INFO    ] Request processed in 3612ms — endpoint /api/v1/data
2025-01-01 11:34:20 [INFO    ] Request processed in 9059ms — endpoint /api/v1/data
2025-01-01 11:34:29 [WARNING ] Rate limit at 6139% for IP 192.168.2956.9296
2025-01-01 11:34:33 [DEBUG   ] Entering function process_batch() with batch_size=805
2025-01-01 11:34:41 [INFO    ] Scheduled job 'cleanup_temp_files' completed in 5560s
2025-01-01 11:34:44 [WARNING ] Memory usage at 5243MB — approaching soft limit of 512MB
2025-01-01 11:34:53 [INFO    ] Request processed in 6746ms — endpoint /api/v1/data
2025-01-01 11:34:58 [DEBUG   ] SQL query executed: SELECT * FROM orders WHERE id=204 (3710ms)
2025-01-01 11:35:07 [INFO    ] Scheduled job 'cleanup_temp_files' completed in 8767s
2025-01-01 11:35:14 [ERROR   ] Unhandled exception in worker thread-952: IndexError
2025-01-01 11:35:24 [INFO    ] Cache hit ratio at 8699% for the last 60 seconds
2025-01-01 11:35:31 [ERROR   ] NullPointerException in module payments.processor at line 2
2025-01-01 11:35:35 [ERROR   ] Failed to connect to database after 9661 retries — giving up
2025-01-01 11:35:42 [INFO    ] Scheduled job 'cleanup_temp_files' completed in 5772s
2025-01-01 11:35:49 [INFO    ] Scheduled job 'cleanup_temp_files' completed in 1711s
2025-01-01 11:35:51 [WARNING ] Deprecated API endpoint /v1/legacy called by client 3234
2025-01-01 11:35:53 [INFO    ] Database connection pool size: 8569/20
2025-01-01 11:35:54 [ERROR   ] Authentication token expired for user_id=3167
2025-01-01 11:35:57 [WARNING ] Disk usage at 9608% on volume /dev/sda1 — consider cleanup
2025-01-01 11:36:03 [INFO    ] User login successful for user_id=549
2025-01-01 11:36:10 [INFO    ] Request processed in 4613ms — endpoint /api/v1/data
2025-01-01 11:36:12 [DEBUG   ] Serializing response object — 9709 fields found
2025-01-01 11:36:15 [ERROR   ] HTTP 500 returned for request_id=6393 — internal server error
2025-01-01 11:36:20 [ERROR   ] HTTP 500 returned for request_id=2999 — internal server error
2025-01-01 11:36:24 [INFO    ] New session created — session_id=8008
2025-01-01 11:36:26 [ERROR   ] File not found: /var/data/report_1312.csv
2025-01-01 11:36:30 [INFO    ] Cache hit ratio at 7114% for the last 60 seconds
2025-01-01 11:36:33 [WARNING ] Memory usage at 5941MB — approaching soft limit of 512MB
2025-01-01 11:36:40 [INFO    ] Scheduled job 'cleanup_temp_files' completed in 9960s
2025-01-01 11:36:45 [INFO    ] Scheduled job 'cleanup_temp_files' completed in 2844s
2025-01-01 11:36:51 [INFO    ] Scheduled job 'cleanup_temp_files' completed in 440s
2025-01-01 11:36:55 [INFO    ] New session created — session_id=3954
2025-01-01 11:37:01 [ERROR   ] Authentication token expired for user_id=7719
2025-01-01 11:37:09 [INFO    ] Config reloaded from disk — version=9087
2025-01-01 11:37:19 [ERROR   ] File not found: /var/data/report_9276.csv
2025-01-01 11:37:20 [CRITICAL] Primary database unreachable — all writes failing, queue depth: 4819
2025-01-01 11:37:22 [INFO    ] Scheduled job 'cleanup_temp_files' completed in 8606s
2025-01-01 11:37:23 [DEBUG   ] Serializing response object — 4761 fields found
2025-01-01 11:37:28 [INFO    ] New session created — session_id=6920
2025-01-01 11:37:37 [WARNING ] Memory usage at 2803MB — approaching soft limit of 512MB
2025-01-01 11:37:38 [INFO    ] Database connection pool size: 504/20
2025-01-01 11:37:48 [ERROR   ] Unhandled exception in worker thread-7291: IndexError
2025-01-01 11:37:57 [INFO    ] Request processed in 2029ms — endpoint /api/v1/data
2025-01-01 11:38:07 [INFO    ] Cache hit ratio at 7703% for the last 60 seconds
2025-01-01 11:38:09 [WARNING ] Memory usage at 2300MB — approaching soft limit of 512MB
2025-01-01 11:38:12 [INFO    ] User login successful for user_id=3771
2025-01-01 11:38:17 [DEBUG   ] Checkpoint reached at loop iteration 593
2025-01-01 11:38:25 [DEBUG   ] Entering function process_batch() with batch_size=473
2025-01-01 11:38:28 [INFO    ] User login successful for user_id=1650
2025-01-01 11:38:38 [INFO    ] Scheduled job 'cleanup_temp_files' completed in 5916s
2025-01-01 11:38:40 [ERROR   ] Unhandled exception in worker thread-9205: IndexError
2025-01-01 11:38:49 [WARNING ] Deprecated API endpoint /v1/legacy called by client 2030
2025-01-01 11:38:59 [WARNING ] Memory usage at 6820MB — approaching soft limit of 512MB
2025-01-01 11:39:01 [DEBUG   ] Serializing response object — 32 fields found
2025-01-01 11:39:06 [INFO    ] Scheduled job 'cleanup_temp_files' completed in 4413s
2025-01-01 11:39:14 [INFO    ] Cache hit ratio at 6276% for the last 60 seconds
2025-01-01 11:39:15 [INFO    ] Cache hit ratio at 2569% for the last 60 seconds
2025-01-01 11:39:25 [INFO    ] Scheduled job 'cleanup_temp_files' completed in 2891s
2025-01-01 11:39:30 [INFO    ] User login successful for user_id=2023
2025-01-01 11:39:34 [CRITICAL] Primary database unreachable — all writes failing, queue depth: 9802
2025-01-01 11:39:41 [INFO    ] Scheduled job 'cleanup_temp_files' completed in 3410s
2025-01-01 11:39:45 [INFO    ] Request processed in 4590ms — endpoint /api/v1/data
2025-01-01 11:39:52 [INFO    ] Cache hit ratio at 8629% for the last 60 seconds
2025-01-01 11:39:56 [DEBUG   ] Entering function process_batch() with batch_size=7421
2025-01-01 11:40:03 [INFO    ] New session created — session_id=1259
2025-01-01 11:40:10 [INFO    ] Request processed in 1967ms — endpoint /api/v1/data
2025-01-01 11:40:15 [DEBUG   ] Checkpoint reached at loop iteration 3974
2025-01-01 11:40:23 [INFO    ] Request processed in 1685ms — endpoint /api/v1/data
2025-01-01 11:40:31 [DEBUG   ] Lock acquired on resource 'invoice_2568' by thread-4216
2025-01-01 11:40:41 [WARNING ] Rate limit at 8290% for IP 192.168.1103.5746
2025-01-01 11:40:47 [INFO    ] Cache hit ratio at 4433% for the last 60 seconds
2025-01-01 11:40:49 [ERROR   ] File not found: /var/data/report_4904.csv
2025-01-01 11:40:58 [DEBUG   ] Cache miss for key='user_profile_5658' — fetching from DB
2025-01-01 11:41:04 [INFO    ] Request processed in 8277ms — endpoint /api/v1/data
2025-01-01 11:41:09 [ERROR   ] Authentication token expired for user_id=9133
2025-01-01 11:41:19 [WARNING ] Disk usage at 2918% on volume /dev/sda1 — consider cleanup
2025-01-01 11:41:22 [DEBUG   ] Serializing response object — 5217 fields found
2025-01-01 11:41:31 [INFO    ] New session created — session_id=1632
2025-01-01 11:41:40 [INFO    ] Request processed in 753ms — endpoint /api/v1/data
2025-01-01 11:41:50 [INFO    ] User login successful for user_id=4828
2025-01-01 11:41:58 [CRITICAL] SSL certificate expires in 6871 hours — immediate action required
2025-01-01 11:42:05 [ERROR   ] Authentication token expired for user_id=2287
2025-01-01 11:42:12 [INFO    ] User login successful for user_id=89
2025-01-01 11:42:21 [INFO    ] Scheduled job 'cleanup_temp_files' completed in 3329s
2025-01-01 11:42:31 [DEBUG   ] Checkpoint reached at loop iteration 4999
2025-01-01 11:42:35 [INFO    ] User login successful for user_id=6481
2025-01-01 11:42:44 [DEBUG   ] SQL query executed: SELECT * FROM orders WHERE id=1498 (7042ms)
2025-01-01 11:42:50 [DEBUG   ] Checkpoint reached at loop iteration 2840
2025-01-01 11:42:58 [WARNING ] Rate limit at 528% for IP 192.168.1958.6765
2025-01-01 11:43:08 [ERROR   ] Unhandled exception in worker thread-7497: IndexError
2025-01-01 11:43:11 [INFO    ] Database connection pool size: 1673/20
2025-01-01 11:43:12 [INFO    ] Config reloaded from disk — version=2686
2025-01-01 11:43:22 [INFO    ] Config reloaded from disk — version=5383
2025-01-01 11:43:26 [INFO    ] Request processed in 4700ms — endpoint /api/v1/data
2025-01-01 11:43:32 [INFO    ] Cache hit ratio at 1301% for the last 60 seconds
2025-01-01 11:43:38 [INFO    ] New session created — session_id=305
2025-01-01 11:43:41 [INFO    ] Database connection pool size: 3373/20
2025-01-01 11:43:50 [INFO    ] Request processed in 9138ms — endpoint /api/v1/data
2025-01-01 11:43:51 [INFO    ] New session created — session_id=143
2025-01-01 11:43:53 [INFO    ] Scheduled job 'cleanup_temp_files' completed in 2215s
2025-01-01 11:43:54 [INFO    ] Request processed in 5160ms — endpoint /api/v1/data
2025-01-01 11:43:59 [WARNING ] Memory usage at 3904MB — approaching soft limit of 512MB
2025-01-01 11:44:04 [DEBUG   ] Lock acquired on resource 'invoice_183' by thread-6046
2025-01-01 11:44:13 [INFO    ] User login successful for user_id=3752
2025-01-01 11:44:22 [INFO    ] Cache hit ratio at 9452% for the last 60 seconds
2025-01-01 11:44:25 [DEBUG   ] Cache miss for key='user_profile_7823' — fetching from DB
2025-01-01 11:44:33 [INFO    ] User login successful for user_id=8158
2025-01-01 11:44:42 [INFO    ] Config reloaded from disk — version=7637
2025-01-01 11:44:49 [ERROR   ] NullPointerException in module payments.processor at line 8933
2025-01-01 11:44:59 [INFO    ] Database connection pool size: 3196/20
2025-01-01 11:45:00 [WARNING ] Deprecated API endpoint /v1/legacy called by client 9458
2025-01-01 11:45:02 [WARNING ] Retry attempt 6329 of 3 for downstream service call
2025-01-01 11:45:11 [INFO    ] Request processed in 9493ms — endpoint /api/v1/data
2025-01-01 11:45:14 [WARNING ] Response time exceeded threshold: 7158ms (limit: 500ms)
2025-01-01 11:45:22 [WARNING ] Disk usage at 8731% on volume /dev/sda1 — consider cleanup
2025-01-01 11:45:26 [WARNING ] Rate limit at 2711% for IP 192.168.2190.9943
2025-01-01 11:45:31 [WARNING ] Deprecated API endpoint /v1/legacy called by client 315
2025-01-01 11:45:40 [WARNING ] Deprecated API endpoint /v1/legacy called by client 807
2025-01-01 11:45:50 [CRITICAL] Primary database unreachable — all writes failing, queue depth: 7729
2025-01-01 11:45:57 [INFO    ] New session created — session_id=5704
2025-01-01 11:46:01 [WARNING ] Memory usage at 3731MB — approaching soft limit of 512MB
2025-01-01 11:46:04 [INFO    ] Config reloaded from disk — version=9583
2025-01-01 11:46:06 [INFO    ] New session created — session_id=4128
2025-01-01 11:46:07 [INFO    ] Config reloaded from disk — version=7536
2025-01-01 11:46:16 [ERROR   ] Authentication token expired for user_id=6422
2025-01-01 11:46:22 [INFO    ] Database connection pool size: 3422/20
2025-01-01 11:46:23 [ERROR   ] Authentication token expired for user_id=1892
2025-01-01 11:46:28 [ERROR   ] Authentication token expired for user_id=4171
2025-01-01 11:46:36 [WARNING ] Deprecated API endpoint /v1/legacy called by client 9048
2025-01-01 11:46:43 [INFO    ] Cache hit ratio at 1252% for the last 60 seconds
2025-01-01 11:46:51 [ERROR   ] File not found: /var/data/report_4090.csv
2025-01-01 11:46:54 [INFO    ] Request processed in 4662ms — endpoint /api/v1/data
2025-01-01 11:47:04 [INFO    ] Config reloaded from disk — version=5509
2025-01-01 11:47:13 [WARNING ] Disk usage at 4748% on volume /dev/sda1 — consider cleanup
2025-01-01 11:47:23 [WARNING ] Disk usage at 3622% on volume /dev/sda1 — consider cleanup
2025-01-01 11:47:27 [ERROR   ] Unhandled exception in worker thread-1872: IndexError
2025-01-01 11:47:35 [INFO    ] New session created — session_id=5628
2025-01-01 11:47:44 [WARNING ] Response time exceeded threshold: 8277ms (limit: 500ms)
2025-01-01 11:47:49 [WARNING ] Response time exceeded threshold: 6954ms (limit: 500ms)
2025-01-01 11:47:53 [WARNING ] Retry attempt 4260 of 3 for downstream service call
2025-01-01 11:48:03 [INFO    ] New session created — session_id=7073
2025-01-01 11:48:04 [ERROR   ] Authentication token expired for user_id=7498
2025-01-01 11:48:14 [INFO    ] Request processed in 4865ms — endpoint /api/v1/data
2025-01-01 11:48:20 [INFO    ] User login successful for user_id=2168
2025-01-01 11:48:22 [INFO    ] Cache hit ratio at 3436% for the last 60 seconds
2025-01-01 11:48:26 [DEBUG   ] Cache miss for key='user_profile_5198' — fetching from DB
2025-01-01 11:48:33 [INFO    ] Cache hit ratio at 9644% for the last 60 seconds
2025-01-01 11:48:37 [WARNING ] Rate limit at 872% for IP 192.168.1917.1548
2025-01-01 11:48:42 [INFO    ] Config reloaded from disk — version=3794
2025-01-01 11:48:47 [CRITICAL] SYSTEM SHUTDOWN INITIATED — out of memory (used: 4319MB / 512MB)
2025-01-01 11:48:49 [INFO    ] User login successful for user_id=3603
2025-01-01 11:48:51 [ERROR   ] Unhandled exception in worker thread-2863: IndexError
2025-01-01 11:48:57 [ERROR   ] Authentication token expired for user_id=7980
2025-01-01 11:49:00 [DEBUG   ] Checkpoint reached at loop iteration 8356
2025-01-01 11:49:08 [INFO    ] Database connection pool size: 2110/20
2025-01-01 11:49:12 [WARNING ] Disk usage at 9383% on volume /dev/sda1 — consider cleanup
2025-01-01 11:49:14 [DEBUG   ] Entering function process_batch() with batch_size=6017
2025-01-01 11:49:18 [ERROR   ] NullPointerException in module payments.processor at line 7505
2025-01-01 11:49:19 [DEBUG   ] Lock acquired on resource 'invoice_6458' by thread-4348
2025-01-01 11:49:22 [ERROR   ] Unhandled exception in worker thread-6967: IndexError
2025-01-01 11:49:23 [ERROR   ] HTTP 500 returned for request_id=1663 — internal server error
2025-01-01 11:49:25 [WARNING ] Rate limit at 4305% for IP 192.168.5569.7222
2025-01-01 11:49:29 [INFO    ] Scheduled job 'cleanup_temp_files' completed in 1957s
2025-01-01 11:49:37 [WARNING ] Rate limit at 5969% for IP 192.168.2447.9281
2025-01-01 11:49:45 [ERROR   ] Failed to connect to database after 9343 retries — giving up
2025-01-01 11:49:53 [INFO    ] Config reloaded from disk — version=800
2025-01-01 11:50:02 [WARNING ] Disk usage at 1207% on volume /dev/sda1 — consider cleanup
2025-01-01 11:50:09 [INFO    ] Request processed in 9247ms — endpoint /api/v1/data
2025-01-01 11:50:12 [INFO    ] New session created — session_id=1153
2025-01-01 11:50:21 [INFO    ] Cache hit ratio at 7802% for the last 60 seconds
2025-01-01 11:50:30 [ERROR   ] NullPointerException in module payments.processor at line 9137
2025-01-01 11:50:33 [CRITICAL] SSL certificate expires in 2890 hours — immediate action required
2025-01-01 11:50:40 [INFO    ] Database connection pool size: 1451/20
2025-01-01 11:50:44 [WARNING ] Memory usage at 854MB — approaching soft limit of 512MB
2025-01-01 11:50:53 [INFO    ] Cache hit ratio at 3686% for the last 60 seconds
2025-01-01 11:50:54 [ERROR   ] Failed to connect to database after 1167 retries — giving up
2025-01-01 11:51:00 [WARNING ] Memory usage at 4367MB — approaching soft limit of 512MB
2025-01-01 11:51:06 [DEBUG   ] SQL query executed: SELECT * FROM orders WHERE id=794 (2471ms)
2025-01-01 11:51:07 [INFO    ] Database connection pool size: 5863/20
2025-01-01 11:51:15 [ERROR   ] Authentication token expired for user_id=3620
2025-01-01 11:51:19 [INFO    ] User login successful for user_id=79
2025-01-01 11:51:21 [WARNING ] Response time exceeded threshold: 9793ms (limit: 500ms)
2025-01-01 11:51:27 [ERROR   ] File not found: /var/data/report_5487.csv
2025-01-01 11:51:29 [INFO    ] Database connection pool size: 7056/20
2025-01-01 11:51:38 [ERROR   ] Failed to connect to database after 607 retries — giving up
2025-01-01 11:51:45 [INFO    ] Database connection pool size: 917/20
2025-01-01 11:51:50 [INFO    ] New session created — session_id=1033
2025-01-01 11:51:56 [WARNING ] Rate limit at 5918% for IP 192.168.3040.3404
2025-01-01 11:52:06 [INFO    ] Config reloaded from disk — version=2455
2025-01-01 11:52:08 [CRITICAL] Security breach detected: 6958 failed login attempts from IP 10.0.9144.1633
2025-01-01 11:52:14 [INFO    ] Request processed in 5422ms — endpoint /api/v1/data
2025-01-01 11:52:22 [INFO    ] New session created — session_id=2649
2025-01-01 11:52:32 [WARNING ] Memory usage at 5960MB — approaching soft limit of 512MB
2025-01-01 11:52:35 [INFO    ] Cache hit ratio at 4268% for the last 60 seconds
2025-01-01 11:52:40 [WARNING ] Response time exceeded threshold: 9230ms (limit: 500ms)
2025-01-01 11:52:41 [INFO    ] User login successful for user_id=7754
2025-01-01 11:52:49 [DEBUG   ] Cache miss for key='user_profile_9597' — fetching from DB
2025-01-01 11:52:57 [INFO    ] New session created — session_id=3314
2025-01-01 11:53:05 [ERROR   ] Authentication token expired for user_id=8073
2025-01-01 11:53:10 [INFO    ] Request processed in 3797ms — endpoint /api/v1/data
2025-01-01 11:53:15 [INFO    ] Request processed in 5132ms — endpoint /api/v1/data
2025-01-01 11:53:18 [WARNING ] Disk usage at 3003% on volume /dev/sda1 — consider cleanup
2025-01-01 11:53:24 [INFO    ] Cache hit ratio at 9888% for the last 60 seconds
2025-01-01 11:53:34 [ERROR   ] Unhandled exception in worker thread-6549: IndexError
2025-01-01 11:53:37 [DEBUG   ] Lock acquired on resource 'invoice_5011' by thread-4586
2025-01-01 11:53:42 [WARNING ] Retry attempt 8285 of 3 for downstream service call
2025-01-01 11:53:47 [INFO    ] Cache hit ratio at 5475% for the last 60 seconds
2025-01-01 11:53:49 [INFO    ] Config reloaded from disk — version=6800
2025-01-01 11:53:55 [INFO    ] Config reloaded from disk — version=5859
2025-01-01 11:53:59 [WARNING ] Retry attempt 2279 of 3 for downstream service call
2025-01-01 11:54:05 [INFO    ] Config reloaded from disk — version=8788
2025-01-01 11:54:11 [INFO    ] Cache hit ratio at 4270% for the last 60 seconds
2025-01-01 11:54:13 [INFO    ] Scheduled job 'cleanup_temp_files' completed in 4507s
2025-01-01 11:54:16 [WARNING ] Memory usage at 9784MB — approaching soft limit of 512MB
2025-01-01 11:54:20 [DEBUG   ] Serializing response object — 4902 fields found
2025-01-01 11:54:27 [INFO    ] Scheduled job 'cleanup_temp_files' completed in 8418s
2025-01-01 11:54:30 [DEBUG   ] Cache miss for key='user_profile_6598' — fetching from DB
2025-01-01 11:54:40 [INFO    ] New session created — session_id=1065
2025-01-01 11:54:48 [ERROR   ] NullPointerException in module payments.processor at line 1792
2025-01-01 11:54:49 [INFO    ] User login successful for user_id=9944
2025-01-01 11:54:53 [INFO    ] New session created — session_id=2371
2025-01-01 11:54:56 [DEBUG   ] Entering function process_batch() with batch_size=4376
2025-01-01 11:54:57 [INFO    ] New session created — session_id=8987
2025-01-01 11:54:59 [INFO    ] Scheduled job 'cleanup_temp_files' completed in 6912s
2025-01-01 11:55:08 [WARNING ] Response time exceeded threshold: 3206ms (limit: 500ms)
2025-01-01 11:55:14 [CRITICAL] Primary database unreachable — all writes failing, queue depth: 7131
2025-01-01 11:55:20 [INFO    ] User login successful for user_id=730
2025-01-01 11:55:23 [INFO    ] Request processed in 6359ms — endpoint /api/v1/data
2025-01-01 11:55:26 [INFO    ] Scheduled job 'cleanup_temp_files' completed in 7488s
2025-01-01 11:55:33 [WARNING ] Disk usage at 3056% on volume /dev/sda1 — consider cleanup
2025-01-01 11:55:34 [INFO    ] User login successful for user_id=5452
2025-01-01 11:55:36 [DEBUG   ] Lock acquired on resource 'invoice_7044' by thread-3581
2025-01-01 11:55:43 [CRITICAL] SSL certificate expires in 5144 hours — immediate action required
2025-01-01 11:55:46 [INFO    ] Scheduled job 'cleanup_temp_files' completed in 9939s
2025-01-01 11:55:48 [ERROR   ] Failed to connect to database after 7432 retries — giving up
2025-01-01 11:55:57 [ERROR   ] NullPointerException in module payments.processor at line 7120
2025-01-01 11:56:07 [INFO    ] New session created — session_id=7701
2025-01-01 11:56:14 [INFO    ] Config reloaded from disk — version=9556
2025-01-01 11:56:20 [WARNING ] Response time exceeded threshold: 6733ms (limit: 500ms)
2025-01-01 11:56:28 [WARNING ] Memory usage at 1664MB — approaching soft limit of 512MB
2025-01-01 11:56:35 [ERROR   ] Failed to connect to database after 3380 retries — giving up
2025-01-01 11:56:44 [ERROR   ] Unhandled exception in worker thread-5795: IndexError
2025-01-01 11:56:50 [INFO    ] Cache hit ratio at 7181% for the last 60 seconds
2025-01-01 11:56:51 [INFO    ] New session created — session_id=8260
2025-01-01 11:56:53 [INFO    ] Request processed in 7700ms — endpoint /api/v1/data
2025-01-01 11:57:02 [INFO    ] Scheduled job 'cleanup_temp_files' completed in 8287s
2025-01-01 11:57:03 [INFO    ] User login successful for user_id=6979
2025-01-01 11:57:11 [INFO    ] Request processed in 1193ms — endpoint /api/v1/data
2025-01-01 11:57:17 [INFO    ] User login successful for user_id=5564
2025-01-01 11:57:19 [WARNING ] Response time exceeded threshold: 5600ms (limit: 500ms)
2025-01-01 11:57:29 [DEBUG   ] SQL query executed: SELECT * FROM orders WHERE id=8087 (37ms)
2025-01-01 11:57:36 [INFO    ] Request processed in 763ms — endpoint /api/v1/data
2025-01-01 11:57:41 [ERROR   ] NullPointerException in module payments.processor at line 7699
2025-01-01 11:57:45 [WARNING ] Disk usage at 3372% on volume /dev/sda1 — consider cleanup
2025-01-01 11:57:54 [INFO    ] Config reloaded from disk — version=528
2025-01-01 11:57:57 [WARNING ] Retry attempt 4349 of 3 for downstream service call
2025-01-01 11:57:58 [INFO    ] Database connection pool size: 4084/20
2025-01-01 11:58:08 [INFO    ] Cache hit ratio at 4262% for the last 60 seconds
2025-01-01 11:58:18 [DEBUG   ] Serializing response object — 3351 fields found
2025-01-01 11:58:26 [WARNING ] Response time exceeded threshold: 2826ms (limit: 500ms)
2025-01-01 11:58:35 [INFO    ] Request processed in 928ms — endpoint /api/v1/data
2025-01-01 11:58:41 [INFO    ] Cache hit ratio at 6348% for the last 60 seconds
2025-01-01 11:58:45 [WARNING ] Retry attempt 4377 of 3 for downstream service call
2025-01-01 11:58:52 [INFO    ] Scheduled job 'cleanup_temp_files' completed in 6734s
2025-01-01 11:58:58 [INFO    ] Config reloaded from disk — version=2037
2025-01-01 11:59:03 [WARNING ] Disk usage at 8334% on volume /dev/sda1 — consider cleanup
2025-01-01 11:59:11 [WARNING ] Memory usage at 9000MB — approaching soft limit of 512MB
2025-01-01 11:59:16 [CRITICAL] Primary database unreachable — all writes failing, queue depth: 2378
2025-01-01 11:59:26 [INFO    ] User login successful for user_id=7560
2025-01-01 11:59:27 [INFO    ] Request processed in 4925ms — endpoint /api/v1/data
2025-01-01 11:59:28 [INFO    ] Scheduled job 'cleanup_temp_files' completed in 6098s
2025-01-01 11:59:34 [DEBUG   ] Serializing response object — 2547 fields found
2025-01-01 11:59:39 [INFO    ] Config reloaded from disk — version=2049
2025-01-01 11:59:49 [ERROR   ] Unhandled exception in worker thread-6337: IndexError
2025-01-01 11:59:50 [WARNING ] Deprecated API endpoint /v1/legacy called by client 4295
2025-01-01 12:00:00 [ERROR   ] Authentication token expired for user_id=3258
2025-01-01 12:00:06 [INFO    ] Cache hit ratio at 2844% for the last 60 seconds
2025-01-01 12:00:12 [INFO    ] Request processed in 8748ms — endpoint /api/v1/data
2025-01-01 12:00:16 [ERROR   ] NullPointerException in module payments.processor at line 6854
2025-01-01 12:00:19 [INFO    ] New session created — session_id=3618
2025-01-01 12:00:21 [INFO    ] New session created — session_id=7327
2025-01-01 12:00:22 [DEBUG   ] Checkpoint reached at loop iteration 1812
2025-01-01 12:00:26 [ERROR   ] Unhandled exception in worker thread-2562: IndexError
2025-01-01 12:00:27 [ERROR   ] File not found: /var/data/report_2529.csv
2025-01-01 12:00:35 [INFO    ] New session created — session_id=8755
2025-01-01 12:00:42 [INFO    ] Database connection pool size: 6716/20
2025-01-01 12:00:52 [DEBUG   ] Checkpoint reached at loop iteration 7029
2025-01-01 12:00:54 [ERROR   ] HTTP 500 returned for request_id=4159 — internal server error
2025-01-01 12:01:03 [WARNING ] Deprecated API endpoint /v1/legacy called by client 2531
2025-01-01 12:01:05 [ERROR   ] HTTP 500 returned for request_id=2743 — internal server error
2025-01-01 12:01:14 [INFO    ] New session created — session_id=9703
2025-01-01 12:01:23 [WARNING ] Rate limit at 4310% for IP 192.168.2063.9250
2025-01-01 12:01:24 [WARNING ] Deprecated API endpoint /v1/legacy called by client 2770
2025-01-01 12:01:27 [INFO    ] Scheduled job 'cleanup_temp_files' completed in 1744s
2025-01-01 12:01:31 [INFO    ] Cache hit ratio at 1201% for the last 60 seconds
2025-01-01 12:01:35 [INFO    ] Config reloaded from disk — version=9069
2025-01-01 12:01:38 [INFO    ] Config reloaded from disk — version=1205
2025-01-01 12:01:44 [INFO    ] Config reloaded from disk — version=7972
2025-01-01 12:01:46 [ERROR   ] Failed to connect to database after 1347 retries — giving up
2025-01-01 12:01:52 [INFO    ] New session created — session_id=9613
2025-01-01 12:02:00 [INFO    ] Request processed in 5060ms — endpoint /api/v1/data
2025-01-01 12:02:05 [INFO    ] Cache hit ratio at 3624% for the last 60 seconds
2025-01-01 12:02:13 [WARNING ] Deprecated API endpoint /v1/legacy called by client 6701
2025-01-01 12:02:21 [DEBUG   ] Lock acquired on resource 'invoice_9327' by thread-58
2025-01-01 12:02:26 [WARNING ] Retry attempt 8942 of 3 for downstream service call
2025-01-01 12:02:29 [WARNING ] Memory usage at 2528MB — approaching soft limit of 512MB
2025-01-01 12:02:35 [INFO    ] Request processed in 7138ms — endpoint /api/v1/data
2025-01-01 12:02:38 [INFO    ] User login successful for user_id=9179
2025-01-01 12:02:44 [INFO    ] Request processed in 9512ms — endpoint /api/v1/data
2025-01-01 12:02:51 [INFO    ] User login successful for user_id=9019
2025-01-01 12:02:52 [ERROR   ] Unhandled exception in worker thread-8365: IndexError
2025-01-01 12:03:01 [DEBUG   ] Entering function process_batch() with batch_size=9079
2025-01-01 12:03:09 [WARNING ] Memory usage at 6808MB — approaching soft limit of 512MB
2025-01-01 12:03:12 [WARNING ] Rate limit at 3362% for IP 192.168.6991.5865
2025-01-01 12:03:22 [INFO    ] Request processed in 539ms — endpoint /api/v1/data
2025-01-01 12:03:29 [INFO    ] Database connection pool size: 4605/20
2025-01-01 12:03:36 [WARNING ] Disk usage at 8807% on volume /dev/sda1 — consider cleanup
2025-01-01 12:03:39 [INFO    ] Config reloaded from disk — version=621
2025-01-01 12:03:44 [CRITICAL] SYSTEM SHUTDOWN INITIATED — out of memory (used: 8038MB / 512MB)
2025-01-01 12:03:49 [ERROR   ] NullPointerException in module payments.processor at line 1931
2025-01-01 12:03:53 [ERROR   ] NullPointerException in module payments.processor at line 6602
2025-01-01 12:04:00 [ERROR   ] Failed to connect to database after 1668 retries — giving up
2025-01-01 12:04:02 [WARNING ] Memory usage at 135MB — approaching soft limit of 512MB
2025-01-01 12:04:06 [INFO    ] Database connection pool size: 294/20
2025-01-01 12:04:07 [INFO    ] User login successful for user_id=9432
2025-01-01 12:04:17 [INFO    ] Scheduled job 'cleanup_temp_files' completed in 4900s
2025-01-01 12:04:22 [INFO    ] User login successful for user_id=6843
2025-01-01 12:04:26 [INFO    ] New session created — session_id=3298
2025-01-01 12:04:35 [ERROR   ] Authentication token expired for user_id=5947
2025-01-01 12:04:43 [INFO    ] Database connection pool size: 3655/20
2025-01-01 12:04:50 [INFO    ] Request processed in 9131ms — endpoint /api/v1/data
2025-01-01 12:04:58 [INFO    ] New session created — session_id=9707
2025-01-01 12:05:07 [DEBUG   ] Serializing response object — 3650 fields found
2025-01-01 12:05:14 [INFO    ] New session created — session_id=3999
2025-01-01 12:05:20 [INFO    ] New session created — session_id=2641
2025-01-01 12:05:26 [ERROR   ] HTTP 500 returned for request_id=4856 — internal server error
2025-01-01 12:05:28 [DEBUG   ] Checkpoint reached at loop iteration 675
2025-01-01 12:05:35 [INFO    ] Cache hit ratio at 6397% for the last 60 seconds
2025-01-01 12:05:42 [ERROR   ] NullPointerException in module payments.processor at line 6595
2025-01-01 12:05:46 [WARNING ] Deprecated API endpoint /v1/legacy called by client 9920
2025-01-01 12:05:49 [INFO    ] New session created — session_id=5334
2025-01-01 12:05:55 [DEBUG   ] Cache miss for key='user_profile_5876' — fetching from DB
2025-01-01 12:05:58 [INFO    ] Scheduled job 'cleanup_temp_files' completed in 4365s
2025-01-01 12:06:06 [WARNING ] Memory usage at 2084MB — approaching soft limit of 512MB
2025-01-01 12:06:12 [INFO    ] Config reloaded from disk — version=7036
2025-01-01 12:06:16 [WARNING ] Deprecated API endpoint /v1/legacy called by client 3330
2025-01-01 12:06:17 [INFO    ] Database connection pool size: 6304/20
2025-01-01 12:06:26 [WARNING ] Retry attempt 3446 of 3 for downstream service call
2025-01-01 12:06:30 [INFO    ] Cache hit ratio at 3812% for the last 60 seconds
2025-01-01 12:06:34 [DEBUG   ] Serializing response object — 9241 fields found
2025-01-01 12:06:37 [INFO    ] Cache hit ratio at 7881% for the last 60 seconds
2025-01-01 12:06:46 [ERROR   ] Failed to connect to database after 464 retries — giving up
2025-01-01 12:06:53 [ERROR   ] Unhandled exception in worker thread-1193: IndexError
2025-01-01 12:07:01 [INFO    ] Cache hit ratio at 4590% for the last 60 seconds
2025-01-01 12:07:09 [INFO    ] Database connection pool size: 9512/20
2025-01-01 12:07:15 [DEBUG   ] Lock acquired on resource 'invoice_3284' by thread-8696
2025-01-01 12:07:24 [WARNING ] Rate limit at 958% for IP 192.168.3333.3848
2025-01-01 12:07:33 [INFO    ] Database connection pool size: 5731/20
2025-01-01 12:07:43 [INFO    ] Request processed in 2006ms — endpoint /api/v1/data
2025-01-01 12:07:46 [DEBUG   ] Entering function process_batch() with batch_size=3958
2025-01-01 12:07:55 [INFO    ] Cache hit ratio at 1036% for the last 60 seconds
2025-01-01 12:08:01 [INFO    ] Database connection pool size: 9687/20
2025-01-01 12:08:09 [INFO    ] Cache hit ratio at 364% for the last 60 seconds
2025-01-01 12:08:18 [WARNING ] Response time exceeded threshold: 4566ms (limit: 500ms)
2025-01-01 12:08:23 [INFO    ] Cache hit ratio at 2276% for the last 60 seconds
2025-01-01 12:08:33 [INFO    ] User login successful for user_id=2590
2025-01-01 12:08:38 [INFO    ] Request processed in 8565ms — endpoint /api/v1/data
2025-01-01 12:08:39 [WARNING ] Response time exceeded threshold: 976ms (limit: 500ms)
2025-01-01 12:08:42 [INFO    ] User login successful for user_id=6284
2025-01-01 12:08:47 [DEBUG   ] Cache miss for key='user_profile_4472' — fetching from DB
2025-01-01 12:08:52 [WARNING ] Retry attempt 6868 of 3 for downstream service call
2025-01-01 12:08:57 [CRITICAL] Security breach detected: 6485 failed login attempts from IP 10.0.1452.2789
2025-01-01 12:09:02 [DEBUG   ] SQL query executed: SELECT * FROM orders WHERE id=2573 (8602ms)
2025-01-01 12:09:04 [INFO    ] Request processed in 6346ms — endpoint /api/v1/data
2025-01-01 12:09:13 [WARNING ] Disk usage at 4661% on volume /dev/sda1 — consider cleanup
2025-01-01 12:09:16 [INFO    ] Request processed in 1002ms — endpoint /api/v1/data
2025-01-01 12:09:17 [WARNING ] Memory usage at 6018MB — approaching soft limit of 512MB
2025-01-01 12:09:19 [WARNING ] Rate limit at 9669% for IP 192.168.5117.1436
2025-01-01 12:09:23 [WARNING ] Deprecated API endpoint /v1/legacy called by client 3618
2025-01-01 12:09:31 [ERROR   ] Authentication token expired for user_id=9446
2025-01-01 12:09:32 [DEBUG   ] Serializing response object — 3465 fields found
2025-01-01 12:09:38 [ERROR   ] NullPointerException in module payments.processor at line 7793
2025-01-01 12:09:40 [INFO    ] Request processed in 5062ms — endpoint /api/v1/data
2025-01-01 12:09:42 [ERROR   ] File not found: /var/data/report_2142.csv
2025-01-01 12:09:47 [INFO    ] New session created — session_id=5684
2025-01-01 12:09:50 [INFO    ] Cache hit ratio at 4303% for the last 60 seconds
2025-01-01 12:09:51 [ERROR   ] Authentication token expired for user_id=4452
2025-01-01 12:09:53 [INFO    ] Scheduled job 'cleanup_temp_files' completed in 9741s
2025-01-01 12:09:54 [WARNING ] Memory usage at 4993MB — approaching soft limit of 512MB
2025-01-01 12:09:55 [INFO    ] Database connection pool size: 3059/20
2025-01-01 12:10:03 [INFO    ] Cache hit ratio at 8411% for the last 60 seconds
2025-01-01 12:10:07 [INFO    ] Cache hit ratio at 9078% for the last 60 seconds
2025-01-01 12:10:15 [WARNING ] Response time exceeded threshold: 1485ms (limit: 500ms)
2025-01-01 12:10:25 [ERROR   ] Authentication token expired for user_id=7490
2025-01-01 12:10:35 [INFO    ] User login successful for user_id=1775
2025-01-01 12:10:40 [INFO    ] Cache hit ratio at 8895% for the last 60 seconds
2025-01-01 12:10:50 [INFO    ] Database connection pool size: 4774/20
2025-01-01 12:10:58 [INFO    ] New session created — session_id=6892
2025-01-01 12:11:03 [INFO    ] Request processed in 3787ms — endpoint /api/v1/data
2025-01-01 12:11:06 [WARNING ] Retry attempt 4942 of 3 for downstream service call
2025-01-01 12:11:14 [WARNING ] Deprecated API endpoint /v1/legacy called by client 5861
2025-01-01 12:11:17 [WARNING ] Response time exceeded threshold: 5792ms (limit: 500ms)
2025-01-01 12:11:19 [INFO    ] Cache hit ratio at 5396% for the last 60 seconds
2025-01-01 12:11:27 [WARNING ] Response time exceeded threshold: 7084ms (limit: 500ms)
2025-01-01 12:11:28 [WARNING ] Disk usage at 8769% on volume /dev/sda1 — consider cleanup
2025-01-01 12:11:29 [INFO    ] New session created — session_id=5273
2025-01-01 12:11:33 [WARNING ] Retry attempt 5323 of 3 for downstream service call
2025-01-01 12:11:36 [INFO    ] Config reloaded from disk — version=6713
2025-01-01 12:11:45 [INFO    ] Cache hit ratio at 7515% for the last 60 seconds
2025-01-01 12:11:50 [INFO    ] Cache hit ratio at 3946% for the last 60 seconds
2025-01-01 12:11:54 [INFO    ] Request processed in 5034ms — endpoint /api/v1/data
2025-01-01 12:11:59 [INFO    ] Database connection pool size: 6510/20
2025-01-01 12:12:02 [INFO    ] Scheduled job 'cleanup_temp_files' completed in 7248s
2025-01-01 12:12:12 [INFO    ] Scheduled job 'cleanup_temp_files' completed in 5451s
2025-01-01 12:12:18 [INFO    ] Config reloaded from disk — version=954
2025-01-01 12:12:28 [INFO    ] Config reloaded from disk — version=8305
2025-01-01 12:12:37 [WARNING ] Retry attempt 7375 of 3 for downstream service call
2025-01-01 12:12:39 [WARNING ] Deprecated API endpoint /v1/legacy called by client 3266
2025-01-01 12:12:42 [INFO    ] Database connection pool size: 1040/20
2025-01-01 12:12:44 [WARNING ] Deprecated API endpoint /v1/legacy called by client 9498
2025-01-01 12:12:45 [INFO    ] Request processed in 4781ms — endpoint /api/v1/data
2025-01-01 12:12:53 [INFO    ] New session created — session_id=8136
2025-01-01 12:12:59 [WARNING ] Retry attempt 9904 of 3 for downstream service call
2025-01-01 12:13:00 [INFO    ] Request processed in 4273ms — endpoint /api/v1/data
2025-01-01 12:13:09 [ERROR   ] Unhandled exception in worker thread-122: IndexError
2025-01-01 12:13:10 [DEBUG   ] Cache miss for key='user_profile_4257' — fetching from DB
2025-01-01 12:13:12 [INFO    ] Scheduled job 'cleanup_temp_files' completed in 5449s
2025-01-01 12:13:21 [INFO    ] Scheduled job 'cleanup_temp_files' completed in 7937s
2025-01-01 12:13:24 [ERROR   ] Authentication token expired for user_id=34
2025-01-01 12:13:32 [DEBUG   ] Lock acquired on resource 'invoice_6658' by thread-8742
2025-01-01 12:13:41 [INFO    ] User login successful for user_id=7499
2025-01-01 12:13:50 [WARNING ] Retry attempt 7740 of 3 for downstream service call
2025-01-01 12:14:00 [WARNING ] Rate limit at 5751% for IP 192.168.2499.5647
2025-01-01 12:14:06 [DEBUG   ] Cache miss for key='user_profile_5936' — fetching from DB
2025-01-01 12:14:13 [ERROR   ] File not found: /var/data/report_7779.csv
2025-01-01 12:14:20 [WARNING ] Disk usage at 8616% on volume /dev/sda1 — consider cleanup
2025-01-01 12:14:29 [INFO    ] Request processed in 7414ms — endpoint /api/v1/data
2025-01-01 12:14:31 [INFO    ] Request processed in 5785ms — endpoint /api/v1/data
2025-01-01 12:14:39 [WARNING ] Retry attempt 5579 of 3 for downstream service call
2025-01-01 12:14:48 [WARNING ] Deprecated API endpoint /v1/legacy called by client 6446
2025-01-01 12:14:53 [INFO    ] Config reloaded from disk — version=1644
2025-01-01 12:14:58 [INFO    ] Scheduled job 'cleanup_temp_files' completed in 3546s
2025-01-01 12:14:59 [INFO    ] Cache hit ratio at 9573% for the last 60 seconds
2025-01-01 12:15:08 [INFO    ] Scheduled job 'cleanup_temp_files' completed in 2731s
2025-01-01 12:15:09 [INFO    ] Config reloaded from disk — version=1954
2025-01-01 12:15:19 [ERROR   ] File not found: /var/data/report_7283.csv
2025-01-01 12:15:20 [WARNING ] Memory usage at 562MB — approaching soft limit of 512MB
2025-01-01 12:15:26 [INFO    ] Cache hit ratio at 1301% for the last 60 seconds
2025-01-01 12:15:34 [ERROR   ] Unhandled exception in worker thread-9218: IndexError
2025-01-01 12:15:36 [ERROR   ] File not found: /var/data/report_185.csv
2025-01-01 12:15:46 [INFO    ] User login successful for user_id=6883
2025-01-01 12:15:55 [ERROR   ] HTTP 500 returned for request_id=3211 — internal server error
2025-01-01 12:16:02 [CRITICAL] Primary database unreachable — all writes failing, queue depth: 5373
2025-01-01 12:16:03 [INFO    ] Config reloaded from disk — version=9283
2025-01-01 12:16:04 [INFO    ] New session created — session_id=7806
2025-01-01 12:16:08 [INFO    ] Cache hit ratio at 3100% for the last 60 seconds
2025-01-01 12:16:11 [INFO    ] User login successful for user_id=2833
2025-01-01 12:16:16 [ERROR   ] NullPointerException in module payments.processor at line 654
2025-01-01 12:16:19 [INFO    ] Database connection pool size: 992/20
2025-01-01 12:16:21 [INFO    ] Scheduled job 'cleanup_temp_files' completed in 2285s
2025-01-01 12:16:27 [ERROR   ] HTTP 500 returned for request_id=2244 — internal server error
2025-01-01 12:16:32 [WARNING ] Memory usage at 6281MB — approaching soft limit of 512MB
2025-01-01 12:16:36 [INFO    ] Request processed in 4361ms — endpoint /api/v1/data
2025-01-01 12:16:42 [ERROR   ] NullPointerException in module payments.processor at line 4971
2025-01-01 12:16:52 [DEBUG   ] Serializing response object — 6698 fields found
2025-01-01 12:17:02 [WARNING ] Retry attempt 6578 of 3 for downstream service call
2025-01-01 12:17:08 [INFO    ] Scheduled job 'cleanup_temp_files' completed in 4267s
2025-01-01 12:17:15 [WARNING ] Retry attempt 5450 of 3 for downstream service call
2025-01-01 12:17:25 [INFO    ] New session created — session_id=8753
2025-01-01 12:17:30 [WARNING ] Deprecated API endpoint /v1/legacy called by client 5150
2025-01-01 12:17:38 [INFO    ] User login successful for user_id=2776
2025-01-01 12:17:39 [WARNING ] Retry attempt 7783 of 3 for downstream service call
2025-01-01 12:17:42 [INFO    ] Database connection pool size: 8527/20
2025-01-01 12:17:47 [INFO    ] Request processed in 3227ms — endpoint /api/v1/data
2025-01-01 12:17:54 [INFO    ] Request processed in 6295ms — endpoint /api/v1/data
2025-01-01 12:18:03 [WARNING ] Rate limit at 201% for IP 192.168.3951.5617
2025-01-01 12:18:04 [INFO    ] Request processed in 2672ms — endpoint /api/v1/data
2025-01-01 12:18:06 [ERROR   ] File not found: /var/data/report_8299.csv
2025-01-01 12:18:11 [INFO    ] Scheduled job 'cleanup_temp_files' completed in 1135s
2025-01-01 12:18:12 [WARNING ] Deprecated API endpoint /v1/legacy called by client 4368
2025-01-01 12:18:18 [ERROR   ] HTTP 500 returned for request_id=5746 — internal server error
2025-01-01 12:18:19 [INFO    ] Database connection pool size: 5320/20
2025-01-01 12:18:20 [INFO    ] New session created — session_id=8574
2025-01-01 12:18:23 [INFO    ] User login successful for user_id=3905
2025-01-01 12:18:30 [DEBUG   ] Entering function process_batch() with batch_size=904
2025-01-01 12:18:39 [WARNING ] Disk usage at 1756% on volume /dev/sda1 — consider cleanup
2025-01-01 12:18:43 [INFO    ] User login successful for user_id=2252
2025-01-01 12:18:45 [INFO    ] Database connection pool size: 8292/20
2025-01-01 12:18:53 [CRITICAL] Primary database unreachable — all writes failing, queue depth: 2168
2025-01-01 12:19:02 [ERROR   ] NullPointerException in module payments.processor at line 9265
2025-01-01 12:19:04 [WARNING ] Retry attempt 8022 of 3 for downstream service call
2025-01-01 12:19:08 [INFO    ] Database connection pool size: 6879/20
2025-01-01 12:19:13 [INFO    ] New session created — session_id=7161
2025-01-01 12:19:17 [DEBUG   ] SQL query executed: SELECT * FROM orders WHERE id=1821 (7248ms)
2025-01-01 12:19:22 [INFO    ] New session created — session_id=4808
2025-01-01 12:19:25 [INFO    ] Request processed in 7827ms — endpoint /api/v1/data
2025-01-01 12:19:32 [WARNING ] Response time exceeded threshold: 2706ms (limit: 500ms)
2025-01-01 12:19:38 [DEBUG   ] SQL query executed: SELECT * FROM orders WHERE id=1423 (7790ms)
2025-01-01 12:19:40 [INFO    ] Request processed in 9915ms — endpoint /api/v1/data
2025-01-01 12:19:44 [ERROR   ] Unhandled exception in worker thread-7355: IndexError
2025-01-01 12:19:52 [WARNING ] Retry attempt 3130 of 3 for downstream service call
2025-01-01 12:19:55 [INFO    ] User login successful for user_id=2934
2025-01-01 12:20:02 [ERROR   ] NullPointerException in module payments.processor at line 5402
2025-01-01 12:20:07 [CRITICAL] SSL certificate expires in 1127 hours — immediate action required
2025-01-01 12:20:15 [INFO    ] User login successful for user_id=9893
2025-01-01 12:20:22 [DEBUG   ] Entering function process_batch() with batch_size=536
2025-01-01 12:20:26 [WARNING ] Deprecated API endpoint /v1/legacy called by client 266
2025-01-01 12:20:35 [CRITICAL] Security breach detected: 7236 failed login attempts from IP 10.0.963.2890
2025-01-01 12:20:40 [INFO    ] New session created — session_id=7006
2025-01-01 12:20:47 [INFO    ] User login successful for user_id=6708
2025-01-01 12:20:54 [INFO    ] Request processed in 2042ms — endpoint /api/v1/data
2025-01-01 12:20:59 [WARNING ] Rate limit at 6259% for IP 192.168.9727.2989
2025-01-01 12:21:09 [INFO    ] Scheduled job 'cleanup_temp_files' completed in 9319s
2025-01-01 12:21:16 [ERROR   ] NullPointerException in module payments.processor at line 7345
2025-01-01 12:21:17 [WARNING ] Rate limit at 8075% for IP 192.168.9985.3007
2025-01-01 12:21:22 [INFO    ] Scheduled job 'cleanup_temp_files' completed in 1563s
2025-01-01 12:21:30 [WARNING ] Rate limit at 9246% for IP 192.168.6336.3437
2025-01-01 12:21:34 [INFO    ] Config reloaded from disk — version=1398
2025-01-01 12:21:36 [WARNING ] Response time exceeded threshold: 8243ms (limit: 500ms)
2025-01-01 12:21:40 [CRITICAL] SYSTEM SHUTDOWN INITIATED — out of memory (used: 4879MB / 512MB)
2025-01-01 12:21:50 [DEBUG   ] Serializing response object — 3279 fields found
2025-01-01 12:21:54 [INFO    ] Scheduled job 'cleanup_temp_files' completed in 2844s
2025-01-01 12:22:01 [DEBUG   ] Serializing response object — 1763 fields found
2025-01-01 12:22:10 [INFO    ] Scheduled job 'cleanup_temp_files' completed in 2074s
2025-01-01 12:22:11 [INFO    ] User login successful for user_id=9193
2025-01-01 12:22:12 [WARNING ] Rate limit at 5032% for IP 192.168.2084.3800
2025-01-01 12:22:17 [ERROR   ] HTTP 500 returned for request_id=406 — internal server error
2025-01-01 12:22:20 [INFO    ] User login successful for user_id=5689
2025-01-01 12:22:21 [WARNING ] Deprecated API endpoint /v1/legacy called by client 2986
2025-01-01 12:22:24 [INFO    ] Config reloaded from disk — version=6392
2025-01-01 12:22:29 [INFO    ] Scheduled job 'cleanup_temp_files' completed in 2621s
2025-01-01 12:22:35 [WARNING ] Disk usage at 5246% on volume /dev/sda1 — consider cleanup
2025-01-01 12:22:38 [CRITICAL] SYSTEM SHUTDOWN INITIATED — out of memory (used: 3536MB / 512MB)
2025-01-01 12:22:41 [WARNING ] Rate limit at 1355% for IP 192.168.9297.247
2025-01-01 12:22:44 [ERROR   ] HTTP 500 returned for request_id=8661 — internal server error
2025-01-01 12:22:48 [INFO    ] Database connection pool size: 512/20
2025-01-01 12:22:58 [CRITICAL] SYSTEM SHUTDOWN INITIATED — out of memory (used: 6322MB / 512MB)
2025-01-01 12:23:02 [INFO    ] Config reloaded from disk — version=1266
2025-01-01 12:23:03 [CRITICAL] Primary database unreachable — all writes failing, queue depth: 3024
2025-01-01 12:23:11 [INFO    ] Request processed in 3735ms — endpoint /api/v1/data
2025-01-01 12:23:18 [ERROR   ] NullPointerException in module payments.processor at line 1596
2025-01-01 12:23:22 [INFO    ] Cache hit ratio at 6397% for the last 60 seconds
2025-01-01 12:23:26 [ERROR   ] HTTP 500 returned for request_id=6695 — internal server error
2025-01-01 12:23:36 [WARNING ] Rate limit at 1622% for IP 192.168.3917.7559
2025-01-01 12:23:40 [INFO    ] New session created — session_id=3543
2025-01-01 12:23:44 [ERROR   ] NullPointerException in module payments.processor at line 2507
2025-01-01 12:23:51 [WARNING ] Memory usage at 2652MB — approaching soft limit of 512MB
2025-01-01 12:23:56 [ERROR   ] NullPointerException in module payments.processor at line 5079
2025-01-01 12:23:57 [WARNING ] Disk usage at 307% on volume /dev/sda1 — consider cleanup
2025-01-01 12:24:05 [ERROR   ] File not found: /var/data/report_6355.csv
2025-01-01 12:24:06 [WARNING ] Memory usage at 9673MB — approaching soft limit of 512MB
2025-01-01 12:24:09 [DEBUG   ] Lock acquired on resource 'invoice_3603' by thread-6738
2025-01-01 12:24:19 [DEBUG   ] Entering function process_batch() with batch_size=5338
2025-01-01 12:24:26 [INFO    ] User login successful for user_id=790
2025-01-01 12:24:34 [WARNING ] Memory usage at 9379MB — approaching soft limit of 512MB
2025-01-01 12:24:43 [DEBUG   ] Cache miss for key='user_profile_3250' — fetching from DB
2025-01-01 12:24:45 [DEBUG   ] SQL query executed: SELECT * FROM orders WHERE id=9641 (1810ms)
2025-01-01 12:24:54 [WARNING ] Response time exceeded threshold: 3774ms (limit: 500ms)
2025-01-01 12:25:04 [INFO    ] Cache hit ratio at 4551% for the last 60 seconds
2025-01-01 12:25:12 [INFO    ] Config reloaded from disk — version=8864
2025-01-01 12:25:19 [DEBUG   ] SQL query executed: SELECT * FROM orders WHERE id=6699 (9887ms)
2025-01-01 12:25:28 [WARNING ] Rate limit at 8215% for IP 192.168.3780.2419
2025-01-01 12:25:32 [ERROR   ] File not found: /var/data/report_9102.csv
2025-01-01 12:25:35 [DEBUG   ] Lock acquired on resource 'invoice_3623' by thread-7637
2025-01-01 12:25:36 [INFO    ] User login successful for user_id=9879
2025-01-01 12:25:42 [WARNING ] Response time exceeded threshold: 7554ms (limit: 500ms)
2025-01-01 12:25:50 [INFO    ] Scheduled job 'cleanup_temp_files' completed in 3952s
2025-01-01 12:25:58 [ERROR   ] NullPointerException in module payments.processor at line 643
2025-01-01 12:25:59 [INFO    ] Database connection pool size: 2262/20
2025-01-01 12:26:06 [INFO    ] Database connection pool size: 6172/20
2025-01-01 12:26:07 [INFO    ] Config reloaded from disk — version=8875
2025-01-01 12:26:10 [INFO    ] New session created — session_id=3011
2025-01-01 12:26:15 [WARNING ] Memory usage at 8818MB — approaching soft limit of 512MB
2025-01-01 12:26:22 [WARNING ] Disk usage at 821% on volume /dev/sda1 — consider cleanup
2025-01-01 12:26:26 [INFO    ] Request processed in 3343ms — endpoint /api/v1/data
2025-01-01 12:26:33 [WARNING ] Response time exceeded threshold: 9784ms (limit: 500ms)
2025-01-01 12:26:41 [DEBUG   ] Lock acquired on resource 'invoice_2954' by thread-1066
2025-01-01 12:26:50 [INFO    ] New session created — session_id=7199
2025-01-01 12:26:53 [DEBUG   ] Lock acquired on resource 'invoice_9531' by thread-7958
2025-01-01 12:26:59 [INFO    ] Config reloaded from disk — version=2173
2025-01-01 12:27:09 [WARNING ] Response time exceeded threshold: 3892ms (limit: 500ms)
2025-01-01 12:27:18 [INFO    ] Scheduled job 'cleanup_temp_files' completed in 2827s
2025-01-01 12:27:25 [INFO    ] Request processed in 298ms — endpoint /api/v1/data
2025-01-01 12:27:31 [INFO    ] Config reloaded from disk — version=7536
2025-01-01 12:27:33 [INFO    ] Database connection pool size: 2199/20
2025-01-01 12:27:34 [INFO    ] Database connection pool size: 4130/20
2025-01-01 12:27:43 [INFO    ] Database connection pool size: 452/20
2025-01-01 12:27:52 [ERROR   ] Unhandled exception in worker thread-9742: IndexError
2025-01-01 12:27:53 [INFO    ] Database connection pool size: 5504/20
2025-01-01 12:28:03 [INFO    ] Config reloaded from disk — version=1927
2025-01-01 12:28:13 [WARNING ] Response time exceeded threshold: 9349ms (limit: 500ms)
2025-01-01 12:28:18 [WARNING ] Retry attempt 3584 of 3 for downstream service call
2025-01-01 12:28:26 [WARNING ] Rate limit at 1424% for IP 192.168.9872.5095
2025-01-01 12:28:34 [ERROR   ] NullPointerException in module payments.processor at line 8312
2025-01-01 12:28:38 [INFO    ] New session created — session_id=3496
2025-01-01 12:28:48 [INFO    ] Request processed in 6392ms — endpoint /api/v1/data
2025-01-01 12:28:57 [DEBUG   ] Serializing response object — 9801 fields found
2025-01-01 12:29:05 [INFO    ] New session created — session_id=4298
2025-01-01 12:29:09 [INFO    ] Scheduled job 'cleanup_temp_files' completed in 6951s
2025-01-01 12:29:12 [WARNING ] Retry attempt 313 of 3 for downstream service call
2025-01-01 12:29:13 [INFO    ] New session created — session_id=5878
2025-01-01 12:29:15 [INFO    ] User login successful for user_id=8940
2025-01-01 12:29:25 [DEBUG   ] Serializing response object — 1171 fields found
2025-01-01 12:29:32 [INFO    ] New session created — session_id=6729
2025-01-01 12:29:41 [INFO    ] Config reloaded from disk — version=2124
2025-01-01 12:29:46 [WARNING ] Disk usage at 102% on volume /dev/sda1 — consider cleanup
2025-01-01 12:29:48 [ERROR   ] HTTP 500 returned for request_id=1929 — internal server error
2025-01-01 12:29:51 [INFO    ] Config reloaded from disk — version=3593
2025-01-01 12:30:00 [INFO    ] Cache hit ratio at 2391% for the last 60 seconds
2025-01-01 12:30:03 [WARNING ] Rate limit at 706% for IP 192.168.537.2504
2025-01-01 12:30:11 [INFO    ] Config reloaded from disk — version=5025
2025-01-01 12:30:18 [ERROR   ] File not found: /var/data/report_6765.csv
2025-01-01 12:30:24 [ERROR   ] Failed to connect to database after 7089 retries — giving up
2025-01-01 12:30:25 [INFO    ] New session created — session_id=2812
2025-01-01 12:30:32 [DEBUG   ] Serializing response object — 4838 fields found
2025-01-01 12:30:42 [ERROR   ] Failed to connect to database after 4667 retries — giving up
2025-01-01 12:30:52 [DEBUG   ] SQL query executed: SELECT * FROM orders WHERE id=142 (9261ms)
2025-01-01 12:31:01 [INFO    ] Request processed in 2011ms — endpoint /api/v1/data
2025-01-01 12:31:07 [INFO    ] New session created — session_id=2003
2025-01-01 12:31:17 [ERROR   ] Authentication token expired for user_id=188
2025-01-01 12:31:19 [INFO    ] Scheduled job 'cleanup_temp_files' completed in 1447s
2025-01-01 12:31:22 [INFO    ] Config reloaded from disk — version=1321
2025-01-01 12:31:32 [INFO    ] Request processed in 1452ms — endpoint /api/v1/data
2025-01-01 12:31:39 [INFO    ] New session created — session_id=3646
2025-01-01 12:31:49 [ERROR   ] HTTP 500 returned for request_id=5893 — internal server error
2025-01-01 12:31:51 [ERROR   ] Failed to connect to database after 2821 retries — giving up
2025-01-01 12:31:53 [CRITICAL] Data corruption detected in table 'transactions' at row 2876
2025-01-01 12:32:02 [ERROR   ] File not found: /var/data/report_740.csv
2025-01-01 12:32:04 [INFO    ] Scheduled job 'cleanup_temp_files' completed in 1461s
2025-01-01 12:32:10 [INFO    ] User login successful for user_id=24
2025-01-01 12:32:18 [INFO    ] Config reloaded from disk — version=5092
2025-01-01 12:32:22 [INFO    ] Request processed in 5049ms — endpoint /api/v1/data
2025-01-01 12:32:32 [INFO    ] New session created — session_id=3359
2025-01-01 12:32:34 [INFO    ] New session created — session_id=501
2025-01-01 12:32:39 [DEBUG   ] Entering function process_batch() with batch_size=8952
2025-01-01 12:32:41 [WARNING ] Memory usage at 9240MB — approaching soft limit of 512MB
2025-01-01 12:32:44 [INFO    ] Cache hit ratio at 9641% for the last 60 seconds
2025-01-01 12:32:45 [INFO    ] Cache hit ratio at 7478% for the last 60 seconds
2025-01-01 12:32:52 [WARNING ] Rate limit at 9116% for IP 192.168.7437.1467
2025-01-01 12:32:55 [DEBUG   ] Serializing response object — 146 fields found
2025-01-01 12:33:04 [INFO    ] User login successful for user_id=1577
2025-01-01 12:33:11 [INFO    ] Request processed in 1191ms — endpoint /api/v1/data
2025-01-01 12:33:14 [INFO    ] Scheduled job 'cleanup_temp_files' completed in 1661s
2025-01-01 12:33:16 [ERROR   ] Unhandled exception in worker thread-2016: IndexError
2025-01-01 12:33:19 [INFO    ] Database connection pool size: 7563/20
2025-01-01 12:33:29 [INFO    ] User login successful for user_id=3778
2025-01-01 12:33:30 [INFO    ] User login successful for user_id=4612
2025-01-01 12:33:37 [WARNING ] Disk usage at 1256% on volume /dev/sda1 — consider cleanup
2025-01-01 12:33:40 [ERROR   ] File not found: /var/data/report_5613.csv
2025-01-01 12:33:41 [ERROR   ] Authentication token expired for user_id=623
2025-01-01 12:33:42 [INFO    ] Scheduled job 'cleanup_temp_files' completed in 6994s
2025-01-01 12:33:51 [DEBUG   ] Entering function process_batch() with batch_size=7099
2025-01-01 12:34:00 [ERROR   ] NullPointerException in module payments.processor at line 4390
2025-01-01 12:34:01 [INFO    ] Cache hit ratio at 8255% for the last 60 seconds
2025-01-01 12:34:08 [WARNING ] Retry attempt 1484 of 3 for downstream service call
2025-01-01 12:34:12 [INFO    ] New session created — session_id=9294
2025-01-01 12:34:17 [CRITICAL] Primary database unreachable — all writes failing, queue depth: 4865
2025-01-01 12:34:19 [INFO    ] New session created — session_id=5765
2025-01-01 12:34:27 [WARNING ] Retry attempt 9809 of 3 for downstream service call
2025-01-01 12:34:34 [INFO    ] Config reloaded from disk — version=5471
2025-01-01 12:34:36 [INFO    ] Config reloaded from disk — version=5862
2025-01-01 12:34:46 [INFO    ] Database connection pool size: 3452/20
2025-01-01 12:34:55 [INFO    ] User login successful for user_id=9260
2025-01-01 12:35:01 [WARNING ] Deprecated API endpoint /v1/legacy called by client 5468
2025-01-01 12:35:08 [INFO    ] Cache hit ratio at 2147% for the last 60 seconds
2025-01-01 12:35:16 [INFO    ] Scheduled job 'cleanup_temp_files' completed in 9573s
2025-01-01 12:35:25 [DEBUG   ] Entering function process_batch() with batch_size=2727
2025-01-01 12:35:31 [WARNING ] Retry attempt 890 of 3 for downstream service call
2025-01-01 12:35:34 [CRITICAL] Security breach detected: 3773 failed login attempts from IP 10.0.9468.7973
2025-01-01 12:35:35 [INFO    ] Request processed in 472ms — endpoint /api/v1/data
2025-01-01 12:35:38 [ERROR   ] Authentication token expired for user_id=6926
2025-01-01 12:35:44 [INFO    ] User login successful for user_id=4754
2025-01-01 12:35:47 [INFO    ] Scheduled job 'cleanup_temp_files' completed in 146s
2025-01-01 12:35:51 [INFO    ] New session created — session_id=8064
2025-01-01 12:35:55 [ERROR   ] Authentication token expired for user_id=2847
2025-01-01 12:36:02 [INFO    ] Database connection pool size: 8986/20
2025-01-01 12:36:12 [DEBUG   ] Lock acquired on resource 'invoice_4813' by thread-7833
2025-01-01 12:36:14 [INFO    ] New session created — session_id=7113
2025-01-01 12:36:20 [WARNING ] Retry attempt 5823 of 3 for downstream service call
2025-01-01 12:36:26 [WARNING ] Deprecated API endpoint /v1/legacy called by client 5517
2025-01-01 12:36:32 [ERROR   ] HTTP 500 returned for request_id=7415 — internal server error
2025-01-01 12:36:36 [ERROR   ] Authentication token expired for user_id=9468
2025-01-01 12:36:39 [INFO    ] User login successful for user_id=4818
2025-01-01 12:36:42 [INFO    ] Request processed in 1274ms — endpoint /api/v1/data
2025-01-01 12:36:44 [INFO    ] Cache hit ratio at 599% for the last 60 seconds
2025-01-01 12:36:54 [INFO    ] Scheduled job 'cleanup_temp_files' completed in 6555s
2025-01-01 12:36:57 [CRITICAL] Primary database unreachable — all writes failing, queue depth: 4923
2025-01-01 12:37:06 [INFO    ] Request processed in 7128ms — endpoint /api/v1/data
2025-01-01 12:37:10 [INFO    ] Scheduled job 'cleanup_temp_files' completed in 7427s
2025-01-01 12:37:11 [WARNING ] Response time exceeded threshold: 8575ms (limit: 500ms)
2025-01-01 12:37:19 [ERROR   ] Failed to connect to database after 5994 retries — giving up
2025-01-01 12:37:23 [INFO    ] Scheduled job 'cleanup_temp_files' completed in 4650s
2025-01-01 12:37:26 [INFO    ] Request processed in 9477ms — endpoint /api/v1/data
2025-01-01 12:37:29 [INFO    ] User login successful for user_id=7838
2025-01-01 12:37:35 [WARNING ] Rate limit at 7997% for IP 192.168.4159.7012
2025-01-01 12:37:37 [INFO    ] User login successful for user_id=2642
2025-01-01 12:37:41 [WARNING ] Memory usage at 12MB — approaching soft limit of 512MB
2025-01-01 12:37:49 [INFO    ] User login successful for user_id=4169
2025-01-01 12:37:58 [INFO    ] New session created — session_id=9212
2025-01-01 12:38:05 [ERROR   ] File not found: /var/data/report_8070.csv
2025-01-01 12:38:08 [WARNING ] Rate limit at 6115% for IP 192.168.6872.6267
2025-01-01 12:38:13 [WARNING ] Deprecated API endpoint /v1/legacy called by client 9765
2025-01-01 12:38:22 [CRITICAL] SYSTEM SHUTDOWN INITIATED — out of memory (used: 3249MB / 512MB)
2025-01-01 12:38:32 [DEBUG   ] Checkpoint reached at loop iteration 682
2025-01-01 12:38:38 [WARNING ] Memory usage at 5838MB — approaching soft limit of 512MB
2025-01-01 12:38:43 [WARNING ] Retry attempt 1056 of 3 for downstream service call
2025-01-01 12:38:49 [INFO    ] Config reloaded from disk — version=9594
2025-01-01 12:38:50 [DEBUG   ] Lock acquired on resource 'invoice_4432' by thread-9608
2025-01-01 12:38:52 [CRITICAL] Security breach detected: 636 failed login attempts from IP 10.0.1438.2260
2025-01-01 12:38:54 [INFO    ] User login successful for user_id=7950
2025-01-01 12:39:00 [CRITICAL] SYSTEM SHUTDOWN INITIATED — out of memory (used: 6789MB / 512MB)
2025-01-01 12:39:10 [INFO    ] New session created — session_id=9745
2025-01-01 12:39:14 [WARNING ] Response time exceeded threshold: 5239ms (limit: 500ms)
2025-01-01 12:39:19 [DEBUG   ] Entering function process_batch() with batch_size=9018
2025-01-01 12:39:22 [ERROR   ] Failed to connect to database after 1633 retries — giving up
2025-01-01 12:39:31 [INFO    ] Cache hit ratio at 5671% for the last 60 seconds
2025-01-01 12:39:40 [DEBUG   ] SQL query executed: SELECT * FROM orders WHERE id=2533 (9823ms)
2025-01-01 12:39:44 [WARNING ] Memory usage at 388MB — approaching soft limit of 512MB
2025-01-01 12:39:49 [ERROR   ] Failed to connect to database after 1614 retries — giving up
2025-01-01 12:39:56 [INFO    ] Scheduled job 'cleanup_temp_files' completed in 3997s
2025-01-01 12:39:57 [CRITICAL] SYSTEM SHUTDOWN INITIATED — out of memory (used: 9962MB / 512MB)
2025-01-01 12:40:03 [INFO    ] User login successful for user_id=1071
2025-01-01 12:40:04 [INFO    ] User login successful for user_id=6931
2025-01-01 12:40:08 [INFO    ] Request processed in 1710ms — endpoint /api/v1/data
2025-01-01 12:40:16 [INFO    ] New session created — session_id=4640
2025-01-01 12:40:20 [INFO    ] Request processed in 3522ms — endpoint /api/v1/data
2025-01-01 12:40:21 [DEBUG   ] Checkpoint reached at loop iteration 8385
2025-01-01 12:40:25 [WARNING ] Rate limit at 7960% for IP 192.168.8365.8222
2025-01-01 12:40:26 [WARNING ] Retry attempt 5134 of 3 for downstream service call
2025-01-01 12:40:30 [INFO    ] Database connection pool size: 7362/20
2025-01-01 12:40:34 [DEBUG   ] Checkpoint reached at loop iteration 5348
2025-01-01 12:40:40 [WARNING ] Retry attempt 1955 of 3 for downstream service call
2025-01-01 12:40:50 [ERROR   ] Failed to connect to database after 8158 retries — giving up
2025-01-01 12:41:00 [WARNING ] Disk usage at 189% on volume /dev/sda1 — consider cleanup
2025-01-01 12:41:10 [ERROR   ] File not found: /var/data/report_512.csv
2025-01-01 12:41:13 [INFO    ] Scheduled job 'cleanup_temp_files' completed in 6004s
2025-01-01 12:41:18 [INFO    ] User login successful for user_id=2634
2025-01-01 12:41:24 [INFO    ] Request processed in 2615ms — endpoint /api/v1/data
2025-01-01 12:41:26 [INFO    ] Database connection pool size: 5297/20
2025-01-01 12:41:29 [INFO    ] User login successful for user_id=3038
2025-01-01 12:41:34 [WARNING ] Memory usage at 2351MB — approaching soft limit of 512MB
2025-01-01 12:41:36 [INFO    ] Request processed in 2907ms — endpoint /api/v1/data
2025-01-01 12:41:39 [INFO    ] User login successful for user_id=994
2025-01-01 12:41:41 [WARNING ] Disk usage at 3176% on volume /dev/sda1 — consider cleanup
2025-01-01 12:41:47 [DEBUG   ] Entering function process_batch() with batch_size=5453
2025-01-01 12:41:57 [INFO    ] Request processed in 883ms — endpoint /api/v1/data
2025-01-01 12:42:07 [DEBUG   ] Serializing response object — 4657 fields found
2025-01-01 12:42:11 [WARNING ] Rate limit at 4770% for IP 192.168.1613.3860
2025-01-01 12:42:16 [WARNING ] Deprecated API endpoint /v1/legacy called by client 3170
2025-01-01 12:42:21 [ERROR   ] Failed to connect to database after 4126 retries — giving up
2025-01-01 12:42:26 [INFO    ] Cache hit ratio at 3518% for the last 60 seconds
2025-01-01 12:42:30 [CRITICAL] SSL certificate expires in 4037 hours — immediate action required
2025-01-01 12:42:34 [INFO    ] New session created — session_id=5012
2025-01-01 12:42:44 [ERROR   ] NullPointerException in module payments.processor at line 4621
2025-01-01 12:42:53 [INFO    ] User login successful for user_id=5433
2025-01-01 12:42:56 [INFO    ] Config reloaded from disk — version=5161
2025-01-01 12:43:00 [ERROR   ] Unhandled exception in worker thread-4265: IndexError
2025-01-01 12:43:05 [ERROR   ] Unhandled exception in worker thread-578: IndexError
2025-01-01 12:43:06 [ERROR   ] File not found: /var/data/report_5078.csv
2025-01-01 12:43:14 [INFO    ] User login successful for user_id=8151
2025-01-01 12:43:23 [ERROR   ] NullPointerException in module payments.processor at line 3247
2025-01-01 12:43:26 [INFO    ] Cache hit ratio at 2541% for the last 60 seconds
2025-01-01 12:43:35 [WARNING ] Rate limit at 8434% for IP 192.168.5854.187
2025-01-01 12:43:41 [INFO    ] Config reloaded from disk — version=7259
2025-01-01 12:43:43 [WARNING ] Deprecated API endpoint /v1/legacy called by client 5783
2025-01-01 12:43:52 [INFO    ] Scheduled job 'cleanup_temp_files' completed in 4709s
2025-01-01 12:43:54 [INFO    ] Request processed in 198ms — endpoint /api/v1/data
2025-01-01 12:44:01 [INFO    ] Request processed in 4029ms — endpoint /api/v1/data
2025-01-01 12:44:11 [DEBUG   ] Serializing response object — 4827 fields found
2025-01-01 12:44:16 [INFO    ] Scheduled job 'cleanup_temp_files' completed in 6986s
2025-01-01 12:44:26 [DEBUG   ] Checkpoint reached at loop iteration 4065
2025-01-01 12:44:33 [INFO    ] Request processed in 7156ms — endpoint /api/v1/data
2025-01-01 12:44:34 [ERROR   ] Unhandled exception in worker thread-9389: IndexError
2025-01-01 12:44:36 [DEBUG   ] Entering function process_batch() with batch_size=860
2025-01-01 12:44:42 [WARNING ] Memory usage at 9751MB — approaching soft limit of 512MB
2025-01-01 12:44:45 [INFO    ] Request processed in 921ms — endpoint /api/v1/data
2025-01-01 12:44:51 [INFO    ] Config reloaded from disk — version=7700
2025-01-01 12:44:55 [INFO    ] Cache hit ratio at 1033% for the last 60 seconds
2025-01-01 12:44:57 [ERROR   ] Failed to connect to database after 4866 retries — giving up
2025-01-01 12:44:58 [DEBUG   ] SQL query executed: SELECT * FROM orders WHERE id=3210 (329ms)
2025-01-01 12:45:02 [WARNING ] Response time exceeded threshold: 6888ms (limit: 500ms)
2025-01-01 12:45:06 [WARNING ] Retry attempt 7423 of 3 for downstream service call
2025-01-01 12:45:13 [INFO    ] User login successful for user_id=4006
2025-01-01 12:45:19 [DEBUG   ] Entering function process_batch() with batch_size=8026
2025-01-01 12:45:27 [INFO    ] Database connection pool size: 484/20
2025-01-01 12:45:31 [INFO    ] New session created — session_id=3626
2025-01-01 12:45:36 [DEBUG   ] Checkpoint reached at loop iteration 6796
2025-01-01 12:45:44 [WARNING ] Retry attempt 1916 of 3 for downstream service call
2025-01-01 12:45:49 [INFO    ] Scheduled job 'cleanup_temp_files' completed in 5697s
2025-01-01 12:45:50 [ERROR   ] NullPointerException in module payments.processor at line 5685
2025-01-01 12:45:56 [DEBUG   ] Cache miss for key='user_profile_5381' — fetching from DB
2025-01-01 12:46:06 [CRITICAL] SYSTEM SHUTDOWN INITIATED — out of memory (used: 5875MB / 512MB)
2025-01-01 12:46:12 [WARNING ] Disk usage at 8099% on volume /dev/sda1 — consider cleanup
2025-01-01 12:46:14 [WARNING ] Memory usage at 5508MB — approaching soft limit of 512MB
2025-01-01 12:46:17 [ERROR   ] NullPointerException in module payments.processor at line 6013
2025-01-01 12:46:26 [ERROR   ] NullPointerException in module payments.processor at line 581
2025-01-01 12:46:29 [ERROR   ] Authentication token expired for user_id=5567
2025-01-01 12:46:32 [INFO    ] New session created — session_id=1997
2025-01-01 12:46:34 [INFO    ] Request processed in 2273ms — endpoint /api/v1/data
2025-01-01 12:46:37 [INFO    ] Database connection pool size: 2193/20
2025-01-01 12:46:45 [INFO    ] Config reloaded from disk — version=855
2025-01-01 12:46:47 [INFO    ] Scheduled job 'cleanup_temp_files' completed in 6179s
2025-01-01 12:46:49 [INFO    ] Database connection pool size: 4362/20
2025-01-01 12:46:50 [INFO    ] New session created — session_id=390
2025-01-01 12:46:59 [WARNING ] Deprecated API endpoint /v1/legacy called by client 3133
2025-01-01 12:47:04 [WARNING ] Response time exceeded threshold: 819ms (limit: 500ms)
2025-01-01 12:47:05 [INFO    ] Database connection pool size: 1780/20
2025-01-01 12:47:14 [ERROR   ] File not found: /var/data/report_8971.csv
2025-01-01 12:47:18 [WARNING ] Response time exceeded threshold: 5769ms (limit: 500ms)
2025-01-01 12:47:19 [WARNING ] Retry attempt 4953 of 3 for downstream service call
2025-01-01 12:47:20 [INFO    ] Database connection pool size: 7665/20
2025-01-01 12:47:25 [ERROR   ] Unhandled exception in worker thread-2325: IndexError
2025-01-01 12:47:35 [WARNING ] Disk usage at 1405% on volume /dev/sda1 — consider cleanup
2025-01-01 12:47:44 [DEBUG   ] Lock acquired on resource 'invoice_7493' by thread-626
2025-01-01 12:47:54 [INFO    ] Cache hit ratio at 4853% for the last 60 seconds
2025-01-01 12:48:03 [ERROR   ] File not found: /var/data/report_856.csv
2025-01-01 12:48:05 [INFO    ] Request processed in 5243ms — endpoint /api/v1/data
2025-01-01 12:48:08 [INFO    ] Database connection pool size: 2660/20
2025-01-01 12:48:10 [INFO    ] User login successful for user_id=8012
2025-01-01 12:48:13 [ERROR   ] Authentication token expired for user_id=9552
2025-01-01 12:48:17 [ERROR   ] NullPointerException in module payments.processor at line 8107
2025-01-01 12:48:25 [DEBUG   ] Cache miss for key='user_profile_7277' — fetching from DB
2025-01-01 12:48:35 [WARNING ] Deprecated API endpoint /v1/legacy called by client 8968
2025-01-01 12:48:44 [CRITICAL] Security breach detected: 3910 failed login attempts from IP 10.0.5393.9938
2025-01-01 12:48:52 [ERROR   ] NullPointerException in module payments.processor at line 3525
2025-01-01 12:48:55 [WARNING ] Disk usage at 943% on volume /dev/sda1 — consider cleanup
2025-01-01 12:48:57 [INFO    ] Cache hit ratio at 752% for the last 60 seconds
2025-01-01 12:49:05 [DEBUG   ] Entering function process_batch() with batch_size=533
2025-01-01 12:49:09 [WARNING ] Rate limit at 722% for IP 192.168.8621.1644
2025-01-01 12:49:11 [WARNING ] Memory usage at 101MB — approaching soft limit of 512MB
2025-01-01 12:49:12 [INFO    ] Cache hit ratio at 8578% for the last 60 seconds
2025-01-01 12:49:20 [INFO    ] Database connection pool size: 5407/20
2025-01-01 12:49:29 [INFO    ] Cache hit ratio at 404% for the last 60 seconds
2025-01-01 12:49:38 [INFO    ] User login successful for user_id=9685
2025-01-01 12:49:41 [ERROR   ] Authentication token expired for user_id=9086
2025-01-01 12:49:50 [WARNING ] Deprecated API endpoint /v1/legacy called by client 8618
2025-01-01 12:50:00 [INFO    ] Scheduled job 'cleanup_temp_files' completed in 7224s
2025-01-01 12:50:01 [INFO    ] Scheduled job 'cleanup_temp_files' completed in 8922s
2025-01-01 12:50:10 [INFO    ] Scheduled job 'cleanup_temp_files' completed in 6659s
2025-01-01 12:50:17 [INFO    ] New session created — session_id=6555
2025-01-01 12:50:19 [CRITICAL] SYSTEM SHUTDOWN INITIATED — out of memory (used: 9365MB / 512MB)
2025-01-01 12:50:29 [INFO    ] New session created — session_id=9660
2025-01-01 12:50:36 [INFO    ] New session created — session_id=6110
2025-01-01 12:50:42 [WARNING ] Response time exceeded threshold: 3774ms (limit: 500ms)
2025-01-01 12:50:44 [DEBUG   ] Serializing response object — 1089 fields found
2025-01-01 12:50:45 [INFO    ] Request processed in 3384ms — endpoint /api/v1/data
2025-01-01 12:50:53 [INFO    ] Database connection pool size: 5285/20
2025-01-01 12:50:59 [ERROR   ] Authentication token expired for user_id=2010
2025-01-01 12:51:02 [WARNING ] Deprecated API endpoint /v1/legacy called by client 916
2025-01-01 12:51:11 [ERROR   ] File not found: /var/data/report_2641.csv
2025-01-01 12:51:19 [INFO    ] New session created — session_id=320
2025-01-01 12:51:25 [INFO    ] Scheduled job 'cleanup_temp_files' completed in 4724s
2025-01-01 12:51:30 [INFO    ] Request processed in 710ms — endpoint /api/v1/data
2025-01-01 12:51:34 [INFO    ] Request processed in 7765ms — endpoint /api/v1/data
2025-01-01 12:51:44 [INFO    ] Config reloaded from disk — version=295
2025-01-01 12:51:48 [WARNING ] Memory usage at 4191MB — approaching soft limit of 512MB
2025-01-01 12:51:54 [INFO    ] Request processed in 1333ms — endpoint /api/v1/data
2025-01-01 12:52:03 [INFO    ] User login successful for user_id=1843
2025-01-01 12:52:06 [INFO    ] New session created — session_id=6528
2025-01-01 12:52:08 [CRITICAL] Primary database unreachable — all writes failing, queue depth: 6434
2025-01-01 12:52:17 [WARNING ] Rate limit at 8133% for IP 192.168.170.4987
2025-01-01 12:52:27 [WARNING ] Retry attempt 1847 of 3 for downstream service call
2025-01-01 12:52:29 [ERROR   ] File not found: /var/data/report_1125.csv
2025-01-01 12:52:38 [WARNING ] Retry attempt 6293 of 3 for downstream service call
2025-01-01 12:52:43 [INFO    ] Request processed in 4589ms — endpoint /api/v1/data
2025-01-01 12:52:53 [INFO    ] User login successful for user_id=1489
2025-01-01 12:52:54 [INFO    ] Config reloaded from disk — version=6082
2025-01-01 12:52:55 [WARNING ] Disk usage at 9815% on volume /dev/sda1 — consider cleanup
2025-01-01 12:52:59 [INFO    ] Cache hit ratio at 9666% for the last 60 seconds
2025-01-01 12:53:04 [INFO    ] Cache hit ratio at 6699% for the last 60 seconds
2025-01-01 12:53:09 [INFO    ] User login successful for user_id=1993
2025-01-01 12:53:18 [ERROR   ] File not found: /var/data/report_6576.csv
2025-01-01 12:53:24 [INFO    ] Database connection pool size: 2169/20
2025-01-01 12:53:29 [INFO    ] Request processed in 4129ms — endpoint /api/v1/data
2025-01-01 12:53:33 [INFO    ] Cache hit ratio at 1088% for the last 60 seconds
2025-01-01 12:53:35 [ERROR   ] HTTP 500 returned for request_id=5385 — internal server error
2025-01-01 12:53:45 [WARNING ] Memory usage at 7649MB — approaching soft limit of 512MB
2025-01-01 12:53:51 [DEBUG   ] Lock acquired on resource 'invoice_4607' by thread-9056
2025-01-01 12:53:52 [INFO    ] User login successful for user_id=8886
2025-01-01 12:53:59 [WARNING ] Memory usage at 986MB — approaching soft limit of 512MB
2025-01-01 12:54:03 [DEBUG   ] Checkpoint reached at loop iteration 1658
2025-01-01 12:54:04 [INFO    ] Cache hit ratio at 2440% for the last 60 seconds
2025-01-01 12:54:11 [WARNING ] Memory usage at 3550MB — approaching soft limit of 512MB
2025-01-01 12:54:20 [CRITICAL] Data corruption detected in table 'transactions' at row 2686
2025-01-01 12:54:25 [WARNING ] Rate limit at 4291% for IP 192.168.6553.6633
2025-01-01 12:54:32 [INFO    ] Scheduled job 'cleanup_temp_files' completed in 2158s
2025-01-01 12:54:38 [WARNING ] Response time exceeded threshold: 7750ms (limit: 500ms)
2025-01-01 12:54:46 [INFO    ] Scheduled job 'cleanup_temp_files' completed in 1781s
2025-01-01 12:54:47 [INFO    ] User login successful for user_id=348
2025-01-01 12:54:50 [WARNING ] Disk usage at 1415% on volume /dev/sda1 — consider cleanup
2025-01-01 12:54:56 [WARNING ] Memory usage at 9618MB — approaching soft limit of 512MB
2025-01-01 12:54:59 [DEBUG   ] Lock acquired on resource 'invoice_8063' by thread-8513
2025-01-01 12:55:03 [ERROR   ] Failed to connect to database after 3181 retries — giving up
2025-01-01 12:55:13 [ERROR   ] Failed to connect to database after 6308 retries — giving up
2025-01-01 12:55:22 [INFO    ] Database connection pool size: 3573/20
2025-01-01 12:55:32 [INFO    ] Cache hit ratio at 6014% for the last 60 seconds
2025-01-01 12:55:35 [INFO    ] Request processed in 6590ms — endpoint /api/v1/data
2025-01-01 12:55:43 [DEBUG   ] Entering function process_batch() with batch_size=5532
2025-01-01 12:55:50 [INFO    ] New session created — session_id=3062
2025-01-01 12:55:54 [INFO    ] Request processed in 3216ms — endpoint /api/v1/data
2025-01-01 12:55:59 [DEBUG   ] Serializing response object — 9311 fields found
2025-01-01 12:56:01 [CRITICAL] Security breach detected: 7862 failed login attempts from IP 10.0.8250.6020
2025-01-01 12:56:09 [ERROR   ] NullPointerException in module payments.processor at line 3538
2025-01-01 12:56:13 [WARNING ] Disk usage at 9530% on volume /dev/sda1 — consider cleanup
2025-01-01 12:56:14 [INFO    ] Config reloaded from disk — version=4032
2025-01-01 12:56:17 [WARNING ] Retry attempt 6855 of 3 for downstream service call
2025-01-01 12:56:20 [INFO    ] Database connection pool size: 6672/20
2025-01-01 12:56:29 [DEBUG   ] Cache miss for key='user_profile_8376' — fetching from DB
2025-01-01 12:56:33 [INFO    ] Request processed in 9414ms — endpoint /api/v1/data
2025-01-01 12:56:39 [INFO    ] Cache hit ratio at 6486% for the last 60 seconds
2025-01-01 12:56:44 [WARNING ] Response time exceeded threshold: 5580ms (limit: 500ms)
2025-01-01 12:56:50 [DEBUG   ] SQL query executed: SELECT * FROM orders WHERE id=6258 (177ms)
2025-01-01 12:56:57 [INFO    ] Scheduled job 'cleanup_temp_files' completed in 7789s
2025-01-01 12:57:06 [WARNING ] Deprecated API endpoint /v1/legacy called by client 7595
2025-01-01 12:57:12 [INFO    ] New session created — session_id=4546
2025-01-01 12:57:17 [INFO    ] User login successful for user_id=8503
2025-01-01 12:57:21 [INFO    ] New session created — session_id=7708
2025-01-01 12:57:23 [WARNING ] Rate limit at 9107% for IP 192.168.8437.5752
2025-01-01 12:57:31 [WARNING ] Rate limit at 3440% for IP 192.168.5127.8103
2025-01-01 12:57:33 [ERROR   ] NullPointerException in module payments.processor at line 9328
2025-01-01 12:57:42 [DEBUG   ] Cache miss for key='user_profile_2355' — fetching from DB
2025-01-01 12:57:51 [INFO    ] Database connection pool size: 4436/20
2025-01-01 12:57:58 [ERROR   ] Failed to connect to database after 5689 retries — giving up
2025-01-01 12:58:08 [ERROR   ] Authentication token expired for user_id=9191
2025-01-01 12:58:15 [CRITICAL] SSL certificate expires in 5500 hours — immediate action required
2025-01-01 12:58:17 [INFO    ] Database connection pool size: 7997/20
2025-01-01 12:58:24 [INFO    ] Database connection pool size: 5092/20
2025-01-01 12:58:32 [INFO    ] Database connection pool size: 1743/20
2025-01-01 12:58:42 [WARNING ] Deprecated API endpoint /v1/legacy called by client 7908
2025-01-01 12:58:50 [WARNING ] Disk usage at 3485% on volume /dev/sda1 — consider cleanup
2025-01-01 12:58:56 [INFO    ] Scheduled job 'cleanup_temp_files' completed in 7172s
2025-01-01 12:59:01 [WARNING ] Deprecated API endpoint /v1/legacy called by client 5780
2025-01-01 12:59:04 [INFO    ] New session created — session_id=8911
2025-01-01 12:59:08 [DEBUG   ] Cache miss for key='user_profile_7675' — fetching from DB
2025-01-01 12:59:13 [ERROR   ] Unhandled exception in worker thread-579: IndexError
2025-01-01 12:59:14 [INFO    ] Database connection pool size: 6432/20
2025-01-01 12:59:19 [INFO    ] User login successful for user_id=3034
2025-01-01 12:59:22 [WARNING ] Deprecated API endpoint /v1/legacy called by client 4884
2025-01-01 12:59:27 [WARNING ] Deprecated API endpoint /v1/legacy called by client 8761
2025-01-01 12:59:35 [INFO    ] Scheduled job 'cleanup_temp_files' completed in 6679s
2025-01-01 12:59:40 [ERROR   ] HTTP 500 returned for request_id=8198 — internal server error
2025-01-01 12:59:48 [WARNING ] Deprecated API endpoint /v1/legacy called by client 2030
2025-01-01 12:59:53 [WARNING ] Response time exceeded threshold: 4570ms (limit: 500ms)
2025-01-01 12:59:58 [DEBUG   ] Serializing response object — 4322 fields found
2025-01-01 12:59:59 [INFO    ] Cache hit ratio at 3266% for the last 60 seconds
2025-01-01 13:00:04 [INFO    ] Config reloaded from disk — version=3970
2025-01-01 13:00:09 [ERROR   ] Unhandled exception in worker thread-350: IndexError
2025-01-01 13:00:15 [ERROR   ] Failed to connect to database after 3835 retries — giving up
2025-01-01 13:00:22 [DEBUG   ] Lock acquired on resource 'invoice_3441' by thread-6037
2025-01-01 13:00:29 [WARNING ] Deprecated API endpoint /v1/legacy called by client 6380
2025-01-01 13:00:36 [WARNING ] Response time exceeded threshold: 2519ms (limit: 500ms)
2025-01-01 13:00:39 [DEBUG   ] SQL query executed: SELECT * FROM orders WHERE id=1964 (6967ms)
2025-01-01 13:00:47 [DEBUG   ] Cache miss for key='user_profile_3738' — fetching from DB
2025-01-01 13:00:48 [INFO    ] Cache hit ratio at 5755% for the last 60 seconds
2025-01-01 13:00:49 [CRITICAL] SSL certificate expires in 3870 hours — immediate action required
2025-01-01 13:00:57 [DEBUG   ] Entering function process_batch() with batch_size=7484
2025-01-01 13:01:03 [INFO    ] Config reloaded from disk — version=7293
2025-01-01 13:01:04 [ERROR   ] Authentication token expired for user_id=1576
2025-01-01 13:01:05 [INFO    ] New session created — session_id=8677
2025-01-01 13:01:13 [INFO    ] New session created — session_id=7660
2025-01-01 13:01:21 [ERROR   ] NullPointerException in module payments.processor at line 871
2025-01-01 13:01:24 [DEBUG   ] SQL query executed: SELECT * FROM orders WHERE id=677 (3432ms)
2025-01-01 13:01:25 [INFO    ] Config reloaded from disk — version=1376
2025-01-01 13:01:32 [DEBUG   ] Serializing response object — 4750 fields found
2025-01-01 13:01:40 [CRITICAL] SSL certificate expires in 6588 hours — immediate action required
2025-01-01 13:01:47 [INFO    ] Config reloaded from disk — version=9489
2025-01-01 13:01:56 [INFO    ] New session created — session_id=4152
2025-01-01 13:02:06 [INFO    ] User login successful for user_id=4793
2025-01-01 13:02:09 [INFO    ] Scheduled job 'cleanup_temp_files' completed in 5323s
2025-01-01 13:02:12 [INFO    ] Scheduled job 'cleanup_temp_files' completed in 7018s
2025-01-01 13:02:16 [INFO    ] Scheduled job 'cleanup_temp_files' completed in 595s
2025-01-01 13:02:17 [INFO    ] User login successful for user_id=9865
2025-01-01 13:02:24 [WARNING ] Retry attempt 5523 of 3 for downstream service call
2025-01-01 13:02:26 [INFO    ] Cache hit ratio at 5226% for the last 60 seconds
2025-01-01 13:02:34 [WARNING ] Response time exceeded threshold: 5377ms (limit: 500ms)
2025-01-01 13:02:43 [INFO    ] New session created — session_id=6905
2025-01-01 13:02:48 [INFO    ] Request processed in 3089ms — endpoint /api/v1/data
2025-01-01 13:02:55 [INFO    ] User login successful for user_id=8026
2025-01-01 13:02:56 [INFO    ] Request processed in 366ms — endpoint /api/v1/data
2025-01-01 13:03:03 [WARNING ] Memory usage at 6666MB — approaching soft limit of 512MB
2025-01-01 13:03:13 [ERROR   ] Authentication token expired for user_id=849
2025-01-01 13:03:18 [INFO    ] Cache hit ratio at 6645% for the last 60 seconds
2025-01-01 13:03:22 [INFO    ] Request processed in 1652ms — endpoint /api/v1/data
2025-01-01 13:03:32 [DEBUG   ] Cache miss for key='user_profile_2082' — fetching from DB
2025-01-01 13:03:42 [CRITICAL] Primary database unreachable — all writes failing, queue depth: 258
2025-01-01 13:03:52 [INFO    ] Config reloaded from disk — version=5139
2025-01-01 13:03:57 [INFO    ] User login successful for user_id=4131
2025-01-01 13:03:58 [INFO    ] User login successful for user_id=2372
2025-01-01 13:04:01 [WARNING ] Rate limit at 5641% for IP 192.168.9069.7427
2025-01-01 13:04:11 [INFO    ] Scheduled job 'cleanup_temp_files' completed in 2248s
2025-01-01 13:04:16 [INFO    ] Database connection pool size: 6948/20
2025-01-01 13:04:23 [INFO    ] Request processed in 5314ms — endpoint /api/v1/data
2025-01-01 13:04:24 [ERROR   ] Unhandled exception in worker thread-3614: IndexError
2025-01-01 13:04:34 [WARNING ] Response time exceeded threshold: 7390ms (limit: 500ms)
2025-01-01 13:04:37 [WARNING ] Disk usage at 6353% on volume /dev/sda1 — consider cleanup
2025-01-01 13:04:38 [INFO    ] Scheduled job 'cleanup_temp_files' completed in 1899s
2025-01-01 13:04:47 [INFO    ] Request processed in 190ms — endpoint /api/v1/data
2025-01-01 13:04:55 [WARNING ] Deprecated API endpoint /v1/legacy called by client 8628
2025-01-01 13:05:05 [INFO    ] Cache hit ratio at 3533% for the last 60 seconds
2025-01-01 13:05:07 [DEBUG   ] Checkpoint reached at loop iteration 7694
2025-01-01 13:05:10 [WARNING ] Deprecated API endpoint /v1/legacy called by client 6579
2025-01-01 13:05:11 [INFO    ] Database connection pool size: 1364/20
2025-01-01 13:05:19 [ERROR   ] NullPointerException in module payments.processor at line 4720
2025-01-01 13:05:29 [INFO    ] Database connection pool size: 535/20
2025-01-01 13:05:39 [WARNING ] Rate limit at 5015% for IP 192.168.9117.9255
2025-01-01 13:05:46 [ERROR   ] Unhandled exception in worker thread-5916: IndexError
2025-01-01 13:05:52 [WARNING ] Response time exceeded threshold: 3866ms (limit: 500ms)
2025-01-01 13:05:57 [ERROR   ] NullPointerException in module payments.processor at line 6184
2025-01-01 13:06:04 [CRITICAL] SYSTEM SHUTDOWN INITIATED — out of memory (used: 1111MB / 512MB)
2025-01-01 13:06:08 [WARNING ] Memory usage at 5834MB — approaching soft limit of 512MB
2025-01-01 13:06:10 [INFO    ] Cache hit ratio at 5354% for the last 60 seconds
2025-01-01 13:06:18 [ERROR   ] HTTP 500 returned for request_id=3894 — internal server error
2025-01-01 13:06:19 [WARNING ] Disk usage at 7463% on volume /dev/sda1 — consider cleanup
2025-01-01 13:06:24 [INFO    ] New session created — session_id=5816
2025-01-01 13:06:28 [INFO    ] Scheduled job 'cleanup_temp_files' completed in 1513s
2025-01-01 13:06:37 [CRITICAL] Security breach detected: 2195 failed login attempts from IP 10.0.5899.272
2025-01-01 13:06:38 [ERROR   ] Unhandled exception in worker thread-8660: IndexError
2025-01-01 13:06:43 [INFO    ] User login successful for user_id=1060
2025-01-01 13:06:47 [INFO    ] New session created — session_id=8515
2025-01-01 13:06:50 [INFO    ] Cache hit ratio at 9752% for the last 60 seconds
2025-01-01 13:06:54 [INFO    ] Cache hit ratio at 5918% for the last 60 seconds
2025-01-01 13:07:01 [INFO    ] User login successful for user_id=260
2025-01-01 13:07:06 [INFO    ] Database connection pool size: 9186/20
2025-01-01 13:07:07 [INFO    ] New session created — session_id=1644
2025-01-01 13:07:11 [INFO    ] Database connection pool size: 1406/20
2025-01-01 13:07:18 [ERROR   ] NullPointerException in module payments.processor at line 694
2025-01-01 13:07:21 [ERROR   ] Failed to connect to database after 9499 retries — giving up
2025-01-01 13:07:22 [CRITICAL] Primary database unreachable — all writes failing, queue depth: 8313
2025-01-01 13:07:32 [CRITICAL] SYSTEM SHUTDOWN INITIATED — out of memory (used: 3079MB / 512MB)
2025-01-01 13:07:36 [INFO    ] User login successful for user_id=3946
2025-01-01 13:07:41 [INFO    ] Request processed in 4014ms — endpoint /api/v1/data
2025-01-01 13:07:48 [ERROR   ] Unhandled exception in worker thread-6428: IndexError
2025-01-01 13:07:55 [INFO    ] Database connection pool size: 565/20
2025-01-01 13:07:58 [INFO    ] New session created — session_id=619
2025-01-01 13:08:03 [INFO    ] Scheduled job 'cleanup_temp_files' completed in 4495s
2025-01-01 13:08:09 [WARNING ] Disk usage at 6119% on volume /dev/sda1 — consider cleanup
2025-01-01 13:08:16 [INFO    ] New session created — session_id=8714
2025-01-01 13:08:22 [INFO    ] Cache hit ratio at 1317% for the last 60 seconds
2025-01-01 13:08:25 [INFO    ] User login successful for user_id=8845
2025-01-01 13:08:27 [ERROR   ] File not found: /var/data/report_9969.csv
2025-01-01 13:08:29 [ERROR   ] Unhandled exception in worker thread-241: IndexError
2025-01-01 13:08:38 [WARNING ] Retry attempt 4227 of 3 for downstream service call
2025-01-01 13:08:41 [WARNING ] Deprecated API endpoint /v1/legacy called by client 1393
2025-01-01 13:08:47 [INFO    ] User login successful for user_id=1274
2025-01-01 13:08:53 [INFO    ] Cache hit ratio at 3301% for the last 60 seconds
2025-01-01 13:08:56 [INFO    ] New session created — session_id=5273
2025-01-01 13:09:02 [INFO    ] New session created — session_id=3261
2025-01-01 13:09:07 [ERROR   ] File not found: /var/data/report_553.csv
2025-01-01 13:09:15 [INFO    ] Config reloaded from disk — version=98
2025-01-01 13:09:18 [INFO    ] Database connection pool size: 7583/20
2025-01-01 13:09:25 [INFO    ] User login successful for user_id=6570
2025-01-01 13:09:33 [INFO    ] Config reloaded from disk — version=5645
2025-01-01 13:09:35 [INFO    ] Request processed in 8477ms — endpoint /api/v1/data
2025-01-01 13:09:36 [INFO    ] New session created — session_id=3132
2025-01-01 13:09:38 [CRITICAL] SSL certificate expires in 6118 hours — immediate action required
2025-01-01 13:09:42 [DEBUG   ] SQL query executed: SELECT * FROM orders WHERE id=8622 (5901ms)
2025-01-01 13:09:47 [INFO    ] Scheduled job 'cleanup_temp_files' completed in 7338s
2025-01-01 13:09:50 [INFO    ] Config reloaded from disk — version=1156
2025-01-01 13:09:52 [CRITICAL] Primary database unreachable — all writes failing, queue depth: 1358
2025-01-01 13:09:59 [INFO    ] User login successful for user_id=5142
2025-01-01 13:10:08 [DEBUG   ] Entering function process_batch() with batch_size=861
2025-01-01 13:10:16 [INFO    ] Cache hit ratio at 5130% for the last 60 seconds
2025-01-01 13:10:23 [DEBUG   ] SQL query executed: SELECT * FROM orders WHERE id=8723 (3158ms)
2025-01-01 13:10:29 [ERROR   ] Authentication token expired for user_id=5986
2025-01-01 13:10:39 [WARNING ] Retry attempt 4556 of 3 for downstream service call
2025-01-01 13:10:47 [INFO    ] Cache hit ratio at 1348% for the last 60 seconds
2025-01-01 13:10:50 [INFO    ] Config reloaded from disk — version=2207
2025-01-01 13:10:52 [INFO    ] Scheduled job 'cleanup_temp_files' completed in 9644s
2025-01-01 13:10:57 [INFO    ] Config reloaded from disk — version=9499
2025-01-01 13:11:01 [CRITICAL] Security breach detected: 5352 failed login attempts from IP 10.0.8909.2758
2025-01-01 13:11:09 [WARNING ] Retry attempt 7302 of 3 for downstream service call
2025-01-01 13:11:13 [INFO    ] Config reloaded from disk — version=2504
2025-01-01 13:11:18 [CRITICAL] Data corruption detected in table 'transactions' at row 5945
2025-01-01 13:11:19 [INFO    ] Database connection pool size: 1700/20
2025-01-01 13:11:28 [INFO    ] Database connection pool size: 3428/20
2025-01-01 13:11:29 [WARNING ] Memory usage at 8152MB — approaching soft limit of 512MB
2025-01-01 13:11:31 [WARNING ] Deprecated API endpoint /v1/legacy called by client 396
2025-01-01 13:11:38 [INFO    ] Scheduled job 'cleanup_temp_files' completed in 5411s
2025-01-01 13:11:47 [WARNING ] Rate limit at 3509% for IP 192.168.4033.4870
2025-01-01 13:11:52 [INFO    ] Scheduled job 'cleanup_temp_files' completed in 9532s
2025-01-01 13:11:53 [CRITICAL] Security breach detected: 4364 failed login attempts from IP 10.0.5500.399
2025-01-01 13:11:59 [INFO    ] User login successful for user_id=962
2025-01-01 13:12:09 [DEBUG   ] SQL query executed: SELECT * FROM orders WHERE id=7081 (2879ms)
2025-01-01 13:12:11 [WARNING ] Memory usage at 8161MB — approaching soft limit of 512MB
2025-01-01 13:12:18 [WARNING ] Response time exceeded threshold: 5720ms (limit: 500ms)
2025-01-01 13:12:27 [ERROR   ] NullPointerException in module payments.processor at line 1512
2025-01-01 13:12:33 [INFO    ] Config reloaded from disk — version=6968
2025-01-01 13:12:34 [WARNING ] Rate limit at 3343% for IP 192.168.4936.8519
2025-01-01 13:12:38 [DEBUG   ] Cache miss for key='user_profile_9744' — fetching from DB
2025-01-01 13:12:42 [INFO    ] Scheduled job 'cleanup_temp_files' completed in 639s
2025-01-01 13:12:48 [WARNING ] Memory usage at 8669MB — approaching soft limit of 512MB
2025-01-01 13:12:52 [ERROR   ] Failed to connect to database after 9845 retries — giving up
2025-01-01 13:12:59 [WARNING ] Response time exceeded threshold: 2574ms (limit: 500ms)
2025-01-01 13:13:01 [INFO    ] Request processed in 1709ms — endpoint /api/v1/data
2025-01-01 13:13:06 [CRITICAL] Security breach detected: 6681 failed login attempts from IP 10.0.9610.7571
2025-01-01 13:13:14 [ERROR   ] HTTP 500 returned for request_id=1995 — internal server error
2025-01-01 13:13:17 [INFO    ] User login successful for user_id=7540
2025-01-01 13:13:27 [ERROR   ] Failed to connect to database after 4880 retries — giving up
2025-01-01 13:13:30 [DEBUG   ] Serializing response object — 2213 fields found
2025-01-01 13:13:37 [INFO    ] New session created — session_id=8062
2025-01-01 13:13:47 [ERROR   ] NullPointerException in module payments.processor at line 4831
2025-01-01 13:13:50 [WARNING ] Disk usage at 3157% on volume /dev/sda1 — consider cleanup
2025-01-01 13:13:51 [WARNING ] Disk usage at 8147% on volume /dev/sda1 — consider cleanup
2025-01-01 13:13:52 [WARNING ] Memory usage at 7177MB — approaching soft limit of 512MB
2025-01-01 13:13:58 [INFO    ] User login successful for user_id=9781
2025-01-01 13:14:07 [DEBUG   ] SQL query executed: SELECT * FROM orders WHERE id=7814 (9331ms)
2025-01-01 13:14:08 [DEBUG   ] Lock acquired on resource 'invoice_1545' by thread-5097
2025-01-01 13:14:12 [INFO    ] Scheduled job 'cleanup_temp_files' completed in 853s
2025-01-01 13:14:19 [WARNING ] Retry attempt 8314 of 3 for downstream service call
2025-01-01 13:14:24 [INFO    ] Scheduled job 'cleanup_temp_files' completed in 4070s
2025-01-01 13:14:30 [WARNING ] Retry attempt 3859 of 3 for downstream service call
2025-01-01 13:14:39 [ERROR   ] Failed to connect to database after 9481 retries — giving up
2025-01-01 13:14:42 [INFO    ] Database connection pool size: 8267/20
2025-01-01 13:14:46 [INFO    ] Cache hit ratio at 373% for the last 60 seconds
2025-01-01 13:14:48 [ERROR   ] Unhandled exception in worker thread-3805: IndexError
2025-01-01 13:14:54 [INFO    ] Database connection pool size: 2527/20
2025-01-01 13:14:59 [WARNING ] Retry attempt 8173 of 3 for downstream service call
2025-01-01 13:15:08 [INFO    ] User login successful for user_id=6440
2025-01-01 13:15:09 [INFO    ] Database connection pool size: 4005/20
2025-01-01 13:15:18 [WARNING ] Retry attempt 5479 of 3 for downstream service call
2025-01-01 13:15:21 [INFO    ] Request processed in 3292ms — endpoint /api/v1/data
2025-01-01 13:15:23 [INFO    ] Cache hit ratio at 632% for the last 60 seconds
2025-01-01 13:15:27 [INFO    ] Database connection pool size: 2787/20
2025-01-01 13:15:28 [WARNING ] Rate limit at 186% for IP 192.168.3819.9747
2025-01-01 13:15:38 [INFO    ] Scheduled job 'cleanup_temp_files' completed in 7880s
2025-01-01 13:15:39 [INFO    ] Scheduled job 'cleanup_temp_files' completed in 2035s
2025-01-01 13:15:47 [DEBUG   ] SQL query executed: SELECT * FROM orders WHERE id=2715 (5481ms)
2025-01-01 13:15:51 [DEBUG   ] Serializing response object — 5532 fields found
2025-01-01 13:16:01 [INFO    ] Database connection pool size: 1779/20
2025-01-01 13:16:04 [ERROR   ] Failed to connect to database after 7362 retries — giving up
2025-01-01 13:16:12 [INFO    ] Cache hit ratio at 5726% for the last 60 seconds
2025-01-01 13:16:14 [INFO    ] Request processed in 7407ms — endpoint /api/v1/data
2025-01-01 13:16:21 [WARNING ] Response time exceeded threshold: 9677ms (limit: 500ms)
2025-01-01 13:16:24 [WARNING ] Deprecated API endpoint /v1/legacy called by client 6380
2025-01-01 13:16:29 [CRITICAL] Primary database unreachable — all writes failing, queue depth: 3158
2025-01-01 13:16:34 [INFO    ] Database connection pool size: 7812/20
2025-01-01 13:16:35 [ERROR   ] HTTP 500 returned for request_id=463 — internal server error
2025-01-01 13:16:38 [INFO    ] New session created — session_id=218
2025-01-01 13:16:48 [WARNING ] Response time exceeded threshold: 7421ms (limit: 500ms)
2025-01-01 13:16:49 [INFO    ] User login successful for user_id=1332
2025-01-01 13:16:50 [WARNING ] Rate limit at 6650% for IP 192.168.1568.2577
2025-01-01 13:17:00 [ERROR   ] Unhandled exception in worker thread-3422: IndexError
2025-01-01 13:17:10 [INFO    ] Request processed in 5359ms — endpoint /api/v1/data
2025-01-01 13:17:12 [WARNING ] Deprecated API endpoint /v1/legacy called by client 4251
2025-01-01 13:17:13 [ERROR   ] Authentication token expired for user_id=5323
2025-01-01 13:17:23 [ERROR   ] HTTP 500 returned for request_id=3349 — internal server error
2025-01-01 13:17:28 [INFO    ] Cache hit ratio at 739% for the last 60 seconds
2025-01-01 13:17:30 [WARNING ] Rate limit at 9870% for IP 192.168.6102.110
2025-01-01 13:17:34 [INFO    ] New session created — session_id=7644
2025-01-01 13:17:43 [ERROR   ] File not found: /var/data/report_8571.csv
2025-01-01 13:17:53 [ERROR   ] HTTP 500 returned for request_id=1017 — internal server error
2025-01-01 13:17:55 [WARNING ] Response time exceeded threshold: 941ms (limit: 500ms)
2025-01-01 13:18:02 [WARNING ] Memory usage at 6794MB — approaching soft limit of 512MB
2025-01-01 13:18:08 [WARNING ] Memory usage at 9071MB — approaching soft limit of 512MB
2025-01-01 13:18:10 [INFO    ] User login successful for user_id=1053
2025-01-01 13:18:12 [INFO    ] New session created — session_id=8122
2025-01-01 13:18:20 [INFO    ] New session created — session_id=3965
2025-01-01 13:18:28 [INFO    ] Scheduled job 'cleanup_temp_files' completed in 1317s
2025-01-01 13:18:30 [INFO    ] Database connection pool size: 5185/20
2025-01-01 13:18:33 [ERROR   ] File not found: /var/data/report_8469.csv
2025-01-01 13:18:39 [CRITICAL] Primary database unreachable — all writes failing, queue depth: 4660
2025-01-01 13:18:48 [CRITICAL] SSL certificate expires in 6172 hours — immediate action required
2025-01-01 13:18:55 [DEBUG   ] Serializing response object — 9998 fields found
2025-01-01 13:19:01 [WARNING ] Disk usage at 4382% on volume /dev/sda1 — consider cleanup
2025-01-01 13:19:04 [DEBUG   ] SQL query executed: SELECT * FROM orders WHERE id=4863 (3185ms)
2025-01-01 13:19:06 [INFO    ] New session created — session_id=5718
2025-01-01 13:19:13 [ERROR   ] File not found: /var/data/report_4020.csv
2025-01-01 13:19:23 [INFO    ] Database connection pool size: 9992/20
2025-01-01 13:19:24 [INFO    ] Database connection pool size: 9729/20
2025-01-01 13:19:28 [ERROR   ] NullPointerException in module payments.processor at line 8763
2025-01-01 13:19:30 [INFO    ] Config reloaded from disk — version=3519
2025-01-01 13:19:31 [INFO    ] User login successful for user_id=9414
2025-01-01 13:19:38 [INFO    ] Scheduled job 'cleanup_temp_files' completed in 9281s
2025-01-01 13:19:47 [ERROR   ] Failed to connect to database after 7588 retries — giving up
2025-01-01 13:19:56 [DEBUG   ] Checkpoint reached at loop iteration 6744
2025-01-01 13:20:03 [INFO    ] Cache hit ratio at 3910% for the last 60 seconds
2025-01-01 13:20:07 [INFO    ] Database connection pool size: 717/20
2025-01-01 13:20:08 [WARNING ] Memory usage at 3970MB — approaching soft limit of 512MB
2025-01-01 13:20:18 [INFO    ] Scheduled job 'cleanup_temp_files' completed in 6610s
2025-01-01 13:20:23 [INFO    ] Scheduled job 'cleanup_temp_files' completed in 1861s
2025-01-01 13:20:25 [INFO    ] User login successful for user_id=2539
2025-01-01 13:20:29 [WARNING ] Memory usage at 1196MB — approaching soft limit of 512MB
2025-01-01 13:20:32 [WARNING ] Rate limit at 4608% for IP 192.168.1325.6672
2025-01-01 13:20:38 [DEBUG   ] Lock acquired on resource 'invoice_6573' by thread-8043
2025-01-01 13:20:47 [INFO    ] New session created — session_id=8623
2025-01-01 13:20:52 [WARNING ] Rate limit at 5406% for IP 192.168.190.1712
2025-01-01 13:20:57 [INFO    ] Scheduled job 'cleanup_temp_files' completed in 8243s
2025-01-01 13:20:59 [DEBUG   ] Entering function process_batch() with batch_size=520
2025-01-01 13:21:02 [INFO    ] Config reloaded from disk — version=7948
2025-01-01 13:21:11 [DEBUG   ] SQL query executed: SELECT * FROM orders WHERE id=6314 (7866ms)
2025-01-01 13:21:18 [INFO    ] User login successful for user_id=3601
2025-01-01 13:21:24 [DEBUG   ] Lock acquired on resource 'invoice_9079' by thread-4272
2025-01-01 13:21:29 [INFO    ] Config reloaded from disk — version=5047
2025-01-01 13:21:39 [INFO    ] Database connection pool size: 3183/20
2025-01-01 13:21:41 [ERROR   ] Failed to connect to database after 1305 retries — giving up
2025-01-01 13:21:43 [INFO    ] Request processed in 7650ms — endpoint /api/v1/data
2025-01-01 13:21:45 [INFO    ] Database connection pool size: 9470/20
2025-01-01 13:21:54 [INFO    ] New session created — session_id=543
2025-01-01 13:22:03 [INFO    ] Cache hit ratio at 9422% for the last 60 seconds
2025-01-01 13:22:11 [WARNING ] Disk usage at 4063% on volume /dev/sda1 — consider cleanup
2025-01-01 13:22:18 [CRITICAL] SSL certificate expires in 9443 hours — immediate action required
2025-01-01 13:22:22 [INFO    ] Scheduled job 'cleanup_temp_files' completed in 7441s
2025-01-01 13:22:23 [INFO    ] Request processed in 2750ms — endpoint /api/v1/data
2025-01-01 13:22:24 [ERROR   ] Failed to connect to database after 9433 retries — giving up
2025-01-01 13:22:31 [ERROR   ] Unhandled exception in worker thread-4772: IndexError
2025-01-01 13:22:35 [ERROR   ] NullPointerException in module payments.processor at line 5665
2025-01-01 13:22:37 [INFO    ] Config reloaded from disk — version=1274
2025-01-01 13:22:44 [WARNING ] Disk usage at 1061% on volume /dev/sda1 — consider cleanup
2025-01-01 13:22:46 [ERROR   ] Authentication token expired for user_id=2530
2025-01-01 13:22:56 [INFO    ] Config reloaded from disk — version=7215
2025-01-01 13:22:59 [WARNING ] Rate limit at 2692% for IP 192.168.4963.7061
2025-01-01 13:23:05 [ERROR   ] HTTP 500 returned for request_id=5592 — internal server error
2025-01-01 13:23:13 [ERROR   ] Failed to connect to database after 2410 retries — giving up
2025-01-01 13:23:20 [INFO    ] Request processed in 9835ms — endpoint /api/v1/data
2025-01-01 13:23:28 [INFO    ] User login successful for user_id=5297
2025-01-01 13:23:29 [WARNING ] Retry attempt 5935 of 3 for downstream service call
2025-01-01 13:23:30 [INFO    ] Scheduled job 'cleanup_temp_files' completed in 7013s
2025-01-01 13:23:39 [INFO    ] User login successful for user_id=3425
2025-01-01 13:23:48 [WARNING ] Disk usage at 3472% on volume /dev/sda1 — consider cleanup
2025-01-01 13:23:58 [INFO    ] New session created — session_id=3121
2025-01-01 13:23:59 [ERROR   ] NullPointerException in module payments.processor at line 1137
2025-01-01 13:24:06 [DEBUG   ] Entering function process_batch() with batch_size=5264
2025-01-01 13:24:11 [INFO    ] Request processed in 1323ms — endpoint /api/v1/data
2025-01-01 13:24:14 [ERROR   ] NullPointerException in module payments.processor at line 2143
2025-01-01 13:24:20 [INFO    ] Request processed in 7095ms — endpoint /api/v1/data
2025-01-01 13:24:26 [DEBUG   ] Lock acquired on resource 'invoice_4995' by thread-9073
2025-01-01 13:24:31 [WARNING ] Rate limit at 7192% for IP 192.168.2518.7440
2025-01-01 13:24:32 [INFO    ] Request processed in 1620ms — endpoint /api/v1/data
2025-01-01 13:24:33 [ERROR   ] Failed to connect to database after 8757 retries — giving up
2025-01-01 13:24:43 [WARNING ] Response time exceeded threshold: 7029ms (limit: 500ms)
2025-01-01 13:24:50 [INFO    ] Database connection pool size: 4063/20
2025-01-01 13:24:59 [WARNING ] Disk usage at 9757% on volume /dev/sda1 — consider cleanup
2025-01-01 13:25:03 [INFO    ] New session created — session_id=6038
2025-01-01 13:25:11 [INFO    ] Database connection pool size: 8856/20
2025-01-01 13:25:13 [INFO    ] Database connection pool size: 684/20
2025-01-01 13:25:14 [ERROR   ] File not found: /var/data/report_8454.csv
2025-01-01 13:25:17 [WARNING ] Deprecated API endpoint /v1/legacy called by client 7216
2025-01-01 13:25:22 [DEBUG   ] Checkpoint reached at loop iteration 5142
2025-01-01 13:25:31 [WARNING ] Deprecated API endpoint /v1/legacy called by client 5668
2025-01-01 13:25:38 [ERROR   ] Failed to connect to database after 1941 retries — giving up
2025-01-01 13:25:47 [WARNING ] Deprecated API endpoint /v1/legacy called by client 3695
2025-01-01 13:25:55 [DEBUG   ] Serializing response object — 7604 fields found
2025-01-01 13:26:01 [DEBUG   ] SQL query executed: SELECT * FROM orders WHERE id=7070 (4298ms)
2025-01-01 13:26:11 [INFO    ] Request processed in 7046ms — endpoint /api/v1/data
2025-01-01 13:26:19 [DEBUG   ] SQL query executed: SELECT * FROM orders WHERE id=7383 (7241ms)
2025-01-01 13:26:23 [INFO    ] Cache hit ratio at 6042% for the last 60 seconds
2025-01-01 13:26:30 [INFO    ] Scheduled job 'cleanup_temp_files' completed in 6127s
2025-01-01 13:26:33 [CRITICAL] SSL certificate expires in 5806 hours — immediate action required
2025-01-01 13:26:34 [INFO    ] New session created — session_id=5229
2025-01-01 13:26:37 [DEBUG   ] Cache miss for key='user_profile_8836' — fetching from DB
2025-01-01 13:26:45 [INFO    ] New session created — session_id=6785
2025-01-01 13:26:54 [ERROR   ] File not found: /var/data/report_769.csv
2025-01-01 13:26:55 [INFO    ] Cache hit ratio at 2248% for the last 60 seconds
2025-01-01 13:26:59 [WARNING ] Disk usage at 5496% on volume /dev/sda1 — consider cleanup
2025-01-01 13:27:02 [ERROR   ] NullPointerException in module payments.processor at line 1005
2025-01-01 13:27:12 [INFO    ] Cache hit ratio at 3062% for the last 60 seconds
2025-01-01 13:27:16 [INFO    ] User login successful for user_id=3616
2025-01-01 13:27:26 [INFO    ] User login successful for user_id=2098
2025-01-01 13:27:34 [INFO    ] New session created — session_id=171
2025-01-01 13:27:35 [INFO    ] Database connection pool size: 3660/20
2025-01-01 13:27:40 [ERROR   ] Failed to connect to database after 9946 retries — giving up
2025-01-01 13:27:44 [INFO    ] New session created — session_id=5524
2025-01-01 13:27:53 [WARNING ] Response time exceeded threshold: 2548ms (limit: 500ms)
2025-01-01 13:28:01 [ERROR   ] File not found: /var/data/report_7470.csv
2025-01-01 13:28:07 [INFO    ] Cache hit ratio at 9590% for the last 60 seconds
2025-01-01 13:28:08 [INFO    ] Database connection pool size: 8891/20
2025-01-01 13:28:13 [INFO    ] New session created — session_id=1582
2025-01-01 13:28:19 [DEBUG   ] Cache miss for key='user_profile_2064' — fetching from DB
2025-01-01 13:28:26 [WARNING ] Rate limit at 9085% for IP 192.168.4867.8026
2025-01-01 13:28:28 [DEBUG   ] Checkpoint reached at loop iteration 6060
2025-01-01 13:28:32 [WARNING ] Memory usage at 5856MB — approaching soft limit of 512MB
2025-01-01 13:28:34 [INFO    ] Config reloaded from disk — version=2822
2025-01-01 13:28:35 [INFO    ] Database connection pool size: 1763/20
2025-01-01 13:28:39 [INFO    ] Request processed in 3688ms — endpoint /api/v1/data
2025-01-01 13:28:46 [INFO    ] Scheduled job 'cleanup_temp_files' completed in 2096s
2025-01-01 13:28:47 [INFO    ] Database connection pool size: 3813/20
2025-01-01 13:28:56 [INFO    ] Request processed in 3250ms — endpoint /api/v1/data
2025-01-01 13:29:05 [INFO    ] Request processed in 6279ms — endpoint /api/v1/data
2025-01-01 13:29:13 [INFO    ] Config reloaded from disk — version=8266
2025-01-01 13:29:16 [INFO    ] User login successful for user_id=2904
2025-01-01 13:29:23 [WARNING ] Disk usage at 6715% on volume /dev/sda1 — consider cleanup
2025-01-01 13:29:32 [DEBUG   ] Cache miss for key='user_profile_2882' — fetching from DB
2025-01-01 13:29:40 [ERROR   ] NullPointerException in module payments.processor at line 6848
2025-01-01 13:29:47 [WARNING ] Deprecated API endpoint /v1/legacy called by client 3548
2025-01-01 13:29:53 [CRITICAL] SYSTEM SHUTDOWN INITIATED — out of memory (used: 2945MB / 512MB)
2025-01-01 13:29:56 [WARNING ] Memory usage at 7604MB — approaching soft limit of 512MB
2025-01-01 13:30:03 [WARNING ] Retry attempt 7439 of 3 for downstream service call
2025-01-01 13:30:11 [INFO    ] Config reloaded from disk — version=6873
2025-01-01 13:30:17 [WARNING ] Disk usage at 2079% on volume /dev/sda1 — consider cleanup
2025-01-01 13:30:18 [ERROR   ] Unhandled exception in worker thread-8602: IndexError
2025-01-01 13:30:26 [INFO    ] Database connection pool size: 5519/20
2025-01-01 13:30:30 [WARNING ] Rate limit at 556% for IP 192.168.7914.8147
2025-01-01 13:30:39 [INFO    ] Request processed in 5615ms — endpoint /api/v1/data
2025-01-01 13:30:43 [INFO    ] Request processed in 680ms — endpoint /api/v1/data
2025-01-01 13:30:46 [INFO    ] Request processed in 9296ms — endpoint /api/v1/data
2025-01-01 13:30:54 [ERROR   ] Unhandled exception in worker thread-4000: IndexError
2025-01-01 13:31:04 [INFO    ] Database connection pool size: 2529/20
2025-01-01 13:31:05 [INFO    ] Database connection pool size: 7773/20
2025-01-01 13:31:13 [INFO    ] Cache hit ratio at 7922% for the last 60 seconds
2025-01-01 13:31:18 [INFO    ] User login successful for user_id=7845
2025-01-01 13:31:19 [WARNING ] Retry attempt 7509 of 3 for downstream service call
2025-01-01 13:31:24 [INFO    ] User login successful for user_id=4593
2025-01-01 13:31:34 [DEBUG   ] SQL query executed: SELECT * FROM orders WHERE id=1643 (8349ms)
2025-01-01 13:31:37 [ERROR   ] Unhandled exception in worker thread-4863: IndexError
2025-01-01 13:31:38 [ERROR   ] Failed to connect to database after 6715 retries — giving up
2025-01-01 13:31:40 [WARNING ] Disk usage at 7149% on volume /dev/sda1 — consider cleanup
2025-01-01 13:31:48 [INFO    ] New session created — session_id=1788
2025-01-01 13:31:50 [INFO    ] Scheduled job 'cleanup_temp_files' completed in 3825s
2025-01-01 13:32:00 [INFO    ] Scheduled job 'cleanup_temp_files' completed in 8106s
2025-01-01 13:32:06 [INFO    ] Database connection pool size: 2480/20
2025-01-01 13:32:07 [ERROR   ] Failed to connect to database after 5562 retries — giving up
2025-01-01 13:32:08 [ERROR   ] HTTP 500 returned for request_id=1527 — internal server error
2025-01-01 13:32:15 [ERROR   ] Authentication token expired for user_id=3537
2025-01-01 13:32:21 [WARNING ] Disk usage at 5154% on volume /dev/sda1 — consider cleanup
2025-01-01 13:32:30 [ERROR   ] Unhandled exception in worker thread-8505: IndexError
2025-01-01 13:32:34 [DEBUG   ] Checkpoint reached at loop iteration 6444
2025-01-01 13:32:35 [INFO    ] New session created — session_id=6657
2025-01-01 13:32:39 [ERROR   ] NullPointerException in module payments.processor at line 8751
2025-01-01 13:32:45 [INFO    ] Config reloaded from disk — version=6002
2025-01-01 13:32:48 [INFO    ] Database connection pool size: 4015/20
2025-01-01 13:32:54 [INFO    ] Cache hit ratio at 5558% for the last 60 seconds
2025-01-01 13:32:58 [INFO    ] Database connection pool size: 9840/20
2025-01-01 13:33:03 [WARNING ] Deprecated API endpoint /v1/legacy called by client 9174
2025-01-01 13:33:13 [WARNING ] Retry attempt 5642 of 3 for downstream service call
2025-01-01 13:33:20 [INFO    ] Cache hit ratio at 8805% for the last 60 seconds
2025-01-01 13:33:29 [ERROR   ] Unhandled exception in worker thread-4544: IndexError
2025-01-01 13:33:36 [INFO    ] Cache hit ratio at 6290% for the last 60 seconds
2025-01-01 13:33:38 [ERROR   ] Unhandled exception in worker thread-7351: IndexError
2025-01-01 13:33:43 [WARNING ] Response time exceeded threshold: 6881ms (limit: 500ms)
2025-01-01 13:33:53 [WARNING ] Response time exceeded threshold: 3729ms (limit: 500ms)
2025-01-01 13:33:56 [WARNING ] Response time exceeded threshold: 9515ms (limit: 500ms)
2025-01-01 13:33:59 [INFO    ] Database connection pool size: 3155/20
2025-01-01 13:34:00 [WARNING ] Retry attempt 9300 of 3 for downstream service call
2025-01-01 13:34:03 [INFO    ] Config reloaded from disk — version=6320
2025-01-01 13:34:09 [INFO    ] Database connection pool size: 1193/20
2025-01-01 13:34:10 [WARNING ] Rate limit at 4787% for IP 192.168.5271.2833
2025-01-01 13:34:15 [INFO    ] Database connection pool size: 7207/20
2025-01-01 13:34:17 [DEBUG   ] Lock acquired on resource 'invoice_9155' by thread-5980
2025-01-01 13:34:20 [DEBUG   ] Entering function process_batch() with batch_size=1864
2025-01-01 13:34:24 [INFO    ] Cache hit ratio at 4017% for the last 60 seconds
2025-01-01 13:34:27 [DEBUG   ] Lock acquired on resource 'invoice_6056' by thread-9721
2025-01-01 13:34:36 [INFO    ] Request processed in 8706ms — endpoint /api/v1/data
2025-01-01 13:34:39 [INFO    ] New session created — session_id=4933
2025-01-01 13:34:44 [INFO    ] Scheduled job 'cleanup_temp_files' completed in 5045s
2025-01-01 13:34:50 [WARNING ] Deprecated API endpoint /v1/legacy called by client 1386
2025-01-01 13:35:00 [INFO    ] Scheduled job 'cleanup_temp_files' completed in 4221s
2025-01-01 13:35:05 [INFO    ] Cache hit ratio at 7089% for the last 60 seconds
2025-01-01 13:35:14 [INFO    ] Cache hit ratio at 9940% for the last 60 seconds
2025-01-01 13:35:15 [INFO    ] Cache hit ratio at 3432% for the last 60 seconds
2025-01-01 13:35:22 [INFO    ] Database connection pool size: 2837/20
2025-01-01 13:35:29 [DEBUG   ] Cache miss for key='user_profile_5704' — fetching from DB
2025-01-01 13:35:38 [WARNING ] Memory usage at 2263MB — approaching soft limit of 512MB
2025-01-01 13:35:40 [WARNING ] Response time exceeded threshold: 6146ms (limit: 500ms)
2025-01-01 13:35:45 [ERROR   ] NullPointerException in module payments.processor at line 2135
2025-01-01 13:35:53 [INFO    ] Scheduled job 'cleanup_temp_files' completed in 2689s
2025-01-01 13:36:02 [DEBUG   ] Serializing response object — 2663 fields found
2025-01-01 13:36:03 [ERROR   ] Unhandled exception in worker thread-8984: IndexError
2025-01-01 13:36:04 [DEBUG   ] Entering function process_batch() with batch_size=2518
2025-01-01 13:36:07 [INFO    ] Database connection pool size: 4601/20
2025-01-01 13:36:15 [INFO    ] Request processed in 8963ms — endpoint /api/v1/data
2025-01-01 13:36:25 [INFO    ] Request processed in 4572ms — endpoint /api/v1/data
2025-01-01 13:36:27 [WARNING ] Deprecated API endpoint /v1/legacy called by client 9098
2025-01-01 13:36:33 [INFO    ] New session created — session_id=4859
2025-01-01 13:36:43 [DEBUG   ] Lock acquired on resource 'invoice_3220' by thread-4369
2025-01-01 13:36:45 [DEBUG   ] Checkpoint reached at loop iteration 9506
2025-01-01 13:36:50 [INFO    ] User login successful for user_id=7842
2025-01-01 13:36:51 [INFO    ] Config reloaded from disk — version=6616
2025-01-01 13:36:58 [WARNING ] Response time exceeded threshold: 7919ms (limit: 500ms)
2025-01-01 13:37:04 [INFO    ] Database connection pool size: 7544/20
2025-01-01 13:37:13 [ERROR   ] NullPointerException in module payments.processor at line 4874
2025-01-01 13:37:18 [INFO    ] New session created — session_id=5490
2025-01-01 13:37:27 [CRITICAL] SYSTEM SHUTDOWN INITIATED — out of memory (used: 5446MB / 512MB)
2025-01-01 13:37:33 [INFO    ] Cache hit ratio at 8969% for the last 60 seconds
2025-01-01 13:37:35 [DEBUG   ] Lock acquired on resource 'invoice_4697' by thread-3524
2025-01-01 13:37:44 [ERROR   ] Authentication token expired for user_id=7178
2025-01-01 13:37:48 [INFO    ] Database connection pool size: 5609/20
2025-01-01 13:37:58 [INFO    ] Cache hit ratio at 4603% for the last 60 seconds
2025-01-01 13:38:03 [WARNING ] Disk usage at 7934% on volume /dev/sda1 — consider cleanup
2025-01-01 13:38:08 [INFO    ] New session created — session_id=1642
2025-01-01 13:38:09 [INFO    ] Cache hit ratio at 459% for the last 60 seconds
2025-01-01 13:38:18 [CRITICAL] SYSTEM SHUTDOWN INITIATED — out of memory (used: 2462MB / 512MB)
2025-01-01 13:38:22 [WARNING ] Disk usage at 1382% on volume /dev/sda1 — consider cleanup
2025-01-01 13:38:24 [WARNING ] Memory usage at 2824MB — approaching soft limit of 512MB
2025-01-01 13:38:34 [ERROR   ] HTTP 500 returned for request_id=5093 — internal server error
2025-01-01 13:38:43 [WARNING ] Response time exceeded threshold: 579ms (limit: 500ms)
2025-01-01 13:38:45 [INFO    ] Cache hit ratio at 2834% for the last 60 seconds
2025-01-01 13:38:54 [INFO    ] Database connection pool size: 8951/20
2025-01-01 13:39:04 [DEBUG   ] Checkpoint reached at loop iteration 2900
2025-01-01 13:39:06 [WARNING ] Response time exceeded threshold: 9558ms (limit: 500ms)
2025-01-01 13:39:10 [INFO    ] Config reloaded from disk — version=5682
2025-01-01 13:39:11 [INFO    ] New session created — session_id=8410
2025-01-01 13:39:12 [INFO    ] Cache hit ratio at 833% for the last 60 seconds
2025-01-01 13:39:13 [CRITICAL] SSL certificate expires in 461 hours — immediate action required
2025-01-01 13:39:14 [ERROR   ] File not found: /var/data/report_8348.csv
2025-01-01 13:39:20 [ERROR   ] Failed to connect to database after 6845 retries — giving up
2025-01-01 13:39:26 [DEBUG   ] Checkpoint reached at loop iteration 9915
2025-01-01 13:39:29 [INFO    ] Database connection pool size: 7567/20
2025-01-01 13:39:30 [ERROR   ] HTTP 500 returned for request_id=290 — internal server error
2025-01-01 13:39:32 [INFO    ] Scheduled job 'cleanup_temp_files' completed in 2316s
2025-01-01 13:39:41 [WARNING ] Memory usage at 2571MB — approaching soft limit of 512MB
2025-01-01 13:39:42 [WARNING ] Retry attempt 9673 of 3 for downstream service call
2025-01-01 13:39:49 [INFO    ] User login successful for user_id=3832
2025-01-01 13:39:50 [WARNING ] Memory usage at 8044MB — approaching soft limit of 512MB
2025-01-01 13:39:59 [INFO    ] Database connection pool size: 2265/20
2025-01-01 13:40:08 [WARNING ] Disk usage at 1451% on volume /dev/sda1 — consider cleanup
2025-01-01 13:40:10 [ERROR   ] Failed to connect to database after 3102 retries — giving up
2025-01-01 13:40:14 [INFO    ] Cache hit ratio at 1168% for the last 60 seconds
2025-01-01 13:40:19 [ERROR   ] Unhandled exception in worker thread-8001: IndexError
2025-01-01 13:40:26 [ERROR   ] HTTP 500 returned for request_id=106 — internal server error
2025-01-01 13:40:32 [ERROR   ] Unhandled exception in worker thread-1384: IndexError
2025-01-01 13:40:40 [WARNING ] Retry attempt 4705 of 3 for downstream service call
2025-01-01 13:40:49 [ERROR   ] File not found: /var/data/report_1840.csv
2025-01-01 13:40:56 [WARNING ] Rate limit at 2851% for IP 192.168.150.9919
2025-01-01 13:41:00 [ERROR   ] File not found: /var/data/report_3358.csv
2025-01-01 13:41:03 [ERROR   ] File not found: /var/data/report_5307.csv
2025-01-01 13:41:10 [INFO    ] Request processed in 1469ms — endpoint /api/v1/data
2025-01-01 13:41:13 [CRITICAL] SSL certificate expires in 3174 hours — immediate action required
2025-01-01 13:41:15 [DEBUG   ] Serializing response object — 1609 fields found
2025-01-01 13:41:22 [WARNING ] Disk usage at 2607% on volume /dev/sda1 — consider cleanup
2025-01-01 13:41:24 [INFO    ] Scheduled job 'cleanup_temp_files' completed in 7120s
2025-01-01 13:41:27 [INFO    ] Config reloaded from disk — version=8321
2025-01-01 13:41:32 [WARNING ] Rate limit at 1072% for IP 192.168.4812.6772
2025-01-01 13:41:35 [INFO    ] Request processed in 3749ms — endpoint /api/v1/data
2025-01-01 13:41:45 [INFO    ] Config reloaded from disk — version=1683
2025-01-01 13:41:48 [WARNING ] Deprecated API endpoint /v1/legacy called by client 3411
2025-01-01 13:41:58 [CRITICAL] Primary database unreachable — all writes failing, queue depth: 8753
2025-01-01 13:42:07 [WARNING ] Rate limit at 7351% for IP 192.168.4949.7889
2025-01-01 13:42:08 [INFO    ] Database connection pool size: 2208/20
2025-01-01 13:42:18 [INFO    ] Database connection pool size: 5117/20
2025-01-01 13:42:19 [CRITICAL] SYSTEM SHUTDOWN INITIATED — out of memory (used: 7684MB / 512MB)
2025-01-01 13:42:27 [WARNING ] Rate limit at 5731% for IP 192.168.2658.980
2025-01-01 13:42:34 [INFO    ] User login successful for user_id=4270
2025-01-01 13:42:36 [INFO    ] Cache hit ratio at 5114% for the last 60 seconds
2025-01-01 13:42:46 [ERROR   ] NullPointerException in module payments.processor at line 6966
2025-01-01 13:42:49 [INFO    ] Database connection pool size: 9003/20
2025-01-01 13:42:58 [INFO    ] New session created — session_id=6492
2025-01-01 13:43:08 [INFO    ] Scheduled job 'cleanup_temp_files' completed in 6752s
2025-01-01 13:43:09 [INFO    ] Request processed in 2660ms — endpoint /api/v1/data
2025-01-01 13:43:14 [INFO    ] Database connection pool size: 690/20
2025-01-01 13:43:15 [WARNING ] Disk usage at 5441% on volume /dev/sda1 — consider cleanup
2025-01-01 13:43:25 [INFO    ] New session created — session_id=6572
2025-01-01 13:43:26 [INFO    ] Cache hit ratio at 9852% for the last 60 seconds
2025-01-01 13:43:32 [ERROR   ] Unhandled exception in worker thread-7640: IndexError
2025-01-01 13:43:37 [WARNING ] Disk usage at 4042% on volume /dev/sda1 — consider cleanup
2025-01-01 13:43:46 [INFO    ] New session created — session_id=9948
2025-01-01 13:43:54 [INFO    ] New session created — session_id=7028
2025-01-01 13:43:56 [INFO    ] Request processed in 2980ms — endpoint /api/v1/data
2025-01-01 13:44:02 [ERROR   ] Authentication token expired for user_id=1644
2025-01-01 13:44:12 [INFO    ] Cache hit ratio at 1696% for the last 60 seconds
2025-01-01 13:44:16 [ERROR   ] Authentication token expired for user_id=9296
2025-01-01 13:44:25 [INFO    ] Config reloaded from disk — version=7131
2025-01-01 13:44:33 [INFO    ] New session created — session_id=4960
2025-01-01 13:44:36 [INFO    ] Request processed in 3164ms — endpoint /api/v1/data
2025-01-01 13:44:42 [INFO    ] Config reloaded from disk — version=8590
2025-01-01 13:44:47 [DEBUG   ] SQL query executed: SELECT * FROM orders WHERE id=6778 (5174ms)
2025-01-01 13:44:48 [DEBUG   ] Cache miss for key='user_profile_3061' — fetching from DB
2025-01-01 13:44:55 [INFO    ] Database connection pool size: 518/20
2025-01-01 13:44:56 [INFO    ] New session created — session_id=9151
2025-01-01 13:44:58 [INFO    ] User login successful for user_id=9984
2025-01-01 13:45:00 [INFO    ] User login successful for user_id=5845
2025-01-01 13:45:10 [INFO    ] Scheduled job 'cleanup_temp_files' completed in 5859s
2025-01-01 13:45:19 [WARNING ] Response time exceeded threshold: 303ms (limit: 500ms)
2025-01-01 13:45:28 [INFO    ] Config reloaded from disk — version=457
2025-01-01 13:45:37 [INFO    ] Scheduled job 'cleanup_temp_files' completed in 2250s
2025-01-01 13:45:44 [WARNING ] Rate limit at 7939% for IP 192.168.5495.7595
2025-01-01 13:45:45 [INFO    ] Cache hit ratio at 2914% for the last 60 seconds
2025-01-01 13:45:49 [ERROR   ] Authentication token expired for user_id=6134
2025-01-01 13:45:59 [DEBUG   ] Cache miss for key='user_profile_7761' — fetching from DB
2025-01-01 13:46:07 [INFO    ] New session created — session_id=1397
2025-01-01 13:46:09 [INFO    ] Request processed in 960ms — endpoint /api/v1/data
2025-01-01 13:46:11 [INFO    ] New session created — session_id=8672
2025-01-01 13:46:15 [INFO    ] Config reloaded from disk — version=2314
2025-01-01 13:46:19 [ERROR   ] File not found: /var/data/report_5258.csv
2025-01-01 13:46:20 [ERROR   ] Failed to connect to database after 4947 retries — giving up
2025-01-01 13:46:21 [DEBUG   ] Cache miss for key='user_profile_2832' — fetching from DB
2025-01-01 13:46:22 [WARNING ] Retry attempt 1212 of 3 for downstream service call
2025-01-01 13:46:25 [INFO    ] Cache hit ratio at 9633% for the last 60 seconds
2025-01-01 13:46:32 [INFO    ] Cache hit ratio at 3309% for the last 60 seconds
2025-01-01 13:46:33 [ERROR   ] Authentication token expired for user_id=9298
2025-01-01 13:46:40 [WARNING ] Disk usage at 1784% on volume /dev/sda1 — consider cleanup
2025-01-01 13:46:41 [INFO    ] Scheduled job 'cleanup_temp_files' completed in 7210s
2025-01-01 13:46:44 [WARNING ] Disk usage at 9477% on volume /dev/sda1 — consider cleanup
2025-01-01 13:46:45 [INFO    ] Config reloaded from disk — version=3797
2025-01-01 13:46:49 [DEBUG   ] Lock acquired on resource 'invoice_5802' by thread-2165
2025-01-01 13:46:59 [INFO    ] User login successful for user_id=327
2025-01-01 13:47:07 [INFO    ] Request processed in 1866ms — endpoint /api/v1/data
2025-01-01 13:47:17 [INFO    ] User login successful for user_id=6688
2025-01-01 13:47:23 [INFO    ] User login successful for user_id=6837
2025-01-01 13:47:24 [INFO    ] Database connection pool size: 1803/20
2025-01-01 13:47:27 [ERROR   ] HTTP 500 returned for request_id=8630 — internal server error
2025-01-01 13:47:35 [CRITICAL] Data corruption detected in table 'transactions' at row 9107
2025-01-01 13:47:39 [ERROR   ] NullPointerException in module payments.processor at line 8853
2025-01-01 13:47:44 [INFO    ] Request processed in 918ms — endpoint /api/v1/data
2025-01-01 13:47:54 [ERROR   ] HTTP 500 returned for request_id=7045 — internal server error
2025-01-01 13:48:03 [ERROR   ] Authentication token expired for user_id=1450
2025-01-01 13:48:12 [ERROR   ] Unhandled exception in worker thread-369: IndexError
2025-01-01 13:48:22 [INFO    ] Database connection pool size: 888/20
2025-01-01 13:48:26 [DEBUG   ] Cache miss for key='user_profile_8969' — fetching from DB
2025-01-01 13:48:28 [WARNING ] Memory usage at 2503MB — approaching soft limit of 512MB
2025-01-01 13:48:37 [DEBUG   ] Checkpoint reached at loop iteration 3702
2025-01-01 13:48:41 [DEBUG   ] Serializing response object — 870 fields found
2025-01-01 13:48:51 [WARNING ] Rate limit at 6438% for IP 192.168.4144.868
2025-01-01 13:48:52 [WARNING ] Disk usage at 4987% on volume /dev/sda1 — consider cleanup
2025-01-01 13:48:57 [INFO    ] Scheduled job 'cleanup_temp_files' completed in 5400s
2025-01-01 13:49:06 [ERROR   ] NullPointerException in module payments.processor at line 5814
2025-01-01 13:49:09 [INFO    ] Cache hit ratio at 4888% for the last 60 seconds
2025-01-01 13:49:12 [INFO    ] Scheduled job 'cleanup_temp_files' completed in 2601s
2025-01-01 13:49:20 [ERROR   ] Unhandled exception in worker thread-9782: IndexError
2025-01-01 13:49:21 [DEBUG   ] Cache miss for key='user_profile_3547' — fetching from DB
2025-01-01 13:49:31 [WARNING ] Response time exceeded threshold: 9879ms (limit: 500ms)
2025-01-01 13:49:39 [INFO    ] New session created — session_id=925
2025-01-01 13:49:42 [ERROR   ] Failed to connect to database after 8777 retries — giving up
2025-01-01 13:49:45 [DEBUG   ] Lock acquired on resource 'invoice_2590' by thread-7310
2025-01-01 13:49:49 [INFO    ] New session created — session_id=8764
2025-01-01 13:49:56 [INFO    ] New session created — session_id=2826
2025-01-01 13:50:03 [INFO    ] Scheduled job 'cleanup_temp_files' completed in 3347s
2025-01-01 13:50:13 [INFO    ] New session created — session_id=6751
2025-01-01 13:50:22 [INFO    ] Request processed in 4172ms — endpoint /api/v1/data
2025-01-01 13:50:26 [INFO    ] Config reloaded from disk — version=761
2025-01-01 13:50:28 [ERROR   ] Unhandled exception in worker thread-7286: IndexError
2025-01-01 13:50:32 [ERROR   ] File not found: /var/data/report_3355.csv
2025-01-01 13:50:40 [INFO    ] Config reloaded from disk — version=6062
2025-01-01 13:50:48 [INFO    ] Cache hit ratio at 1031% for the last 60 seconds
2025-01-01 13:50:52 [INFO    ] Config reloaded from disk — version=2377
2025-01-01 13:51:01 [INFO    ] New session created — session_id=515
2025-01-01 13:51:06 [DEBUG   ] SQL query executed: SELECT * FROM orders WHERE id=7890 (7343ms)
2025-01-01 13:51:10 [INFO    ] Scheduled job 'cleanup_temp_files' completed in 6732s
2025-01-01 13:51:19 [WARNING ] Response time exceeded threshold: 1770ms (limit: 500ms)
2025-01-01 13:51:23 [INFO    ] Request processed in 1541ms — endpoint /api/v1/data
2025-01-01 13:51:33 [ERROR   ] Authentication token expired for user_id=856
2025-01-01 13:51:34 [WARNING ] Retry attempt 4453 of 3 for downstream service call
2025-01-01 13:51:38 [WARNING ] Rate limit at 9934% for IP 192.168.8054.3274
2025-01-01 13:51:47 [WARNING ] Response time exceeded threshold: 9517ms (limit: 500ms)
2025-01-01 13:51:51 [ERROR   ] Failed to connect to database after 4857 retries — giving up
2025-01-01 13:52:01 [ERROR   ] Failed to connect to database after 6984 retries — giving up
2025-01-01 13:52:09 [ERROR   ] File not found: /var/data/report_2153.csv
2025-01-01 13:52:19 [INFO    ] Request processed in 8272ms — endpoint /api/v1/data
2025-01-01 13:52:25 [INFO    ] Request processed in 2234ms — endpoint /api/v1/data
2025-01-01 13:52:33 [DEBUG   ] Entering function process_batch() with batch_size=6287
2025-01-01 13:52:38 [WARNING ] Rate limit at 2323% for IP 192.168.8367.1958
2025-01-01 13:52:44 [WARNING ] Rate limit at 2418% for IP 192.168.6216.8789
2025-01-01 13:52:49 [ERROR   ] File not found: /var/data/report_1298.csv
2025-01-01 13:52:51 [ERROR   ] NullPointerException in module payments.processor at line 1598
2025-01-01 13:52:59 [INFO    ] Cache hit ratio at 1026% for the last 60 seconds
2025-01-01 13:53:06 [INFO    ] New session created — session_id=6189
2025-01-01 13:53:13 [WARNING ] Retry attempt 4746 of 3 for downstream service call
2025-01-01 13:53:21 [INFO    ] Scheduled job 'cleanup_temp_files' completed in 6618s
2025-01-01 13:53:24 [INFO    ] Database connection pool size: 5023/20
2025-01-01 13:53:30 [WARNING ] Memory usage at 4964MB — approaching soft limit of 512MB
2025-01-01 13:53:34 [WARNING ] Disk usage at 1866% on volume /dev/sda1 — consider cleanup
2025-01-01 13:53:40 [WARNING ] Response time exceeded threshold: 6720ms (limit: 500ms)
2025-01-01 13:53:49 [INFO    ] New session created — session_id=5957
2025-01-01 13:53:56 [DEBUG   ] Serializing response object — 6253 fields found
2025-01-01 13:54:04 [INFO    ] Cache hit ratio at 9% for the last 60 seconds
2025-01-01 13:54:12 [DEBUG   ] Serializing response object — 9219 fields found
2025-01-01 13:54:22 [INFO    ] User login successful for user_id=9367
2025-01-01 13:54:24 [ERROR   ] HTTP 500 returned for request_id=9660 — internal server error
2025-01-01 13:54:30 [INFO    ] Database connection pool size: 9123/20
2025-01-01 13:54:40 [INFO    ] Cache hit ratio at 6155% for the last 60 seconds
2025-01-01 13:54:42 [ERROR   ] NullPointerException in module payments.processor at line 3265
2025-01-01 13:54:50 [INFO    ] Request processed in 4773ms — endpoint /api/v1/data
2025-01-01 13:54:58 [WARNING ] Retry attempt 1121 of 3 for downstream service call
2025-01-01 13:54:59 [DEBUG   ] Lock acquired on resource 'invoice_2584' by thread-2963
2025-01-01 13:55:05 [INFO    ] User login successful for user_id=360
2025-01-01 13:55:09 [ERROR   ] Unhandled exception in worker thread-6108: IndexError
2025-01-01 13:55:10 [INFO    ] Config reloaded from disk — version=1007
2025-01-01 13:55:13 [INFO    ] New session created — session_id=7262
2025-01-01 13:55:19 [INFO    ] New session created — session_id=9743
2025-01-01 13:55:21 [WARNING ] Retry attempt 6428 of 3 for downstream service call
2025-01-01 13:55:29 [DEBUG   ] Cache miss for key='user_profile_6302' — fetching from DB
2025-01-01 13:55:37 [WARNING ] Rate limit at 2326% for IP 192.168.1295.4412
2025-01-01 13:55:46 [WARNING ] Retry attempt 1666 of 3 for downstream service call
2025-01-01 13:55:47 [ERROR   ] NullPointerException in module payments.processor at line 4678
2025-01-01 13:55:48 [WARNING ] Response time exceeded threshold: 2455ms (limit: 500ms)
2025-01-01 13:55:53 [INFO    ] User login successful for user_id=1766
2025-01-01 13:55:58 [INFO    ] Database connection pool size: 3415/20
2025-01-01 13:56:00 [WARNING ] Retry attempt 3076 of 3 for downstream service call
2025-01-01 13:56:03 [INFO    ] New session created — session_id=6205
2025-01-01 13:56:13 [INFO    ] Cache hit ratio at 3441% for the last 60 seconds
2025-01-01 13:56:19 [INFO    ] Request processed in 2203ms — endpoint /api/v1/data
2025-01-01 13:56:24 [DEBUG   ] Cache miss for key='user_profile_189' — fetching from DB
2025-01-01 13:56:32 [INFO    ] Database connection pool size: 4500/20
2025-01-01 13:56:40 [WARNING ] Memory usage at 3871MB — approaching soft limit of 512MB
2025-01-01 13:56:47 [DEBUG   ] Lock acquired on resource 'invoice_9877' by thread-5847
2025-01-01 13:56:56 [WARNING ] Response time exceeded threshold: 1838ms (limit: 500ms)
2025-01-01 13:57:06 [INFO    ] Database connection pool size: 831/20
2025-01-01 13:57:07 [CRITICAL] Security breach detected: 9794 failed login attempts from IP 10.0.5807.4481
2025-01-01 13:57:13 [INFO    ] Cache hit ratio at 7263% for the last 60 seconds
2025-01-01 13:57:20 [INFO    ] User login successful for user_id=6493
2025-01-01 13:57:30 [ERROR   ] Authentication token expired for user_id=2
2025-01-01 13:57:36 [INFO    ] Cache hit ratio at 1271% for the last 60 seconds
2025-01-01 13:57:39 [CRITICAL] SSL certificate expires in 6373 hours — immediate action required
2025-01-01 13:57:42 [INFO    ] Request processed in 8922ms — endpoint /api/v1/data
2025-01-01 13:57:50 [ERROR   ] Authentication token expired for user_id=2177
2025-01-01 13:57:51 [INFO    ] Database connection pool size: 5584/20
2025-01-01 13:58:01 [INFO    ] Cache hit ratio at 3960% for the last 60 seconds
2025-01-01 13:58:03 [ERROR   ] Unhandled exception in worker thread-2032: IndexError
2025-01-01 13:58:08 [WARNING ] Memory usage at 192MB — approaching soft limit of 512MB
2025-01-01 13:58:10 [INFO    ] Scheduled job 'cleanup_temp_files' completed in 5386s
2025-01-01 13:58:19 [DEBUG   ] SQL query executed: SELECT * FROM orders WHERE id=7593 (2056ms)
2025-01-01 13:58:27 [ERROR   ] File not found: /var/data/report_4943.csv
2025-01-01 13:58:32 [ERROR   ] File not found: /var/data/report_671.csv
2025-01-01 13:58:38 [WARNING ] Response time exceeded threshold: 3ms (limit: 500ms)
2025-01-01 13:58:47 [DEBUG   ] Checkpoint reached at loop iteration 5951
2025-01-01 13:58:55 [WARNING ] Memory usage at 7919MB — approaching soft limit of 512MB
2025-01-01 13:58:58 [CRITICAL] Security breach detected: 3573 failed login attempts from IP 10.0.105.2748
2025-01-01 13:58:59 [WARNING ] Memory usage at 8122MB — approaching soft limit of 512MB
2025-01-01 13:59:03 [ERROR   ] Unhandled exception in worker thread-4423: IndexError
2025-01-01 13:59:09 [INFO    ] User login successful for user_id=8122
2025-01-01 13:59:15 [INFO    ] Scheduled job 'cleanup_temp_files' completed in 8877s
2025-01-01 13:59:17 [INFO    ] User login successful for user_id=4771
2025-01-01 13:59:24 [DEBUG   ] Serializing response object — 1175 fields found
2025-01-01 13:59:27 [CRITICAL] SYSTEM SHUTDOWN INITIATED — out of memory (used: 1731MB / 512MB)
2025-01-01 13:59:35 [ERROR   ] Authentication token expired for user_id=6967
2025-01-01 13:59:44 [WARNING ] Deprecated API endpoint /v1/legacy called by client 5162
2025-01-01 13:59:52 [WARNING ] Retry attempt 3684 of 3 for downstream service call
2025-01-01 13:59:57 [WARNING ] Retry attempt 2343 of 3 for downstream service call
2025-01-01 14:00:03 [INFO    ] New session created — session_id=7406
2025-01-01 14:00:07 [INFO    ] User login successful for user_id=6727
2025-01-01 14:00:16 [WARNING ] Response time exceeded threshold: 5699ms (limit: 500ms)
2025-01-01 14:00:20 [ERROR   ] Authentication token expired for user_id=4003
2025-01-01 14:00:21 [ERROR   ] NullPointerException in module payments.processor at line 9151
2025-01-01 14:00:28 [INFO    ] New session created — session_id=930
2025-01-01 14:00:33 [INFO    ] New session created — session_id=1479
2025-01-01 14:00:40 [DEBUG   ] Checkpoint reached at loop iteration 3414
2025-01-01 14:00:45 [WARNING ] Retry attempt 6976 of 3 for downstream service call
2025-01-01 14:00:54 [INFO    ] New session created — session_id=2096
2025-01-01 14:01:00 [INFO    ] User login successful for user_id=1938
2025-01-01 14:01:06 [INFO    ] Cache hit ratio at 5318% for the last 60 seconds
2025-01-01 14:01:10 [WARNING ] Rate limit at 9448% for IP 192.168.9522.5801
2025-01-01 14:01:13 [INFO    ] User login successful for user_id=8104
2025-01-01 14:01:21 [ERROR   ] NullPointerException in module payments.processor at line 2526
2025-01-01 14:01:25 [WARNING ] Disk usage at 4006% on volume /dev/sda1 — consider cleanup
2025-01-01 14:01:30 [INFO    ] New session created — session_id=1350
2025-01-01 14:01:36 [CRITICAL] Primary database unreachable — all writes failing, queue depth: 2240
2025-01-01 14:01:46 [INFO    ] Config reloaded from disk — version=2899
2025-01-01 14:01:54 [ERROR   ] Failed to connect to database after 4341 retries — giving up
2025-01-01 14:01:58 [ERROR   ] Authentication token expired for user_id=2249
2025-01-01 14:02:03 [WARNING ] Memory usage at 3704MB — approaching soft limit of 512MB
2025-01-01 14:02:12 [INFO    ] Database connection pool size: 6387/20
2025-01-01 14:02:22 [INFO    ] Scheduled job 'cleanup_temp_files' completed in 3613s
2025-01-01 14:02:26 [INFO    ] Database connection pool size: 5658/20
2025-01-01 14:02:32 [INFO    ] Scheduled job 'cleanup_temp_files' completed in 8259s
2025-01-01 14:02:39 [DEBUG   ] SQL query executed: SELECT * FROM orders WHERE id=1014 (7382ms)
2025-01-01 14:02:49 [ERROR   ] File not found: /var/data/report_5671.csv
2025-01-01 14:02:53 [INFO    ] Config reloaded from disk — version=1228
2025-01-01 14:03:01 [INFO    ] Database connection pool size: 2475/20
2025-01-01 14:03:05 [INFO    ] Scheduled job 'cleanup_temp_files' completed in 9653s
2025-01-01 14:03:10 [WARNING ] Retry attempt 2700 of 3 for downstream service call
2025-01-01 14:03:12 [WARNING ] Deprecated API endpoint /v1/legacy called by client 5749
2025-01-01 14:03:13 [INFO    ] Database connection pool size: 6658/20
2025-01-01 14:03:15 [INFO    ] Scheduled job 'cleanup_temp_files' completed in 4234s
2025-01-01 14:03:23 [INFO    ] Request processed in 9291ms — endpoint /api/v1/data
2025-01-01 14:03:28 [INFO    ] New session created — session_id=6751
2025-01-01 14:03:29 [WARNING ] Retry attempt 6624 of 3 for downstream service call
2025-01-01 14:03:37 [INFO    ] Config reloaded from disk — version=7467
2025-01-01 14:03:46 [WARNING ] Retry attempt 6514 of 3 for downstream service call
2025-01-01 14:03:48 [WARNING ] Rate limit at 5174% for IP 192.168.9703.9872
2025-01-01 14:03:53 [WARNING ] Memory usage at 7284MB — approaching soft limit of 512MB
2025-01-01 14:03:55 [DEBUG   ] Serializing response object — 8815 fields found
2025-01-01 14:04:00 [WARNING ] Memory usage at 9802MB — approaching soft limit of 512MB
2025-01-01 14:04:04 [INFO    ] User login successful for user_id=8490
2025-01-01 14:04:14 [WARNING ] Rate limit at 7391% for IP 192.168.3886.2761
2025-01-01 14:04:17 [ERROR   ] File not found: /var/data/report_7218.csv
2025-01-01 14:04:25 [INFO    ] New session created — session_id=7973
2025-01-01 14:04:32 [ERROR   ] Failed to connect to database after 5244 retries — giving up
2025-01-01 14:04:33 [INFO    ] User login successful for user_id=5577
2025-01-01 14:04:38 [WARNING ] Rate limit at 1744% for IP 192.168.2417.7343
2025-01-01 14:04:48 [DEBUG   ] Entering function process_batch() with batch_size=1240
2025-01-01 14:04:50 [ERROR   ] Authentication token expired for user_id=1001
2025-01-01 14:04:59 [WARNING ] Retry attempt 7543 of 3 for downstream service call
2025-01-01 14:05:06 [DEBUG   ] SQL query executed: SELECT * FROM orders WHERE id=4809 (4603ms)
2025-01-01 14:05:15 [INFO    ] User login successful for user_id=1192
2025-01-01 14:05:16 [DEBUG   ] Cache miss for key='user_profile_5590' — fetching from DB
2025-01-01 14:05:26 [WARNING ] Rate limit at 3509% for IP 192.168.3844.9675
2025-01-01 14:05:29 [WARNING ] Rate limit at 5150% for IP 192.168.7912.829
2025-01-01 14:05:30 [INFO    ] Database connection pool size: 1586/20
2025-01-01 14:05:36 [INFO    ] Cache hit ratio at 2233% for the last 60 seconds
2025-01-01 14:05:41 [WARNING ] Retry attempt 3927 of 3 for downstream service call
2025-01-01 14:05:46 [INFO    ] Scheduled job 'cleanup_temp_files' completed in 2960s
2025-01-01 14:05:54 [DEBUG   ] Entering function process_batch() with batch_size=8395
2025-01-01 14:05:56 [ERROR   ] File not found: /var/data/report_4747.csv
2025-01-01 14:06:01 [DEBUG   ] Checkpoint reached at loop iteration 2261
2025-01-01 14:06:04 [INFO    ] Database connection pool size: 343/20
2025-01-01 14:06:05 [INFO    ] Scheduled job 'cleanup_temp_files' completed in 9026s
2025-01-01 14:06:09 [INFO    ] Request processed in 9098ms — endpoint /api/v1/data
2025-01-01 14:06:10 [INFO    ] Scheduled job 'cleanup_temp_files' completed in 3992s
2025-01-01 14:06:20 [ERROR   ] File not found: /var/data/report_714.csv
2025-01-01 14:06:27 [INFO    ] User login successful for user_id=2
2025-01-01 14:06:30 [DEBUG   ] Entering function process_batch() with batch_size=6209
2025-01-01 14:06:33 [INFO    ] Database connection pool size: 8022/20
2025-01-01 14:06:35 [WARNING ] Memory usage at 5519MB — approaching soft limit of 512MB
2025-01-01 14:06:36 [INFO    ] Config reloaded from disk — version=4179
2025-01-01 14:06:45 [DEBUG   ] Cache miss for key='user_profile_5226' — fetching from DB
2025-01-01 14:06:53 [INFO    ] Config reloaded from disk — version=1063
2025-01-01 14:06:58 [DEBUG   ] SQL query executed: SELECT * FROM orders WHERE id=9095 (2612ms)
2025-01-01 14:07:00 [INFO    ] User login successful for user_id=9125
2025-01-01 14:07:03 [WARNING ] Disk usage at 3346% on volume /dev/sda1 — consider cleanup
2025-01-01 14:07:12 [WARNING ] Response time exceeded threshold: 182ms (limit: 500ms)
2025-01-01 14:07:22 [DEBUG   ] Entering function process_batch() with batch_size=5008
2025-01-01 14:07:31 [INFO    ] Database connection pool size: 9944/20
2025-01-01 14:07:35 [INFO    ] Scheduled job 'cleanup_temp_files' completed in 633s
2025-01-01 14:07:38 [INFO    ] New session created — session_id=13
2025-01-01 14:07:47 [ERROR   ] File not found: /var/data/report_3355.csv
2025-01-01 14:07:54 [WARNING ] Rate limit at 6196% for IP 192.168.9789.9870
2025-01-01 14:07:58 [WARNING ] Response time exceeded threshold: 1559ms (limit: 500ms)
2025-01-01 14:08:04 [ERROR   ] Failed to connect to database after 8506 retries — giving up
2025-01-01 14:08:12 [INFO    ] Database connection pool size: 8374/20
2025-01-01 14:08:14 [WARNING ] Deprecated API endpoint /v1/legacy called by client 6221
2025-01-01 14:08:16 [DEBUG   ] Entering function process_batch() with batch_size=4083
2025-01-01 14:08:24 [INFO    ] Request processed in 251ms — endpoint /api/v1/data
2025-01-01 14:08:25 [INFO    ] New session created — session_id=5270
2025-01-01 14:08:28 [DEBUG   ] Entering function process_batch() with batch_size=4749
2025-01-01 14:08:30 [ERROR   ] HTTP 500 returned for request_id=8166 — internal server error
2025-01-01 14:08:38 [WARNING ] Disk usage at 7770% on volume /dev/sda1 — consider cleanup
2025-01-01 14:08:39 [DEBUG   ] Checkpoint reached at loop iteration 7523
2025-01-01 14:08:45 [INFO    ] User login successful for user_id=9812
2025-01-01 14:08:53 [WARNING ] Response time exceeded threshold: 2485ms (limit: 500ms)
2025-01-01 14:08:55 [INFO    ] New session created — session_id=8489
2025-01-01 14:09:03 [INFO    ] Scheduled job 'cleanup_temp_files' completed in 7724s
2025-01-01 14:09:11 [WARNING ] Rate limit at 511% for IP 192.168.8231.6047
2025-01-01 14:09:13 [INFO    ] Cache hit ratio at 9942% for the last 60 seconds
2025-01-01 14:09:22 [CRITICAL] Primary database unreachable — all writes failing, queue depth: 1216
2025-01-01 14:09:31 [INFO    ] Config reloaded from disk — version=2587
2025-01-01 14:09:37 [DEBUG   ] Lock acquired on resource 'invoice_1986' by thread-8046
2025-01-01 14:09:40 [ERROR   ] Failed to connect to database after 281 retries — giving up
2025-01-01 14:09:44 [CRITICAL] Data corruption detected in table 'transactions' at row 9212
2025-01-01 14:09:50 [WARNING ] Response time exceeded threshold: 659ms (limit: 500ms)
2025-01-01 14:09:52 [INFO    ] Database connection pool size: 6309/20
2025-01-01 14:09:53 [WARNING ] Rate limit at 6032% for IP 192.168.8809.579
2025-01-01 14:09:59 [WARNING ] Deprecated API endpoint /v1/legacy called by client 1382
2025-01-01 14:10:06 [INFO    ] Database connection pool size: 9368/20
2025-01-01 14:10:07 [CRITICAL] SYSTEM SHUTDOWN INITIATED — out of memory (used: 9392MB / 512MB)
2025-01-01 14:10:14 [INFO    ] Database connection pool size: 584/20
2025-01-01 14:10:22 [INFO    ] User login successful for user_id=396
2025-01-01 14:10:32 [DEBUG   ] Cache miss for key='user_profile_6614' — fetching from DB
2025-01-01 14:10:42 [WARNING ] Response time exceeded threshold: 9597ms (limit: 500ms)
2025-01-01 14:10:46 [INFO    ] Database connection pool size: 1492/20
2025-01-01 14:10:50 [WARNING ] Rate limit at 4159% for IP 192.168.473.1233
2025-01-01 14:10:51 [INFO    ] User login successful for user_id=7134
2025-01-01 14:10:54 [DEBUG   ] Checkpoint reached at loop iteration 6208
2025-01-01 14:11:04 [ERROR   ] Authentication token expired for user_id=8129
2025-01-01 14:11:12 [WARNING ] Retry attempt 967 of 3 for downstream service call
2025-01-01 14:11:22 [INFO    ] Cache hit ratio at 4981% for the last 60 seconds
2025-01-01 14:11:23 [ERROR   ] File not found: /var/data/report_5647.csv
2025-01-01 14:11:32 [CRITICAL] SSL certificate expires in 9352 hours — immediate action required
2025-01-01 14:11:35 [DEBUG   ] Checkpoint reached at loop iteration 4074
2025-01-01 14:11:43 [INFO    ] Request processed in 2713ms — endpoint /api/v1/data
2025-01-01 14:11:50 [CRITICAL] SYSTEM SHUTDOWN INITIATED — out of memory (used: 7047MB / 512MB)
2025-01-01 14:12:00 [WARNING ] Memory usage at 5160MB — approaching soft limit of 512MB
2025-01-01 14:12:08 [ERROR   ] HTTP 500 returned for request_id=9646 — internal server error
2025-01-01 14:12:16 [INFO    ] Request processed in 7020ms — endpoint /api/v1/data
2025-01-01 14:12:18 [DEBUG   ] Entering function process_batch() with batch_size=4803
2025-01-01 14:12:27 [INFO    ] Config reloaded from disk — version=1292
2025-01-01 14:12:33 [INFO    ] Request processed in 6383ms — endpoint /api/v1/data
2025-01-01 14:12:35 [CRITICAL] Security breach detected: 4518 failed login attempts from IP 10.0.5917.3116
2025-01-01 14:12:41 [WARNING ] Memory usage at 9217MB — approaching soft limit of 512MB
2025-01-01 14:12:44 [ERROR   ] NullPointerException in module payments.processor at line 6558
2025-01-01 14:12:53 [INFO    ] Cache hit ratio at 6204% for the last 60 seconds
2025-01-01 14:13:02 [INFO    ] Request processed in 3694ms — endpoint /api/v1/data
2025-01-01 14:13:07 [WARNING ] Retry attempt 6276 of 3 for downstream service call
2025-01-01 14:13:09 [WARNING ] Memory usage at 1700MB — approaching soft limit of 512MB
2025-01-01 14:13:10 [INFO    ] Cache hit ratio at 8820% for the last 60 seconds
2025-01-01 14:13:16 [INFO    ] Config reloaded from disk — version=7919
2025-01-01 14:13:18 [WARNING ] Rate limit at 7325% for IP 192.168.3111.9008
2025-01-01 14:13:22 [INFO    ] Request processed in 2209ms — endpoint /api/v1/data
2025-01-01 14:13:24 [DEBUG   ] Lock acquired on resource 'invoice_2165' by thread-8544
2025-01-01 14:13:33 [ERROR   ] Failed to connect to database after 8292 retries — giving up
2025-01-01 14:13:41 [INFO    ] Scheduled job 'cleanup_temp_files' completed in 9705s
2025-01-01 14:13:48 [INFO    ] Scheduled job 'cleanup_temp_files' completed in 6778s
2025-01-01 14:13:58 [WARNING ] Rate limit at 9477% for IP 192.168.7242.4426
2025-01-01 14:14:06 [WARNING ] Disk usage at 7194% on volume /dev/sda1 — consider cleanup
2025-01-01 14:14:09 [INFO    ] Database connection pool size: 558/20
2025-01-01 14:14:14 [INFO    ] Cache hit ratio at 2185% for the last 60 seconds
2025-01-01 14:14:15 [WARNING ] Rate limit at 6923% for IP 192.168.6541.1084
2025-01-01 14:14:22 [INFO    ] Request processed in 4449ms — endpoint /api/v1/data
2025-01-01 14:14:26 [INFO    ] New session created — session_id=2557
2025-01-01 14:14:33 [INFO    ] Database connection pool size: 8062/20
2025-01-01 14:14:40 [WARNING ] Memory usage at 5927MB — approaching soft limit of 512MB
2025-01-01 14:14:43 [WARNING ] Rate limit at 8635% for IP 192.168.4025.8503
2025-01-01 14:14:44 [WARNING ] Disk usage at 1401% on volume /dev/sda1 — consider cleanup
2025-01-01 14:14:49 [DEBUG   ] Serializing response object — 7653 fields found
2025-01-01 14:14:59 [INFO    ] Request processed in 2286ms — endpoint /api/v1/data
2025-01-01 14:15:09 [WARNING ] Response time exceeded threshold: 9836ms (limit: 500ms)
2025-01-01 14:15:10 [INFO    ] Cache hit ratio at 6157% for the last 60 seconds
2025-01-01 14:15:14 [ERROR   ] Unhandled exception in worker thread-6212: IndexError
2025-01-01 14:15:18 [WARNING ] Response time exceeded threshold: 1788ms (limit: 500ms)
2025-01-01 14:15:20 [INFO    ] New session created — session_id=973
2025-01-01 14:15:27 [WARNING ] Response time exceeded threshold: 9544ms (limit: 500ms)
2025-01-01 14:15:28 [ERROR   ] Failed to connect to database after 5922 retries — giving up
2025-01-01 14:15:34 [WARNING ] Retry attempt 2384 of 3 for downstream service call
2025-01-01 14:15:37 [WARNING ] Deprecated API endpoint /v1/legacy called by client 9112
2025-01-01 14:15:45 [CRITICAL] Primary database unreachable — all writes failing, queue depth: 9016
2025-01-01 14:15:51 [INFO    ] Database connection pool size: 5807/20
2025-01-01 14:15:56 [WARNING ] Deprecated API endpoint /v1/legacy called by client 505
2025-01-01 14:16:03 [INFO    ] New session created — session_id=1003
2025-01-01 14:16:10 [INFO    ] Database connection pool size: 4858/20
2025-01-01 14:16:18 [INFO    ] Cache hit ratio at 4261% for the last 60 seconds
2025-01-01 14:16:23 [ERROR   ] NullPointerException in module payments.processor at line 9468
2025-01-01 14:16:33 [INFO    ] User login successful for user_id=9169
2025-01-01 14:16:42 [INFO    ] User login successful for user_id=8256
2025-01-01 14:16:43 [INFO    ] New session created — session_id=4909
2025-01-01 14:16:46 [INFO    ] Scheduled job 'cleanup_temp_files' completed in 9662s
2025-01-01 14:16:49 [WARNING ] Rate limit at 4691% for IP 192.168.124.3689
2025-01-01 14:16:51 [DEBUG   ] Cache miss for key='user_profile_3757' — fetching from DB
2025-01-01 14:16:56 [WARNING ] Retry attempt 2347 of 3 for downstream service call
2025-01-01 14:17:02 [INFO    ] New session created — session_id=3565
2025-01-01 14:17:07 [DEBUG   ] Serializing response object — 1829 fields found
2025-01-01 14:17:15 [DEBUG   ] Entering function process_batch() with batch_size=6517
2025-01-01 14:17:19 [INFO    ] Database connection pool size: 6183/20
2025-01-01 14:17:26 [ERROR   ] Failed to connect to database after 3052 retries — giving up
2025-01-01 14:17:28 [WARNING ] Memory usage at 2776MB — approaching soft limit of 512MB
2025-01-01 14:17:37 [INFO    ] Scheduled job 'cleanup_temp_files' completed in 9499s
2025-01-01 14:17:38 [INFO    ] Request processed in 5774ms — endpoint /api/v1/data
2025-01-01 14:17:46 [INFO    ] Request processed in 8918ms — endpoint /api/v1/data
2025-01-01 14:17:52 [ERROR   ] Unhandled exception in worker thread-2376: IndexError
2025-01-01 14:17:57 [INFO    ] Config reloaded from disk — version=931
2025-01-01 14:18:05 [INFO    ] Scheduled job 'cleanup_temp_files' completed in 3334s
2025-01-01 14:18:09 [INFO    ] Scheduled job 'cleanup_temp_files' completed in 8050s
2025-01-01 14:18:10 [INFO    ] Cache hit ratio at 2443% for the last 60 seconds
2025-01-01 14:18:13 [ERROR   ] Unhandled exception in worker thread-9526: IndexError
2025-01-01 14:18:14 [CRITICAL] Data corruption detected in table 'transactions' at row 9379
2025-01-01 14:18:15 [ERROR   ] Failed to connect to database after 1147 retries — giving up
2025-01-01 14:18:24 [INFO    ] Request processed in 4336ms — endpoint /api/v1/data
2025-01-01 14:18:27 [ERROR   ] HTTP 500 returned for request_id=8692 — internal server error
2025-01-01 14:18:37 [INFO    ] Config reloaded from disk — version=4255
2025-01-01 14:18:42 [INFO    ] Cache hit ratio at 4744% for the last 60 seconds
2025-01-01 14:18:48 [WARNING ] Disk usage at 7545% on volume /dev/sda1 — consider cleanup
2025-01-01 14:18:49 [INFO    ] User login successful for user_id=2485
2025-01-01 14:18:56 [INFO    ] User login successful for user_id=5111
2025-01-01 14:19:03 [CRITICAL] Primary database unreachable — all writes failing, queue depth: 5938
2025-01-01 14:19:11 [ERROR   ] NullPointerException in module payments.processor at line 5840
2025-01-01 14:19:20 [ERROR   ] NullPointerException in module payments.processor at line 9219
2025-01-01 14:19:29 [DEBUG   ] Cache miss for key='user_profile_4547' — fetching from DB
2025-01-01 14:19:39 [WARNING ] Rate limit at 9798% for IP 192.168.7188.9737
2025-01-01 14:19:43 [INFO    ] Config reloaded from disk — version=6007
2025-01-01 14:19:48 [DEBUG   ] Entering function process_batch() with batch_size=2222
2025-01-01 14:19:55 [INFO    ] Scheduled job 'cleanup_temp_files' completed in 1030s
2025-01-01 14:20:03 [ERROR   ] Failed to connect to database after 3922 retries — giving up
2025-01-01 14:20:11 [INFO    ] Config reloaded from disk — version=4027
2025-01-01 14:20:13 [INFO    ] User login successful for user_id=990
2025-01-01 14:20:20 [ERROR   ] File not found: /var/data/report_1294.csv
2025-01-01 14:20:27 [CRITICAL] Data corruption detected in table 'transactions' at row 767
2025-01-01 14:20:37 [INFO    ] New session created — session_id=6529
2025-01-01 14:20:38 [INFO    ] Config reloaded from disk — version=9459
2025-01-01 14:20:40 [INFO    ] Request processed in 4363ms — endpoint /api/v1/data
2025-01-01 14:20:45 [ERROR   ] Authentication token expired for user_id=5373
2025-01-01 14:20:50 [INFO    ] Database connection pool size: 9931/20
2025-01-01 14:20:58 [INFO    ] Cache hit ratio at 9477% for the last 60 seconds
2025-01-01 14:21:02 [INFO    ] Request processed in 4947ms — endpoint /api/v1/data
2025-01-01 14:21:03 [INFO    ] New session created — session_id=2376
2025-01-01 14:21:07 [ERROR   ] Unhandled exception in worker thread-4503: IndexError
2025-01-01 14:21:11 [INFO    ] Database connection pool size: 8368/20
2025-01-01 14:21:19 [INFO    ] Request processed in 6780ms — endpoint /api/v1/data
2025-01-01 14:21:27 [ERROR   ] Unhandled exception in worker thread-5271: IndexError
2025-01-01 14:21:30 [ERROR   ] NullPointerException in module payments.processor at line 2964
2025-01-01 14:21:40 [INFO    ] User login successful for user_id=9428
2025-01-01 14:21:50 [WARNING ] Disk usage at 2483% on volume /dev/sda1 — consider cleanup
2025-01-01 14:21:53 [INFO    ] Request processed in 4811ms — endpoint /api/v1/data
2025-01-01 14:21:56 [ERROR   ] Authentication token expired for user_id=4790
2025-01-01 14:22:01 [INFO    ] Request processed in 702ms — endpoint /api/v1/data
2025-01-01 14:22:10 [INFO    ] Database connection pool size: 7547/20
2025-01-01 14:22:14 [INFO    ] Config reloaded from disk — version=6310
2025-01-01 14:22:18 [INFO    ] Request processed in 4957ms — endpoint /api/v1/data
2025-01-01 14:22:28 [INFO    ] Scheduled job 'cleanup_temp_files' completed in 339s
2025-01-01 14:22:38 [INFO    ] New session created — session_id=1437
2025-01-01 14:22:48 [INFO    ] Request processed in 7727ms — endpoint /api/v1/data
2025-01-01 14:22:55 [ERROR   ] Authentication token expired for user_id=8916
2025-01-01 14:23:04 [CRITICAL] SYSTEM SHUTDOWN INITIATED — out of memory (used: 930MB / 512MB)
2025-01-01 14:23:05 [INFO    ] Request processed in 173ms — endpoint /api/v1/data
2025-01-01 14:23:07 [WARNING ] Rate limit at 9928% for IP 192.168.2916.8162
2025-01-01 14:23:17 [WARNING ] Response time exceeded threshold: 6493ms (limit: 500ms)
2025-01-01 14:23:26 [INFO    ] New session created — session_id=4908
2025-01-01 14:23:34 [INFO    ] Config reloaded from disk — version=6434
2025-01-01 14:23:37 [WARNING ] Response time exceeded threshold: 6313ms (limit: 500ms)
2025-01-01 14:23:41 [ERROR   ] Authentication token expired for user_id=2063
2025-01-01 14:23:44 [INFO    ] Cache hit ratio at 960% for the last 60 seconds
2025-01-01 14:23:46 [WARNING ] Response time exceeded threshold: 9107ms (limit: 500ms)
2025-01-01 14:23:51 [INFO    ] User login successful for user_id=1153
2025-01-01 14:23:52 [WARNING ] Rate limit at 4358% for IP 192.168.9634.5234
2025-01-01 14:23:54 [ERROR   ] HTTP 500 returned for request_id=6105 — internal server error
2025-01-01 14:24:03 [ERROR   ] NullPointerException in module payments.processor at line 9589
2025-01-01 14:24:05 [INFO    ] Cache hit ratio at 3459% for the last 60 seconds
2025-01-01 14:24:12 [INFO    ] New session created — session_id=940
2025-01-01 14:24:18 [INFO    ] Request processed in 4418ms — endpoint /api/v1/data
2025-01-01 14:24:28 [INFO    ] User login successful for user_id=4849
2025-01-01 14:24:30 [INFO    ] Config reloaded from disk — version=7294
2025-01-01 14:24:37 [ERROR   ] File not found: /var/data/report_4761.csv
2025-01-01 14:24:43 [CRITICAL] SSL certificate expires in 8578 hours — immediate action required
2025-01-01 14:24:49 [WARNING ] Rate limit at 6862% for IP 192.168.8468.8331
2025-01-01 14:24:59 [WARNING ] Deprecated API endpoint /v1/legacy called by client 4121
2025-01-01 14:25:05 [ERROR   ] Failed to connect to database after 2147 retries — giving up
2025-01-01 14:25:07 [INFO    ] Cache hit ratio at 3653% for the last 60 seconds
2025-01-01 14:25:15 [CRITICAL] Primary database unreachable — all writes failing, queue depth: 5290
2025-01-01 14:25:24 [INFO    ] Config reloaded from disk — version=7781
2025-01-01 14:25:29 [INFO    ] Database connection pool size: 6702/20
2025-01-01 14:25:37 [INFO    ] Request processed in 2074ms — endpoint /api/v1/data
2025-01-01 14:25:43 [WARNING ] Response time exceeded threshold: 9143ms (limit: 500ms)
2025-01-01 14:25:53 [INFO    ] Config reloaded from disk — version=5501
2025-01-01 14:26:03 [INFO    ] Cache hit ratio at 1132% for the last 60 seconds
2025-01-01 14:26:11 [INFO    ] New session created — session_id=4703
2025-01-01 14:26:12 [INFO    ] Config reloaded from disk — version=2508
2025-01-01 14:26:22 [WARNING ] Retry attempt 2812 of 3 for downstream service call
2025-01-01 14:26:25 [INFO    ] Scheduled job 'cleanup_temp_files' completed in 3441s
2025-01-01 14:26:32 [INFO    ] User login successful for user_id=2717
2025-01-01 14:26:35 [WARNING ] Memory usage at 7935MB — approaching soft limit of 512MB
2025-01-01 14:26:39 [INFO    ] Scheduled job 'cleanup_temp_files' completed in 7159s
2025-01-01 14:26:49 [INFO    ] User login successful for user_id=412
2025-01-01 14:26:58 [WARNING ] Retry attempt 5508 of 3 for downstream service call
2025-01-01 14:27:02 [INFO    ] New session created — session_id=8080
2025-01-01 14:27:12 [INFO    ] Request processed in 9373ms — endpoint /api/v1/data
2025-01-01 14:27:15 [INFO    ] Scheduled job 'cleanup_temp_files' completed in 1574s
2025-01-01 14:27:22 [CRITICAL] Security breach detected: 6569 failed login attempts from IP 10.0.4348.4244
2025-01-01 14:27:24 [ERROR   ] NullPointerException in module payments.processor at line 8662
2025-01-01 14:27:26 [ERROR   ] HTTP 500 returned for request_id=3128 — internal server error
2025-01-01 14:27:34 [INFO    ] Request processed in 594ms — endpoint /api/v1/data
2025-01-01 14:27:38 [INFO    ] Scheduled job 'cleanup_temp_files' completed in 4146s
2025-01-01 14:27:44 [ERROR   ] HTTP 500 returned for request_id=9663 — internal server error
2025-01-01 14:27:53 [INFO    ] User login successful for user_id=3913
2025-01-01 14:27:58 [INFO    ] Request processed in 216ms — endpoint /api/v1/data
2025-01-01 14:28:02 [ERROR   ] HTTP 500 returned for request_id=2655 — internal server error
2025-01-01 14:28:09 [INFO    ] Scheduled job 'cleanup_temp_files' completed in 9085s
2025-01-01 14:28:17 [WARNING ] Deprecated API endpoint /v1/legacy called by client 396
2025-01-01 14:28:24 [INFO    ] Config reloaded from disk — version=2343
2025-01-01 14:28:33 [WARNING ] Deprecated API endpoint /v1/legacy called by client 9735
2025-01-01 14:28:39 [INFO    ] Scheduled job 'cleanup_temp_files' completed in 5256s
2025-01-01 14:28:48 [WARNING ] Memory usage at 7716MB — approaching soft limit of 512MB
2025-01-01 14:28:56 [INFO    ] New session created — session_id=9291
2025-01-01 14:29:00 [INFO    ] Config reloaded from disk — version=4175
2025-01-01 14:29:08 [WARNING ] Disk usage at 1427% on volume /dev/sda1 — consider cleanup
2025-01-01 14:29:17 [WARNING ] Retry attempt 5479 of 3 for downstream service call
2025-01-01 14:29:20 [INFO    ] User login successful for user_id=9013
2025-01-01 14:29:30 [DEBUG   ] Serializing response object — 9396 fields found
2025-01-01 14:29:40 [INFO    ] Database connection pool size: 6457/20
2025-01-01 14:29:48 [INFO    ] Config reloaded from disk — version=9469
2025-01-01 14:29:54 [INFO    ] Scheduled job 'cleanup_temp_files' completed in 495s
2025-01-01 14:30:04 [INFO    ] Request processed in 3757ms — endpoint /api/v1/data
2025-01-01 14:30:10 [INFO    ] Scheduled job 'cleanup_temp_files' completed in 1234s
2025-01-01 14:30:20 [INFO    ] Request processed in 2409ms — endpoint /api/v1/data
2025-01-01 14:30:28 [INFO    ] New session created — session_id=9822
2025-01-01 14:30:33 [CRITICAL] SSL certificate expires in 1693 hours — immediate action required
2025-01-01 14:30:36 [INFO    ] New session created — session_id=7873
2025-01-01 14:30:42 [INFO    ] User login successful for user_id=7861
2025-01-01 14:30:49 [CRITICAL] SSL certificate expires in 3444 hours — immediate action required
2025-01-01 14:30:52 [INFO    ] Scheduled job 'cleanup_temp_files' completed in 2833s
2025-01-01 14:30:57 [ERROR   ] Authentication token expired for user_id=565
2025-01-01 14:31:06 [DEBUG   ] Cache miss for key='user_profile_6886' — fetching from DB
2025-01-01 14:31:12 [DEBUG   ] Serializing response object — 2962 fields found
2025-01-01 14:31:14 [INFO    ] Cache hit ratio at 2517% for the last 60 seconds
2025-01-01 14:31:15 [WARNING ] Retry attempt 9188 of 3 for downstream service call
2025-01-01 14:31:23 [INFO    ] Request processed in 455ms — endpoint /api/v1/data
2025-01-01 14:31:28 [WARNING ] Response time exceeded threshold: 7002ms (limit: 500ms)
2025-01-01 14:31:29 [INFO    ] Config reloaded from disk — version=6947
2025-01-01 14:31:38 [WARNING ] Retry attempt 5603 of 3 for downstream service call
2025-01-01 14:31:43 [ERROR   ] NullPointerException in module payments.processor at line 6495
2025-01-01 14:31:49 [INFO    ] New session created — session_id=5485
2025-01-01 14:31:51 [INFO    ] New session created — session_id=737
2025-01-01 14:32:00 [ERROR   ] Authentication token expired for user_id=8409
2025-01-01 14:32:06 [INFO    ] Config reloaded from disk — version=6836
2025-01-01 14:32:14 [ERROR   ] NullPointerException in module payments.processor at line 2354
2025-01-01 14:32:21 [INFO    ] Config reloaded from disk — version=2898
2025-01-01 14:32:31 [INFO    ] Database connection pool size: 2189/20
2025-01-01 14:32:35 [INFO    ] Request processed in 1810ms — endpoint /api/v1/data
2025-01-01 14:32:41 [INFO    ] Scheduled job 'cleanup_temp_files' completed in 7681s
2025-01-01 14:32:49 [INFO    ] New session created — session_id=1741
2025-01-01 14:32:55 [WARNING ] Rate limit at 6549% for IP 192.168.3562.5190
2025-01-01 14:33:03 [CRITICAL] Data corruption detected in table 'transactions' at row 5723
2025-01-01 14:33:06 [ERROR   ] HTTP 500 returned for request_id=6408 — internal server error
2025-01-01 14:33:08 [INFO    ] User login successful for user_id=2548
2025-01-01 14:33:10 [INFO    ] New session created — session_id=7509
2025-01-01 14:33:15 [INFO    ] Cache hit ratio at 6803% for the last 60 seconds
2025-01-01 14:33:16 [DEBUG   ] Lock acquired on resource 'invoice_4927' by thread-3702
2025-01-01 14:33:26 [INFO    ] User login successful for user_id=7710
2025-01-01 14:33:27 [CRITICAL] SSL certificate expires in 5759 hours — immediate action required
2025-01-01 14:33:29 [WARNING ] Response time exceeded threshold: 2017ms (limit: 500ms)
2025-01-01 14:33:38 [INFO    ] User login successful for user_id=5013
2025-01-01 14:33:47 [ERROR   ] Failed to connect to database after 2980 retries — giving up
2025-01-01 14:33:49 [INFO    ] Database connection pool size: 5356/20
2025-01-01 14:33:56 [INFO    ] Scheduled job 'cleanup_temp_files' completed in 6398s
2025-01-01 14:33:59 [INFO    ] Cache hit ratio at 3388% for the last 60 seconds
2025-01-01 14:34:05 [INFO    ] Config reloaded from disk — version=9722
2025-01-01 14:34:11 [INFO    ] Database connection pool size: 3238/20
2025-01-01 14:34:18 [INFO    ] New session created — session_id=3706
2025-01-01 14:34:21 [INFO    ] Cache hit ratio at 1456% for the last 60 seconds
2025-01-01 14:34:22 [CRITICAL] SYSTEM SHUTDOWN INITIATED — out of memory (used: 501MB / 512MB)
2025-01-01 14:34:31 [INFO    ] Scheduled job 'cleanup_temp_files' completed in 6368s
2025-01-01 14:34:37 [WARNING ] Retry attempt 1793 of 3 for downstream service call
2025-01-01 14:34:46 [INFO    ] Database connection pool size: 8820/20
2025-01-01 14:34:51 [ERROR   ] Authentication token expired for user_id=6773
2025-01-01 14:34:59 [ERROR   ] Failed to connect to database after 4310 retries — giving up
2025-01-01 14:35:05 [INFO    ] New session created — session_id=195
2025-01-01 14:35:11 [INFO    ] Config reloaded from disk — version=9080
2025-01-01 14:35:18 [INFO    ] Request processed in 5755ms — endpoint /api/v1/data
2025-01-01 14:35:23 [INFO    ] User login successful for user_id=2201
2025-01-01 14:35:26 [INFO    ] New session created — session_id=3961
2025-01-01 14:35:30 [DEBUG   ] Lock acquired on resource 'invoice_7805' by thread-1995
2025-01-01 14:35:31 [DEBUG   ] Entering function process_batch() with batch_size=3072
2025-01-01 14:35:40 [WARNING ] Memory usage at 8435MB — approaching soft limit of 512MB
2025-01-01 14:35:48 [INFO    ] New session created — session_id=9524
2025-01-01 14:35:56 [INFO    ] User login successful for user_id=2086
2025-01-01 14:35:57 [INFO    ] Cache hit ratio at 5567% for the last 60 seconds
2025-01-01 14:36:04 [INFO    ] User login successful for user_id=2831
2025-01-01 14:36:08 [INFO    ] Database connection pool size: 8131/20
2025-01-01 14:36:10 [INFO    ] Database connection pool size: 7646/20
2025-01-01 14:36:19 [WARNING ] Disk usage at 1096% on volume /dev/sda1 — consider cleanup
2025-01-01 14:36:21 [INFO    ] Cache hit ratio at 9026% for the last 60 seconds
2025-01-01 14:36:30 [INFO    ] Config reloaded from disk — version=3329
2025-01-01 14:36:32 [INFO    ] Request processed in 153ms — endpoint /api/v1/data
2025-01-01 14:36:36 [DEBUG   ] Serializing response object — 37 fields found
2025-01-01 14:36:37 [WARNING ] Rate limit at 9418% for IP 192.168.4142.6150
2025-01-01 14:36:43 [DEBUG   ] Checkpoint reached at loop iteration 4371
2025-01-01 14:36:52 [DEBUG   ] Lock acquired on resource 'invoice_3374' by thread-2233
2025-01-01 14:36:59 [ERROR   ] Unhandled exception in worker thread-5269: IndexError
2025-01-01 14:37:01 [CRITICAL] SYSTEM SHUTDOWN INITIATED — out of memory (used: 7854MB / 512MB)
2025-01-01 14:37:08 [WARNING ] Memory usage at 9245MB — approaching soft limit of 512MB
2025-01-01 14:37:09 [INFO    ] Scheduled job 'cleanup_temp_files' completed in 2075s
2025-01-01 14:37:12 [WARNING ] Response time exceeded threshold: 9919ms (limit: 500ms)
2025-01-01 14:37:22 [WARNING ] Retry attempt 6353 of 3 for downstream service call
2025-01-01 14:37:32 [ERROR   ] Unhandled exception in worker thread-6579: IndexError
2025-01-01 14:37:37 [INFO    ] Database connection pool size: 2108/20
2025-01-01 14:37:43 [INFO    ] Cache hit ratio at 7894% for the last 60 seconds
2025-01-01 14:37:44 [INFO    ] Scheduled job 'cleanup_temp_files' completed in 3964s
2025-01-01 14:37:52 [INFO    ] Config reloaded from disk — version=529
2025-01-01 14:37:54 [DEBUG   ] Cache miss for key='user_profile_3865' — fetching from DB
2025-01-01 14:37:55 [INFO    ] Config reloaded from disk — version=7318
2025-01-01 14:38:00 [CRITICAL] Data corruption detected in table 'transactions' at row 9063
2025-01-01 14:38:01 [WARNING ] Response time exceeded threshold: 4945ms (limit: 500ms)
2025-01-01 14:38:11 [INFO    ] User login successful for user_id=8771
2025-01-01 14:38:19 [INFO    ] New session created — session_id=8222
2025-01-01 14:38:25 [WARNING ] Deprecated API endpoint /v1/legacy called by client 2861
2025-01-01 14:38:29 [ERROR   ] HTTP 500 returned for request_id=9077 — internal server error
2025-01-01 14:38:31 [INFO    ] User login successful for user_id=3894
2025-01-01 14:38:32 [WARNING ] Rate limit at 3179% for IP 192.168.2174.1837
2025-01-01 14:38:40 [INFO    ] Request processed in 3215ms — endpoint /api/v1/data
2025-01-01 14:38:43 [WARNING ] Response time exceeded threshold: 457ms (limit: 500ms)
2025-01-01 14:38:52 [INFO    ] New session created — session_id=3621
2025-01-01 14:38:57 [INFO    ] Scheduled job 'cleanup_temp_files' completed in 8312s
2025-01-01 14:39:04 [ERROR   ] NullPointerException in module payments.processor at line 817
2025-01-01 14:39:13 [INFO    ] Request processed in 154ms — endpoint /api/v1/data
2025-01-01 14:39:19 [ERROR   ] Authentication token expired for user_id=7007
2025-01-01 14:39:29 [WARNING ] Disk usage at 5075% on volume /dev/sda1 — consider cleanup
2025-01-01 14:39:39 [ERROR   ] File not found: /var/data/report_2002.csv
2025-01-01 14:39:43 [INFO    ] Config reloaded from disk — version=1950
2025-01-01 14:39:50 [WARNING ] Deprecated API endpoint /v1/legacy called by client 4296
2025-01-01 14:39:57 [ERROR   ] File not found: /var/data/report_8295.csv
2025-01-01 14:40:04 [WARNING ] Memory usage at 6845MB — approaching soft limit of 512MB
2025-01-01 14:40:05 [INFO    ] User login successful for user_id=3824
2025-01-01 14:40:15 [INFO    ] Cache hit ratio at 9470% for the last 60 seconds
2025-01-01 14:40:19 [INFO    ] User login successful for user_id=9544
2025-01-01 14:40:25 [INFO    ] User login successful for user_id=9364
2025-01-01 14:40:31 [INFO    ] Request processed in 8434ms — endpoint /api/v1/data
2025-01-01 14:40:34 [INFO    ] Cache hit ratio at 7872% for the last 60 seconds
2025-01-01 14:40:40 [WARNING ] Memory usage at 1568MB — approaching soft limit of 512MB
2025-01-01 14:40:48 [WARNING ] Response time exceeded threshold: 488ms (limit: 500ms)
2025-01-01 14:40:56 [CRITICAL] Security breach detected: 2484 failed login attempts from IP 10.0.9026.3428
2025-01-01 14:41:03 [CRITICAL] Security breach detected: 1559 failed login attempts from IP 10.0.2138.2590
2025-01-01 14:41:05 [WARNING ] Retry attempt 3600 of 3 for downstream service call
2025-01-01 14:41:14 [INFO    ] Database connection pool size: 7343/20
2025-01-01 14:41:21 [INFO    ] New session created — session_id=1492
2025-01-01 14:41:29 [DEBUG   ] Serializing response object — 2678 fields found
2025-01-01 14:41:31 [INFO    ] Config reloaded from disk — version=2917
2025-01-01 14:41:36 [INFO    ] Scheduled job 'cleanup_temp_files' completed in 9879s
2025-01-01 14:41:42 [WARNING ] Memory usage at 9529MB — approaching soft limit of 512MB
2025-01-01 14:41:50 [WARNING ] Disk usage at 6763% on volume /dev/sda1 — consider cleanup
2025-01-01 14:42:00 [ERROR   ] NullPointerException in module payments.processor at line 4199
2025-01-01 14:42:02 [INFO    ] Cache hit ratio at 5667% for the last 60 seconds
2025-01-01 14:42:09 [INFO    ] Scheduled job 'cleanup_temp_files' completed in 6185s
2025-01-01 14:42:19 [INFO    ] Database connection pool size: 5697/20
2025-01-01 14:42:21 [WARNING ] Response time exceeded threshold: 3644ms (limit: 500ms)
2025-01-01 14:42:23 [WARNING ] Disk usage at 1796% on volume /dev/sda1 — consider cleanup
2025-01-01 14:42:33 [INFO    ] Config reloaded from disk — version=3650
2025-01-01 14:42:38 [DEBUG   ] Entering function process_batch() with batch_size=9414
2025-01-01 14:42:48 [INFO    ] Scheduled job 'cleanup_temp_files' completed in 9174s
2025-01-01 14:42:51 [INFO    ] Config reloaded from disk — version=7104
2025-01-01 14:42:59 [INFO    ] Database connection pool size: 6097/20
2025-01-01 14:43:05 [ERROR   ] HTTP 500 returned for request_id=3584 — internal server error
2025-01-01 14:43:07 [INFO    ] Request processed in 3556ms — endpoint /api/v1/data
2025-01-01 14:43:17 [INFO    ] New session created — session_id=9088
2025-01-01 14:43:22 [INFO    ] User login successful for user_id=9243
2025-01-01 14:43:27 [INFO    ] User login successful for user_id=55
2025-01-01 14:43:31 [CRITICAL] SSL certificate expires in 9405 hours — immediate action required
2025-01-01 14:43:41 [ERROR   ] Unhandled exception in worker thread-4737: IndexError
2025-01-01 14:43:47 [INFO    ] New session created — session_id=780
2025-01-01 14:43:48 [INFO    ] Config reloaded from disk — version=5406
2025-01-01 14:43:50 [INFO    ] New session created — session_id=9908
2025-01-01 14:43:58 [ERROR   ] Authentication token expired for user_id=6386
2025-01-01 14:44:05 [WARNING ] Disk usage at 2724% on volume /dev/sda1 — consider cleanup
2025-01-01 14:44:11 [ERROR   ] Authentication token expired for user_id=7719
2025-01-01 14:44:13 [WARNING ] Rate limit at 8509% for IP 192.168.7332.8282
2025-01-01 14:44:21 [WARNING ] Memory usage at 1197MB — approaching soft limit of 512MB
2025-01-01 14:44:29 [CRITICAL] SSL certificate expires in 7823 hours — immediate action required
2025-01-01 14:44:38 [INFO    ] Request processed in 1440ms — endpoint /api/v1/data
2025-01-01 14:44:41 [WARNING ] Rate limit at 7818% for IP 192.168.8481.3671
2025-01-01 14:44:51 [WARNING ] Retry attempt 8542 of 3 for downstream service call
2025-01-01 14:44:58 [INFO    ] Database connection pool size: 1050/20
2025-01-01 14:45:08 [INFO    ] Scheduled job 'cleanup_temp_files' completed in 2862s
2025-01-01 14:45:13 [INFO    ] Cache hit ratio at 8652% for the last 60 seconds
2025-01-01 14:45:23 [INFO    ] Request processed in 5784ms — endpoint /api/v1/data
2025-01-01 14:45:24 [INFO    ] Cache hit ratio at 547% for the last 60 seconds
2025-01-01 14:45:26 [ERROR   ] Authentication token expired for user_id=9013
2025-01-01 14:45:27 [INFO    ] Scheduled job 'cleanup_temp_files' completed in 8890s
2025-01-01 14:45:32 [WARNING ] Deprecated API endpoint /v1/legacy called by client 2478
2025-01-01 14:45:39 [CRITICAL] SYSTEM SHUTDOWN INITIATED — out of memory (used: 9976MB / 512MB)
2025-01-01 14:45:49 [ERROR   ] Unhandled exception in worker thread-6122: IndexError
2025-01-01 14:45:52 [ERROR   ] File not found: /var/data/report_1497.csv
2025-01-01 14:45:58 [INFO    ] Request processed in 3657ms — endpoint /api/v1/data
2025-01-01 14:46:01 [ERROR   ] Authentication token expired for user_id=1998
2025-01-01 14:46:02 [INFO    ] Scheduled job 'cleanup_temp_files' completed in 281s
2025-01-01 14:46:08 [WARNING ] Deprecated API endpoint /v1/legacy called by client 5029
2025-01-01 14:46:09 [INFO    ] Scheduled job 'cleanup_temp_files' completed in 7636s
2025-01-01 14:46:19 [WARNING ] Disk usage at 782% on volume /dev/sda1 — consider cleanup
2025-01-01 14:46:25 [DEBUG   ] Lock acquired on resource 'invoice_3034' by thread-8344
2025-01-01 14:46:31 [WARNING ] Memory usage at 6615MB — approaching soft limit of 512MB
2025-01-01 14:46:36 [INFO    ] Scheduled job 'cleanup_temp_files' completed in 5643s
2025-01-01 14:46:46 [INFO    ] Config reloaded from disk — version=4305
2025-01-01 14:46:55 [INFO    ] Scheduled job 'cleanup_temp_files' completed in 5457s
2025-01-01 14:47:01 [ERROR   ] File not found: /var/data/report_4520.csv
2025-01-01 14:47:02 [INFO    ] User login successful for user_id=5514
2025-01-01 14:47:05 [INFO    ] Cache hit ratio at 8497% for the last 60 seconds
2025-01-01 14:47:07 [WARNING ] Memory usage at 4520MB — approaching soft limit of 512MB
2025-01-01 14:47:15 [DEBUG   ] Lock acquired on resource 'invoice_1516' by thread-406
2025-01-01 14:47:23 [INFO    ] User login successful for user_id=5914
2025-01-01 14:47:33 [ERROR   ] NullPointerException in module payments.processor at line 8474
2025-01-01 14:47:35 [INFO    ] New session created — session_id=6412
2025-01-01 14:47:37 [INFO    ] Request processed in 1270ms — endpoint /api/v1/data
2025-01-01 14:47:45 [INFO    ] User login successful for user_id=7191
2025-01-01 14:47:47 [DEBUG   ] Lock acquired on resource 'invoice_9237' by thread-4699
2025-01-01 14:47:55 [INFO    ] New session created — session_id=5775
2025-01-01 14:48:00 [INFO    ] Cache hit ratio at 7686% for the last 60 seconds
2025-01-01 14:48:07 [INFO    ] Scheduled job 'cleanup_temp_files' completed in 8754s
2025-01-01 14:48:17 [ERROR   ] File not found: /var/data/report_3459.csv
2025-01-01 14:48:19 [INFO    ] Config reloaded from disk — version=591
2025-01-01 14:48:23 [CRITICAL] SYSTEM SHUTDOWN INITIATED — out of memory (used: 1236MB / 512MB)
2025-01-01 14:48:27 [DEBUG   ] Checkpoint reached at loop iteration 1569
2025-01-01 14:48:33 [CRITICAL] Security breach detected: 2360 failed login attempts from IP 10.0.4629.8501
2025-01-01 14:48:34 [WARNING ] Memory usage at 9877MB — approaching soft limit of 512MB
2025-01-01 14:48:37 [ERROR   ] HTTP 500 returned for request_id=3671 — internal server error
2025-01-01 14:48:41 [INFO    ] Cache hit ratio at 8549% for the last 60 seconds
2025-01-01 14:48:42 [WARNING ] Memory usage at 1200MB — approaching soft limit of 512MB
2025-01-01 14:48:51 [INFO    ] New session created — session_id=6488
2025-01-01 14:48:57 [WARNING ] Disk usage at 8342% on volume /dev/sda1 — consider cleanup
2025-01-01 14:49:01 [ERROR   ] File not found: /var/data/report_4117.csv
2025-01-01 14:49:11 [ERROR   ] NullPointerException in module payments.processor at line 5039
2025-01-01 14:49:12 [WARNING ] Retry attempt 22 of 3 for downstream service call
2025-01-01 14:49:22 [CRITICAL] SYSTEM SHUTDOWN INITIATED — out of memory (used: 9540MB / 512MB)
2025-01-01 14:49:31 [INFO    ] Scheduled job 'cleanup_temp_files' completed in 3208s
2025-01-01 14:49:41 [DEBUG   ] Lock acquired on resource 'invoice_529' by thread-4024
2025-01-01 14:49:51 [DEBUG   ] SQL query executed: SELECT * FROM orders WHERE id=8705 (6947ms)
2025-01-01 14:49:53 [INFO    ] User login successful for user_id=7050
2025-01-01 14:50:03 [ERROR   ] Unhandled exception in worker thread-5458: IndexError
2025-01-01 14:50:09 [INFO    ] Scheduled job 'cleanup_temp_files' completed in 4520s
2025-01-01 14:50:15 [INFO    ] Cache hit ratio at 9800% for the last 60 seconds
2025-01-01 14:50:23 [INFO    ] User login successful for user_id=1603
2025-01-01 14:50:33 [WARNING ] Retry attempt 1819 of 3 for downstream service call
2025-01-01 14:50:38 [DEBUG   ] Cache miss for key='user_profile_6488' — fetching from DB
2025-01-01 14:50:46 [ERROR   ] Authentication token expired for user_id=2557
2025-01-01 14:50:49 [INFO    ] User login successful for user_id=1246
2025-01-01 14:50:55 [WARNING ] Deprecated API endpoint /v1/legacy called by client 695
2025-01-01 14:51:04 [ERROR   ] Authentication token expired for user_id=3543
2025-01-01 14:51:10 [ERROR   ] File not found: /var/data/report_7811.csv
2025-01-01 14:51:18 [ERROR   ] Failed to connect to database after 9080 retries — giving up
2025-01-01 14:51:24 [WARNING ] Memory usage at 7649MB — approaching soft limit of 512MB
2025-01-01 14:51:26 [WARNING ] Retry attempt 868 of 3 for downstream service call
2025-01-01 14:51:35 [DEBUG   ] SQL query executed: SELECT * FROM orders WHERE id=3707 (3865ms)
2025-01-01 14:51:45 [INFO    ] User login successful for user_id=6714
2025-01-01 14:51:54 [INFO    ] User login successful for user_id=9973
2025-01-01 14:51:57 [WARNING ] Response time exceeded threshold: 627ms (limit: 500ms)
2025-01-01 14:51:59 [INFO    ] Request processed in 693ms — endpoint /api/v1/data
2025-01-01 14:52:04 [WARNING ] Retry attempt 5675 of 3 for downstream service call
2025-01-01 14:52:07 [ERROR   ] NullPointerException in module payments.processor at line 1723
2025-01-01 14:52:17 [INFO    ] User login successful for user_id=3478
2025-01-01 14:52:27 [INFO    ] Config reloaded from disk — version=7653
2025-01-01 14:52:35 [INFO    ] User login successful for user_id=7318
2025-01-01 14:52:45 [INFO    ] Request processed in 3824ms — endpoint /api/v1/data
2025-01-01 14:52:50 [INFO    ] Database connection pool size: 3211/20
2025-01-01 14:52:59 [INFO    ] New session created — session_id=3945
2025-01-01 14:53:06 [DEBUG   ] Lock acquired on resource 'invoice_9870' by thread-9690
2025-01-01 14:53:10 [INFO    ] User login successful for user_id=4403
2025-01-01 14:53:17 [INFO    ] Config reloaded from disk — version=2280
2025-01-01 14:53:18 [INFO    ] Config reloaded from disk — version=9414
2025-01-01 14:53:26 [INFO    ] Scheduled job 'cleanup_temp_files' completed in 9677s
2025-01-01 14:53:27 [DEBUG   ] Serializing response object — 2713 fields found
2025-01-01 14:53:32 [INFO    ] Cache hit ratio at 3658% for the last 60 seconds
2025-01-01 14:53:38 [INFO    ] User login successful for user_id=3610
2025-01-01 14:53:45 [WARNING ] Disk usage at 5306% on volume /dev/sda1 — consider cleanup
2025-01-01 14:53:50 [ERROR   ] Authentication token expired for user_id=180
2025-01-01 14:53:51 [INFO    ] Database connection pool size: 4958/20
2025-01-01 14:53:57 [INFO    ] Config reloaded from disk — version=8761
2025-01-01 14:54:03 [INFO    ] Request processed in 7442ms — endpoint /api/v1/data
2025-01-01 14:54:08 [INFO    ] Database connection pool size: 5777/20
2025-01-01 14:54:11 [INFO    ] Database connection pool size: 9632/20
2025-01-01 14:54:12 [INFO    ] Database connection pool size: 6096/20
2025-01-01 14:54:15 [CRITICAL] Security breach detected: 3600 failed login attempts from IP 10.0.1326.9739
2025-01-01 14:54:24 [INFO    ] Database connection pool size: 7331/20
2025-01-01 14:54:27 [INFO    ] Config reloaded from disk — version=8019
2025-01-01 14:54:34 [INFO    ] Request processed in 5152ms — endpoint /api/v1/data
2025-01-01 14:54:36 [INFO    ] New session created — session_id=4933
2025-01-01 14:54:38 [INFO    ] Cache hit ratio at 6982% for the last 60 seconds
2025-01-01 14:54:46 [INFO    ] Request processed in 5349ms — endpoint /api/v1/data
2025-01-01 14:54:49 [WARNING ] Rate limit at 7063% for IP 192.168.1435.8969
2025-01-01 14:54:58 [WARNING ] Response time exceeded threshold: 7023ms (limit: 500ms)
2025-01-01 14:54:59 [WARNING ] Deprecated API endpoint /v1/legacy called by client 5100
2025-01-01 14:55:05 [INFO    ] Cache hit ratio at 9181% for the last 60 seconds
2025-01-01 14:55:13 [WARNING ] Memory usage at 2957MB — approaching soft limit of 512MB
2025-01-01 14:55:14 [INFO    ] User login successful for user_id=8754
2025-01-01 14:55:24 [DEBUG   ] Cache miss for key='user_profile_3351' — fetching from DB
2025-01-01 14:55:26 [WARNING ] Disk usage at 9335% on volume /dev/sda1 — consider cleanup
2025-01-01 14:55:30 [DEBUG   ] Serializing response object — 5938 fields found
2025-01-01 14:55:39 [ERROR   ] Unhandled exception in worker thread-6444: IndexError
2025-01-01 14:55:46 [INFO    ] Scheduled job 'cleanup_temp_files' completed in 4539s
2025-01-01 14:55:54 [ERROR   ] Unhandled exception in worker thread-4325: IndexError
2025-01-01 14:55:58 [INFO    ] Database connection pool size: 1680/20
2025-01-01 14:55:59 [INFO    ] Scheduled job 'cleanup_temp_files' completed in 6785s
2025-01-01 14:56:05 [INFO    ] Config reloaded from disk — version=8368
2025-01-01 14:56:06 [WARNING ] Response time exceeded threshold: 7602ms (limit: 500ms)
2025-01-01 14:56:15 [INFO    ] User login successful for user_id=5357
2025-01-01 14:56:16 [INFO    ] Scheduled job 'cleanup_temp_files' completed in 9948s
2025-01-01 14:56:18 [INFO    ] New session created — session_id=835
2025-01-01 14:56:25 [INFO    ] User login successful for user_id=2629
2025-01-01 14:56:28 [INFO    ] Config reloaded from disk — version=7129
2025-01-01 14:56:32 [INFO    ] User login successful for user_id=2973
2025-01-01 14:56:34 [INFO    ] User login successful for user_id=2638
2025-01-01 14:56:43 [INFO    ] Scheduled job 'cleanup_temp_files' completed in 8231s
2025-01-01 14:56:53 [INFO    ] New session created — session_id=4381
2025-01-01 14:57:03 [WARNING ] Retry attempt 1312 of 3 for downstream service call
2025-01-01 14:57:13 [ERROR   ] File not found: /var/data/report_724.csv
2025-01-01 14:57:20 [INFO    ] Database connection pool size: 5014/20
2025-01-01 14:57:22 [DEBUG   ] Cache miss for key='user_profile_2530' — fetching from DB
2025-01-01 14:57:32 [INFO    ] Cache hit ratio at 1165% for the last 60 seconds
2025-01-01 14:57:41 [INFO    ] New session created — session_id=9185
2025-01-01 14:57:47 [ERROR   ] Authentication token expired for user_id=8419
2025-01-01 14:57:48 [INFO    ] User login successful for user_id=5831
2025-01-01 14:57:55 [CRITICAL] Primary database unreachable — all writes failing, queue depth: 8727
2025-01-01 14:57:59 [INFO    ] User login successful for user_id=4809
2025-01-01 14:58:08 [INFO    ] Config reloaded from disk — version=6585
2025-01-01 14:58:17 [WARNING ] Retry attempt 6283 of 3 for downstream service call
2025-01-01 14:58:26 [INFO    ] Config reloaded from disk — version=9946
2025-01-01 14:58:35 [CRITICAL] Security breach detected: 1395 failed login attempts from IP 10.0.1971.2108
2025-01-01 14:58:43 [INFO    ] Config reloaded from disk — version=4658
2025-01-01 14:58:50 [WARNING ] Memory usage at 4849MB — approaching soft limit of 512MB
2025-01-01 14:58:54 [INFO    ] Request processed in 6813ms — endpoint /api/v1/data
2025-01-01 14:58:58 [INFO    ] Database connection pool size: 590/20
2025-01-01 14:59:05 [INFO    ] Cache hit ratio at 4194% for the last 60 seconds
2025-01-01 14:59:14 [DEBUG   ] Checkpoint reached at loop iteration 7667
2025-01-01 14:59:20 [ERROR   ] File not found: /var/data/report_9899.csv
2025-01-01 14:59:26 [INFO    ] User login successful for user_id=5876
2025-01-01 14:59:28 [INFO    ] Config reloaded from disk — version=6941
2025-01-01 14:59:34 [WARNING ] Response time exceeded threshold: 7534ms (limit: 500ms)
2025-01-01 14:59:44 [INFO    ] New session created — session_id=7148
2025-01-01 14:59:54 [WARNING ] Deprecated API endpoint /v1/legacy called by client 4292
2025-01-01 15:00:00 [CRITICAL] SSL certificate expires in 304 hours — immediate action required
2025-01-01 15:00:08 [INFO    ] Database connection pool size: 3871/20
2025-01-01 15:00:13 [INFO    ] Cache hit ratio at 8828% for the last 60 seconds
2025-01-01 15:00:17 [INFO    ] User login successful for user_id=1663
2025-01-01 15:00:24 [DEBUG   ] Entering function process_batch() with batch_size=3791
2025-01-01 15:00:32 [WARNING ] Rate limit at 4851% for IP 192.168.7306.7115
2025-01-01 15:00:35 [INFO    ] Cache hit ratio at 5608% for the last 60 seconds
2025-01-01 15:00:41 [ERROR   ] NullPointerException in module payments.processor at line 7765
2025-01-01 15:00:43 [WARNING ] Response time exceeded threshold: 3432ms (limit: 500ms)
2025-01-01 15:00:47 [WARNING ] Rate limit at 6423% for IP 192.168.2339.8289
2025-01-01 15:00:52 [ERROR   ] Authentication token expired for user_id=5911
2025-01-01 15:01:00 [INFO    ] Cache hit ratio at 6605% for the last 60 seconds
2025-01-01 15:01:08 [ERROR   ] File not found: /var/data/report_6352.csv
2025-01-01 15:01:14 [WARNING ] Response time exceeded threshold: 371ms (limit: 500ms)
2025-01-01 15:01:23 [ERROR   ] File not found: /var/data/report_2632.csv
2025-01-01 15:01:29 [INFO    ] Config reloaded from disk — version=4281
2025-01-01 15:01:31 [INFO    ] New session created — session_id=2054
2025-01-01 15:01:37 [WARNING ] Rate limit at 1071% for IP 192.168.9377.5872
2025-01-01 15:01:45 [INFO    ] Scheduled job 'cleanup_temp_files' completed in 7063s
2025-01-01 15:01:46 [DEBUG   ] Checkpoint reached at loop iteration 2586
2025-01-01 15:01:55 [DEBUG   ] Entering function process_batch() with batch_size=7446
2025-01-01 15:01:57 [ERROR   ] Authentication token expired for user_id=6484
2025-01-01 15:02:00 [DEBUG   ] Serializing response object — 509 fields found
2025-01-01 15:02:10 [WARNING ] Disk usage at 5807% on volume /dev/sda1 — consider cleanup
2025-01-01 15:02:12 [INFO    ] Request processed in 9668ms — endpoint /api/v1/data
2025-01-01 15:02:17 [INFO    ] Database connection pool size: 2986/20
2025-01-01 15:02:18 [INFO    ] Config reloaded from disk — version=8222
2025-01-01 15:02:24 [INFO    ] Cache hit ratio at 9866% for the last 60 seconds
2025-01-01 15:02:30 [INFO    ] New session created — session_id=614
2025-01-01 15:02:34 [INFO    ] Request processed in 3909ms — endpoint /api/v1/data
2025-01-01 15:02:41 [INFO    ] Config reloaded from disk — version=1761
2025-01-01 15:02:42 [ERROR   ] NullPointerException in module payments.processor at line 3654
2025-01-01 15:02:47 [INFO    ] New session created — session_id=2331
2025-01-01 15:02:51 [INFO    ] Request processed in 1154ms — endpoint /api/v1/data
2025-01-01 15:02:56 [INFO    ] Cache hit ratio at 5967% for the last 60 seconds
2025-01-01 15:03:02 [WARNING ] Memory usage at 3082MB — approaching soft limit of 512MB
2025-01-01 15:03:05 [WARNING ] Rate limit at 1720% for IP 192.168.3329.4667
2025-01-01 15:03:10 [WARNING ] Retry attempt 4214 of 3 for downstream service call
2025-01-01 15:03:18 [ERROR   ] Authentication token expired for user_id=4125
2025-01-01 15:03:23 [INFO    ] User login successful for user_id=7655
2025-01-01 15:03:28 [INFO    ] Database connection pool size: 8397/20
2025-01-01 15:03:32 [ERROR   ] Authentication token expired for user_id=2966
2025-01-01 15:03:34 [INFO    ] Database connection pool size: 2372/20
2025-01-01 15:03:39 [WARNING ] Retry attempt 7190 of 3 for downstream service call
2025-01-01 15:03:40 [INFO    ] New session created — session_id=933
2025-01-01 15:03:45 [INFO    ] Request processed in 9520ms — endpoint /api/v1/data
2025-01-01 15:03:50 [DEBUG   ] Lock acquired on resource 'invoice_8043' by thread-4658
2025-01-01 15:04:00 [WARNING ] Response time exceeded threshold: 1778ms (limit: 500ms)
2025-01-01 15:04:05 [WARNING ] Deprecated API endpoint /v1/legacy called by client 9970
2025-01-01 15:04:07 [CRITICAL] Primary database unreachable — all writes failing, queue depth: 3009
2025-01-01 15:04:17 [INFO    ] Request processed in 3954ms — endpoint /api/v1/data
2025-01-01 15:04:18 [INFO    ] Config reloaded from disk — version=8020
2025-01-01 15:04:21 [INFO    ] New session created — session_id=6298
2025-01-01 15:04:28 [ERROR   ] Failed to connect to database after 5604 retries — giving up
2025-01-01 15:04:33 [WARNING ] Response time exceeded threshold: 1174ms (limit: 500ms)
2025-01-01 15:04:43 [DEBUG   ] Entering function process_batch() with batch_size=7178
2025-01-01 15:04:52 [INFO    ] Scheduled job 'cleanup_temp_files' completed in 6928s
2025-01-01 15:04:53 [DEBUG   ] Serializing response object — 14 fields found
2025-01-01 15:04:57 [INFO    ] Request processed in 8371ms — endpoint /api/v1/data
2025-01-01 15:04:58 [WARNING ] Deprecated API endpoint /v1/legacy called by client 126
2025-01-01 15:05:04 [DEBUG   ] Lock acquired on resource 'invoice_3793' by thread-5041
2025-01-01 15:05:14 [ERROR   ] File not found: /var/data/report_7946.csv
2025-01-01 15:05:15 [WARNING ] Disk usage at 4961% on volume /dev/sda1 — consider cleanup
2025-01-01 15:05:21 [WARNING ] Retry attempt 2211 of 3 for downstream service call
2025-01-01 15:05:27 [ERROR   ] NullPointerException in module payments.processor at line 755
2025-01-01 15:05:37 [WARNING ] Disk usage at 378% on volume /dev/sda1 — consider cleanup
2025-01-01 15:05:40 [CRITICAL] Data corruption detected in table 'transactions' at row 7113
2025-01-01 15:05:43 [DEBUG   ] Cache miss for key='user_profile_9290' — fetching from DB
2025-01-01 15:05:49 [INFO    ] Scheduled job 'cleanup_temp_files' completed in 5700s
2025-01-01 15:05:52 [INFO    ] New session created — session_id=5557
2025-01-01 15:05:55 [WARNING ] Deprecated API endpoint /v1/legacy called by client 2412
2025-01-01 15:06:05 [WARNING ] Rate limit at 9199% for IP 192.168.5425.2560
2025-01-01 15:06:06 [INFO    ] Request processed in 6194ms — endpoint /api/v1/data
2025-01-01 15:06:11 [INFO    ] User login successful for user_id=9196
2025-01-01 15:06:19 [INFO    ] Database connection pool size: 2115/20
2025-01-01 15:06:22 [INFO    ] Config reloaded from disk — version=1002
2025-01-01 15:06:31 [INFO    ] Request processed in 1896ms — endpoint /api/v1/data
2025-01-01 15:06:37 [WARNING ] Retry attempt 3289 of 3 for downstream service call
2025-01-01 15:06:38 [WARNING ] Deprecated API endpoint /v1/legacy called by client 6474
2025-01-01 15:06:47 [INFO    ] Database connection pool size: 6759/20
2025-01-01 15:06:50 [INFO    ] Database connection pool size: 5119/20
2025-01-01 15:06:57 [CRITICAL] Data corruption detected in table 'transactions' at row 1321
2025-01-01 15:07:00 [ERROR   ] Authentication token expired for user_id=9144
2025-01-01 15:07:01 [INFO    ] Scheduled job 'cleanup_temp_files' completed in 315s
2025-01-01 15:07:02 [INFO    ] Scheduled job 'cleanup_temp_files' completed in 4946s
2025-01-01 15:07:10 [DEBUG   ] Checkpoint reached at loop iteration 6307
2025-01-01 15:07:13 [WARNING ] Response time exceeded threshold: 6331ms (limit: 500ms)
2025-01-01 15:07:21 [INFO    ] Cache hit ratio at 7150% for the last 60 seconds
2025-01-01 15:07:25 [CRITICAL] Primary database unreachable — all writes failing, queue depth: 1978
2025-01-01 15:07:28 [CRITICAL] SSL certificate expires in 4713 hours — immediate action required
2025-01-01 15:07:31 [WARNING ] Memory usage at 3907MB — approaching soft limit of 512MB
2025-01-01 15:07:33 [INFO    ] Config reloaded from disk — version=7611
2025-01-01 15:07:39 [INFO    ] Scheduled job 'cleanup_temp_files' completed in 5883s
2025-01-01 15:07:42 [WARNING ] Deprecated API endpoint /v1/legacy called by client 3388
2025-01-01 15:07:46 [INFO    ] Database connection pool size: 1418/20
2025-01-01 15:07:51 [CRITICAL] Security breach detected: 6558 failed login attempts from IP 10.0.8711.5341
2025-01-01 15:07:59 [INFO    ] Cache hit ratio at 278% for the last 60 seconds
2025-01-01 15:08:02 [INFO    ] Request processed in 7750ms — endpoint /api/v1/data
2025-01-01 15:08:03 [ERROR   ] HTTP 500 returned for request_id=1403 — internal server error
2025-01-01 15:08:10 [ERROR   ] Authentication token expired for user_id=6190
2025-01-01 15:08:11 [INFO    ] Scheduled job 'cleanup_temp_files' completed in 7788s
2025-01-01 15:08:13 [DEBUG   ] Serializing response object — 6964 fields found
2025-01-01 15:08:19 [INFO    ] User login successful for user_id=5235
2025-01-01 15:08:28 [ERROR   ] HTTP 500 returned for request_id=129 — internal server error
2025-01-01 15:08:29 [ERROR   ] NullPointerException in module payments.processor at line 7599
2025-01-01 15:08:38 [WARNING ] Rate limit at 1659% for IP 192.168.4265.8233
2025-01-01 15:08:44 [WARNING ] Rate limit at 7962% for IP 192.168.2684.9264
2025-01-01 15:08:46 [DEBUG   ] SQL query executed: SELECT * FROM orders WHERE id=4920 (6409ms)
2025-01-01 15:08:49 [INFO    ] New session created — session_id=16
2025-01-01 15:08:50 [INFO    ] New session created — session_id=2187
2025-01-01 15:08:56 [INFO    ] New session created — session_id=5699
2025-01-01 15:09:04 [INFO    ] Request processed in 9390ms — endpoint /api/v1/data
2025-01-01 15:09:07 [INFO    ] Database connection pool size: 7914/20
2025-01-01 15:09:14 [INFO    ] User login successful for user_id=6137
2025-01-01 15:09:24 [WARNING ] Deprecated API endpoint /v1/legacy called by client 982
2025-01-01 15:09:30 [ERROR   ] HTTP 500 returned for request_id=983 — internal server error
2025-01-01 15:09:31 [INFO    ] New session created — session_id=7060
2025-01-01 15:09:39 [INFO    ] Scheduled job 'cleanup_temp_files' completed in 9059s
2025-01-01 15:09:44 [ERROR   ] Unhandled exception in worker thread-8816: IndexError
2025-01-01 15:09:54 [WARNING ] Disk usage at 8960% on volume /dev/sda1 — consider cleanup
2025-01-01 15:10:02 [INFO    ] Database connection pool size: 5723/20
2025-01-01 15:10:03 [WARNING ] Retry attempt 6225 of 3 for downstream service call
2025-01-01 15:10:09 [WARNING ] Rate limit at 5165% for IP 192.168.5108.2705
2025-01-01 15:10:10 [INFO    ] Request processed in 6738ms — endpoint /api/v1/data
2025-01-01 15:10:20 [INFO    ] Cache hit ratio at 9905% for the last 60 seconds
2025-01-01 15:10:30 [ERROR   ] Authentication token expired for user_id=739
2025-01-01 15:10:34 [WARNING ] Deprecated API endpoint /v1/legacy called by client 9987
2025-01-01 15:10:40 [WARNING ] Disk usage at 4780% on volume /dev/sda1 — consider cleanup
2025-01-01 15:10:48 [CRITICAL] SSL certificate expires in 1193 hours — immediate action required
2025-01-01 15:10:58 [ERROR   ] File not found: /var/data/report_9538.csv
2025-01-01 15:11:08 [DEBUG   ] Serializing response object — 736 fields found
2025-01-01 15:11:12 [INFO    ] Cache hit ratio at 9599% for the last 60 seconds
2025-01-01 15:11:17 [ERROR   ] HTTP 500 returned for request_id=4024 — internal server error
2025-01-01 15:11:21 [DEBUG   ] Serializing response object — 5518 fields found
2025-01-01 15:11:24 [INFO    ] Database connection pool size: 9315/20
2025-01-01 15:11:25 [WARNING ] Rate limit at 389% for IP 192.168.9968.9850
2025-01-01 15:11:34 [CRITICAL] Primary database unreachable — all writes failing, queue depth: 329
2025-01-01 15:11:42 [INFO    ] Scheduled job 'cleanup_temp_files' completed in 9183s
2025-01-01 15:11:44 [WARNING ] Rate limit at 7394% for IP 192.168.4665.5705
2025-01-01 15:11:53 [INFO    ] Scheduled job 'cleanup_temp_files' completed in 298s
2025-01-01 15:11:57 [INFO    ] Database connection pool size: 7466/20
2025-01-01 15:12:03 [INFO    ] User login successful for user_id=7566
2025-01-01 15:12:06 [DEBUG   ] Cache miss for key='user_profile_8814' — fetching from DB
2025-01-01 15:12:13 [INFO    ] Cache hit ratio at 4383% for the last 60 seconds
2025-01-01 15:12:20 [ERROR   ] File not found: /var/data/report_6641.csv
2025-01-01 15:12:29 [INFO    ] New session created — session_id=1680
2025-01-01 15:12:32 [INFO    ] Config reloaded from disk — version=9652
2025-01-01 15:12:36 [ERROR   ] File not found: /var/data/report_7241.csv
2025-01-01 15:12:38 [ERROR   ] File not found: /var/data/report_2257.csv
2025-01-01 15:12:40 [CRITICAL] Primary database unreachable — all writes failing, queue depth: 316
2025-01-01 15:12:41 [INFO    ] Scheduled job 'cleanup_temp_files' completed in 7401s
2025-01-01 15:12:49 [DEBUG   ] Entering function process_batch() with batch_size=3598
2025-01-01 15:12:57 [INFO    ] New session created — session_id=771
2025-01-01 15:12:58 [WARNING ] Retry attempt 2390 of 3 for downstream service call
2025-01-01 15:13:02 [INFO    ] Database connection pool size: 8325/20
2025-01-01 15:13:11 [INFO    ] User login successful for user_id=9463
2025-01-01 15:13:16 [WARNING ] Rate limit at 6112% for IP 192.168.7198.8896
2025-01-01 15:13:21 [DEBUG   ] Lock acquired on resource 'invoice_9259' by thread-5419
2025-01-01 15:13:26 [INFO    ] Cache hit ratio at 6092% for the last 60 seconds
2025-01-01 15:13:29 [WARNING ] Disk usage at 5422% on volume /dev/sda1 — consider cleanup
